customer_id,total_value,first_order_date,second_order_date,days_to_second_order,repeat_30d_flag,second_order_bucket
2,5685.76,2025-11-19,2025-12-29,40,0,31-60 days
18,4191.9,2025-05-19,null,null,0,No Repeat
32,4603.31,2025-08-14,null,null,0,No Repeat
33,2338.06,2025-11-06,null,null,0,No Repeat
39,6817.88,2025-08-21,2026-02-23,186,0,90+ days
41,3757.47,2025-08-10,2026-01-10,153,0,90+ days
42,8530.26,2025-04-09,2025-05-26,47,0,31-60 days
44,2993.16,2025-03-22,2026-01-19,303,0,90+ days
50,9022.65,2025-06-05,2025-10-21,138,0,90+ days
65,3130.89,2025-07-16,null,null,0,No Repeat
83,12885.2,2025-05-08,2025-05-30,22,1,8-30 days
92,8091.5,2025-08-02,2026-02-28,210,0,90+ days
116,5234.7,2025-07-03,2025-12-01,151,0,90+ days
119,6169.88,2025-04-26,2025-11-01,189,0,90+ days
144,1860.32,2025-03-09,null,null,0,No Repeat
149,209.42,2025-04-25,null,null,0,No Repeat
150,2172.48,2025-09-10,null,null,0,No Repeat
155,1087.41,2026-02-02,null,null,0,No Repeat
184,5905.54,2025-03-26,2025-07-04,100,0,90+ days
186,5569.34,2025-03-29,2025-06-09,72,0,61-90 days
190,3275.07,2025-05-25,2025-10-20,148,0,90+ days
196,2597.07,2025-10-23,null,null,0,No Repeat
198,4535.09,2025-09-20,null,null,0,No Repeat
199,7522.79,2025-08-03,2025-10-15,73,0,61-90 days
221,3708.25,2025-09-15,null,null,0,No Repeat
223,535.24,2025-04-16,null,null,0,No Repeat
228,3387.35,2025-04-12,2025-10-26,197,0,90+ days
235,1857.61,2025-10-04,null,null,0,No Repeat
238,3192.06,2025-12-07,null,null,0,No Repeat
242,9801.12,2025-09-16,2025-09-20,4,1,0-7 days
246,6194.6,2025-03-11,2025-05-08,58,0,31-60 days
248,4808.24,2025-06-30,2025-07-03,3,1,0-7 days
251,4001.21,2025-12-11,null,null,0,No Repeat
265,2928.95,2026-01-15,null,null,0,No Repeat
269,4825.23,2025-03-09,2025-06-23,106,0,90+ days
273,1327.63,2025-07-17,null,null,0,No Repeat
285,12380.66,2025-03-09,2025-05-01,53,0,31-60 days
287,11876.91,2025-08-13,2025-09-18,36,0,31-60 days
290,13331.74,2025-05-09,2025-08-18,101,0,90+ days
297,1175.17,2025-10-29,null,null,0,No Repeat
300,2345.26,2025-06-03,2025-06-10,7,1,0-7 days
301,4703.98,2026-01-29,null,null,0,No Repeat
303,4554.98,2025-08-18,null,null,0,No Repeat
308,2897.6,2025-07-31,null,null,0,No Repeat
312,8093.38,2025-03-27,2025-07-26,121,0,90+ days
315,4374.77,2025-03-15,null,null,0,No Repeat
320,3508.15,2025-12-02,null,null,0,No Repeat
336,5333.95,2025-05-06,2025-11-01,179,0,90+ days
337,4536.64,2025-07-05,null,null,0,No Repeat
340,5502.17,2025-03-09,2025-12-10,276,0,90+ days
347,4061.5,2025-07-18,2026-01-12,178,0,90+ days
355,4274.32,2025-05-27,2026-01-10,228,0,90+ days
357,1933.26,2025-07-17,null,null,0,No Repeat
358,12067.73,2025-05-09,2025-07-09,61,0,61-90 days
359,3318.57,2025-09-25,null,null,0,No Repeat
363,496.4,2025-04-28,null,null,0,No Repeat
364,6861.11,2025-12-07,2025-12-31,24,1,8-30 days
367,2986.07,2025-05-25,null,null,0,No Repeat
368,2542.15,2025-08-02,null,null,0,No Repeat
370,5313.23,2025-04-02,2025-11-18,230,0,90+ days
380,7430.93,2025-04-30,2025-08-05,97,0,90+ days
381,5761.41,2025-07-11,2025-09-28,79,0,61-90 days
384,13665.96,2025-05-10,2025-08-25,107,0,90+ days
395,2297.55,2025-11-22,null,null,0,No Repeat
409,7949.12,2026-02-09,2026-02-12,3,1,0-7 days
410,4821.24,2025-07-12,2025-07-27,15,1,8-30 days
431,3251.13,2025-10-04,null,null,0,No Repeat
433,7849.6,2025-05-17,2025-06-28,42,0,31-60 days
443,2501.05,2025-10-26,null,null,0,No Repeat
471,7048.49,2025-03-19,2025-10-05,200,0,90+ days
474,1969.04,2025-07-06,null,null,0,No Repeat
477,5255.01,2025-08-24,2025-11-21,89,0,61-90 days
480,7303.09,2025-07-15,2025-07-31,16,1,8-30 days
484,3626.42,2025-03-31,2025-04-21,21,1,8-30 days
488,4416.65,2025-10-29,null,null,0,No Repeat
495,2185.49,2025-10-21,null,null,0,No Repeat
508,6631.33,2025-09-16,2026-01-10,116,0,90+ days
513,7580.1,2025-08-23,2026-02-05,166,0,90+ days
516,7649.53,2025-09-06,2025-12-30,115,0,90+ days
518,3534.73,2025-09-18,null,null,0,No Repeat
525,5243.95,2025-06-02,2025-11-07,158,0,90+ days
532,475.94,2025-11-17,null,null,0,No Repeat
536,12088.61,2025-03-08,2025-04-10,33,0,31-60 days
542,280.51,2025-11-24,null,null,0,No Repeat
543,5662.08,2025-03-05,2025-09-04,183,0,90+ days
555,7479.45,2025-05-03,2026-02-10,283,0,90+ days
558,5978.96,2025-03-13,2025-04-26,44,0,31-60 days
562,8240.52,2025-04-06,2025-05-06,30,1,8-30 days
567,1201.45,2025-07-13,null,null,0,No Repeat
569,5641.39,2025-05-14,2025-06-28,45,0,31-60 days
580,449.15,2025-12-13,null,null,0,No Repeat
588,7442.52,2025-05-10,2025-12-19,223,0,90+ days
605,10094.5,2025-03-07,2025-08-27,173,0,90+ days
624,3026.75,2025-05-09,2025-07-17,69,0,61-90 days
629,4636.08,2025-11-25,2026-02-20,87,0,61-90 days
634,5616.9,2025-07-07,2025-09-10,65,0,61-90 days
645,1134.19,2025-10-14,null,null,0,No Repeat
653,968.06,2025-10-24,null,null,0,No Repeat
658,1084.27,2025-04-11,null,null,0,No Repeat
664,1633.79,2025-12-06,null,null,0,No Repeat
665,9020.23,2025-05-12,2025-06-03,22,1,8-30 days
672,3320.83,2025-04-11,2025-07-23,103,0,90+ days
679,4310.19,2025-09-17,null,null,0,No Repeat
687,2592.19,2025-06-01,null,null,0,No Repeat
697,4500.25,2025-06-02,null,null,0,No Repeat
711,7344.28,2025-04-12,2026-02-14,308,0,90+ days
718,2498.31,2025-04-10,null,null,0,No Repeat
723,9109.59,2025-10-15,2025-12-30,76,0,61-90 days
725,7061.79,2025-03-17,2025-07-03,108,0,90+ days
739,6004.26,2025-03-06,2025-08-26,173,0,90+ days
750,15276.09,2025-05-05,2025-06-28,54,0,31-60 days
753,11203.29,2025-05-04,2025-05-28,24,1,8-30 days
754,2760.14,2025-03-16,null,null,0,No Repeat
757,7705.73,2025-09-01,2025-09-28,27,1,8-30 days
759,4628.99,2025-04-28,2025-08-02,96,0,90+ days
768,2527.89,2025-10-20,null,null,0,No Repeat
777,2303.43,2025-05-13,null,null,0,No Repeat
783,3853.71,2025-05-08,2025-05-21,13,1,8-30 days
785,1649.05,2025-07-04,null,null,0,No Repeat
791,7007.18,2025-04-28,2025-09-13,138,0,90+ days
795,9054.51,2025-05-17,2025-08-07,82,0,61-90 days
798,2416.78,2025-05-21,2025-10-05,137,0,90+ days
805,1968.11,2025-08-06,null,null,0,No Repeat
806,3540.56,2025-08-25,null,null,0,No Repeat
813,2733.99,2025-10-19,null,null,0,No Repeat
814,6288.31,2025-05-24,2025-09-12,111,0,90+ days
837,7156.72,2025-04-02,2025-09-02,153,0,90+ days
849,2534.31,2025-05-29,null,null,0,No Repeat
863,12204.78,2025-03-04,2025-04-03,30,1,8-30 days
866,5747.74,2025-08-27,2025-10-17,51,0,31-60 days
879,5547.98,2025-05-19,2025-06-22,34,0,31-60 days
880,3447.26,2025-09-16,null,null,0,No Repeat
882,3180.07,2025-06-26,2025-08-29,64,0,61-90 days
894,3823.69,2025-04-18,2025-11-03,199,0,90+ days
896,3530.31,2025-08-18,null,null,0,No Repeat
905,2485.88,2025-03-25,null,null,0,No Repeat
908,4400.53,2025-04-04,null,null,0,No Repeat
918,15194.72,2025-03-10,2025-05-17,68,0,61-90 days
936,4597.43,2025-05-12,null,null,0,No Repeat
939,9180.77,2025-04-20,2025-08-01,103,0,90+ days
954,1242.05,2025-08-20,null,null,0,No Repeat
956,2172.35,2026-02-12,null,null,0,No Repeat
964,12430.19,2025-04-17,2025-08-21,126,0,90+ days
967,3612.12,2025-04-20,2025-12-04,228,0,90+ days
969,4968.51,2025-03-25,null,null,0,No Repeat
977,3000.37,2025-04-30,null,null,0,No Repeat
996,6150.32,2025-05-02,2025-06-22,51,0,31-60 days
997,5254.15,2025-06-23,2026-01-12,203,0,90+ days
999,5396.51,2025-03-09,2025-08-03,147,0,90+ days
1003,16665.99,2025-05-21,2025-07-15,55,0,31-60 days
1026,3685.4,2025-11-01,null,null,0,No Repeat
1031,814.57,2025-12-17,null,null,0,No Repeat
1032,7673.14,2025-08-06,2025-10-14,69,0,61-90 days
1047,4728.8,2025-06-04,2025-10-27,145,0,90+ days
1055,1593.97,2026-02-09,null,null,0,No Repeat
1060,1969.72,2026-01-03,null,null,0,No Repeat
1061,8104,2025-08-20,2025-09-08,19,1,8-30 days
1065,9263.56,2025-04-09,2025-07-05,87,0,61-90 days
1075,5835.83,2025-05-24,2025-08-11,79,0,61-90 days
1085,4214.62,2025-04-28,2026-01-13,260,0,90+ days
1094,10925.03,2025-07-27,2025-10-18,83,0,61-90 days
1096,9177.86,2025-07-24,2025-08-07,14,1,8-30 days
1097,6542.25,2025-04-10,2025-05-18,38,0,31-60 days
1098,7783.65,2025-07-01,2026-01-20,203,0,90+ days
1099,1325.28,2025-11-28,null,null,0,No Repeat
1108,1566.77,2025-12-24,null,null,0,No Repeat
1113,9696.83,2025-09-28,2025-10-18,20,1,8-30 days
1119,5856.24,2025-07-30,2026-01-18,172,0,90+ days
1134,3900.21,2025-05-19,null,null,0,No Repeat
1159,4671.99,2025-05-28,null,null,0,No Repeat
1173,5491.38,2025-03-26,2025-07-11,107,0,90+ days
1178,5145.32,2025-10-25,2025-10-25,0,1,0-7 days
1180,6527.21,2025-03-06,2025-05-19,74,0,61-90 days
1183,4279.52,2025-08-08,null,null,0,No Repeat
1184,1526.6,2025-11-29,null,null,0,No Repeat
1190,6259.73,2025-09-21,2026-02-03,135,0,90+ days
1191,4509.38,2025-10-06,null,null,0,No Repeat
1192,7075.4,2025-09-30,2025-10-08,8,1,8-30 days
1193,6107.34,2025-05-15,2025-10-09,147,0,90+ days
1196,6625.32,2025-04-20,2025-05-11,21,1,8-30 days
1212,7360.86,2025-07-09,2025-10-16,99,0,90+ days
1215,705.62,2025-06-28,null,null,0,No Repeat
1239,2664.33,2026-02-21,null,null,0,No Repeat
1249,921.48,2025-09-02,null,null,0,No Repeat
1268,1655.28,2025-12-11,null,null,0,No Repeat
1275,20699.65,2025-03-08,2025-04-01,24,1,8-30 days
1293,6138.79,2025-06-03,2025-08-30,88,0,61-90 days
1299,2993.89,2025-10-03,null,null,0,No Repeat
1303,8021.14,2025-06-06,2025-11-30,177,0,90+ days
1313,14618.04,2025-03-13,2025-04-22,40,0,31-60 days
1319,4656.88,2026-02-05,null,null,0,No Repeat
1323,3907.27,2025-10-15,2025-12-09,55,0,31-60 days
1327,6501.53,2025-03-10,2025-11-05,240,0,90+ days
1333,4435.64,2025-10-10,2025-10-26,16,1,8-30 days
1341,2504.42,2025-08-06,2025-09-28,53,0,31-60 days
1344,6623.72,2025-04-19,2026-01-02,258,0,90+ days
1352,2537.74,2025-09-10,2025-12-13,94,0,90+ days
1355,2094.72,2025-10-09,null,null,0,No Repeat
1374,1623.05,2025-03-26,null,null,0,No Repeat
1377,6591.9,2025-03-08,2025-05-05,58,0,31-60 days
1378,2709.09,2025-10-12,null,null,0,No Repeat
1380,2640.19,2026-01-30,null,null,0,No Repeat
1385,1305.08,2025-06-16,null,null,0,No Repeat
1387,3356.37,2025-08-17,2025-10-07,51,0,31-60 days
1391,1392.2,2025-06-18,null,null,0,No Repeat
1396,9549.36,2025-03-25,2025-06-11,78,0,61-90 days
1403,7803.72,2025-03-19,2025-07-30,133,0,90+ days
1409,2634.39,2025-12-13,null,null,0,No Repeat
1415,6340.73,2025-05-23,2026-02-26,279,0,90+ days
1420,5149.25,2025-04-28,2026-01-31,278,0,90+ days
1421,1773.03,2025-06-23,2025-10-06,105,0,90+ days
1422,3058.31,2025-10-30,2026-02-23,116,0,90+ days
1423,2810.52,2025-06-26,null,null,0,No Repeat
1434,5644.46,2025-05-01,2025-11-08,191,0,90+ days
1442,3433.8,2026-02-26,null,null,0,No Repeat
1444,9894.02,2025-03-03,2025-04-30,58,0,31-60 days
1452,4680.49,2026-01-19,2026-01-19,0,1,0-7 days
1455,1723.16,2025-11-24,2025-12-23,29,1,8-30 days
1456,1261.15,2025-06-21,null,null,0,No Repeat
1459,3582.86,2025-03-04,2025-05-04,61,0,61-90 days
1466,4101.68,2025-04-16,2025-05-12,26,1,8-30 days
1469,12365.15,2025-09-02,2025-09-08,6,1,0-7 days
1477,621.15,2025-11-05,null,null,0,No Repeat
1478,6341.37,2025-03-14,2025-08-04,143,0,90+ days
1480,1058.96,2025-11-10,null,null,0,No Repeat
1483,1587.64,2026-02-06,null,null,0,No Repeat
1487,4298.81,2025-11-15,null,null,0,No Repeat
1489,1513.44,2025-11-10,null,null,0,No Repeat
1493,1313.28,2025-09-12,null,null,0,No Repeat
1495,5589.51,2025-05-24,2025-06-10,17,1,8-30 days
1507,5657.99,2025-04-04,2025-11-25,235,0,90+ days
1511,7678,2025-05-05,2025-10-23,171,0,90+ days
1515,4081.5,2026-02-16,null,null,0,No Repeat
1516,7170.25,2025-11-10,2026-01-23,74,0,61-90 days
1519,2309.65,2025-09-16,null,null,0,No Repeat
1534,6559.95,2025-06-23,2025-11-12,142,0,90+ days
1541,6421.09,2025-11-06,2025-11-24,18,1,8-30 days
1548,3706.19,2025-11-22,2026-01-03,42,0,31-60 days
1557,217.83,2025-09-22,null,null,0,No Repeat
1560,12216.2,2025-07-09,2025-09-02,55,0,31-60 days
1562,1353.26,2025-10-01,2025-10-01,0,1,0-7 days
1576,928.89,2025-04-09,null,null,0,No Repeat
1580,1508.49,2025-10-20,null,null,0,No Repeat
1592,4137.75,2025-07-08,2025-08-18,41,0,31-60 days
1595,753.55,2025-03-28,null,null,0,No Repeat
1597,3155.66,2025-08-13,null,null,0,No Repeat
1598,2648.03,2025-04-09,2025-08-27,140,0,90+ days
1601,1071.83,2025-09-05,null,null,0,No Repeat
1605,4639.12,2025-07-10,null,null,0,No Repeat
1614,12183.45,2025-03-20,2025-03-28,8,1,8-30 days
1615,940.78,2025-11-10,null,null,0,No Repeat
1621,2691.76,2025-03-22,null,null,0,No Repeat
1623,7017.81,2025-06-01,2026-01-03,216,0,90+ days
1632,5386,2025-06-24,2026-02-01,222,0,90+ days
1633,1483.31,2025-06-26,null,null,0,No Repeat
1638,4583.78,2025-07-21,null,null,0,No Repeat
1640,2328.23,2025-08-20,2025-10-23,64,0,61-90 days
1651,543.07,2025-08-18,null,null,0,No Repeat
1653,2891.21,2025-03-28,null,null,0,No Repeat
1654,13956.63,2025-03-01,2025-09-15,198,0,90+ days
1668,564.79,2025-05-28,null,null,0,No Repeat
1679,1761.21,2025-07-27,null,null,0,No Repeat
1682,8763.6,2025-03-10,2025-03-26,16,1,8-30 days
1683,6533.59,2025-10-14,2025-10-27,13,1,8-30 days
1684,13242.08,2025-04-06,2025-05-21,45,0,31-60 days
1692,4072.71,2025-07-10,null,null,0,No Repeat
1699,7254.73,2025-06-11,2025-07-27,46,0,31-60 days
1700,5364.55,2025-11-15,2025-12-15,30,1,8-30 days
1705,9254.51,2025-04-20,2025-12-04,228,0,90+ days
1706,9136.97,2025-03-05,2025-05-19,75,0,61-90 days
1711,8541.2,2025-06-01,2026-01-21,234,0,90+ days
1723,6009.48,2025-05-07,2025-07-24,78,0,61-90 days
1732,9643.6,2025-06-15,2025-07-11,26,1,8-30 days
1754,3663.49,2026-02-10,null,null,0,No Repeat
1757,9477.24,2025-03-17,2025-04-04,18,1,8-30 days
1772,3281.97,2025-05-18,null,null,0,No Repeat
1787,7900.61,2025-07-11,2025-08-01,21,1,8-30 days
1789,6002.6,2025-03-06,2025-10-01,209,0,90+ days
1797,7607.62,2025-11-17,2026-01-29,73,0,61-90 days
1798,383.99,2025-12-20,null,null,0,No Repeat
1801,7298.62,2025-06-06,2025-08-31,86,0,61-90 days
1809,3515.88,2025-09-05,2025-10-19,44,0,31-60 days
1811,2981.62,2025-06-10,2025-08-15,66,0,61-90 days
1812,2444.56,2025-07-05,null,null,0,No Repeat
1814,4606.18,2025-09-11,null,null,0,No Repeat
1826,15369.07,2025-05-29,2025-09-09,103,0,90+ days
1827,8564.61,2025-10-09,2026-01-12,95,0,90+ days
1836,5646.42,2025-05-04,2025-06-29,56,0,31-60 days
1837,2015.04,2025-08-02,null,null,0,No Repeat
1839,4999.95,2025-06-24,2025-12-24,183,0,90+ days
1841,2561.71,2025-03-02,null,null,0,No Repeat
1849,7245.97,2025-07-09,2025-12-28,172,0,90+ days
1854,3761.7,2025-10-12,2025-10-27,15,1,8-30 days
1859,4497.87,2025-05-13,2025-07-26,74,0,61-90 days
1860,1186,2025-05-28,null,null,0,No Repeat
1861,2572.92,2025-06-13,null,null,0,No Repeat
1863,636.78,2025-07-15,null,null,0,No Repeat
1872,6909.24,2025-05-26,2025-06-30,35,0,31-60 days
1877,4745.88,2025-08-13,2025-10-31,79,0,61-90 days
1878,7266.7,2025-07-29,2025-12-03,127,0,90+ days
1879,2274.68,2025-03-21,null,null,0,No Repeat
1887,7811.34,2025-06-28,2025-11-28,153,0,90+ days
1891,4092,2025-04-01,2025-09-01,153,0,90+ days
1894,3388.7,2025-04-04,null,null,0,No Repeat
1909,11613.89,2025-08-12,2025-09-09,28,1,8-30 days
1910,2761.06,2025-09-13,null,null,0,No Repeat
1911,4201.69,2025-04-19,null,null,0,No Repeat
1920,1109.16,2025-08-14,null,null,0,No Repeat
1923,897.73,2025-04-03,2025-12-31,272,0,90+ days
1927,1908.82,2025-11-28,null,null,0,No Repeat
1933,2689.74,2025-08-13,2025-10-24,72,0,61-90 days
1941,14522.61,2025-06-14,2026-01-19,219,0,90+ days
1950,3180.94,2025-11-10,null,null,0,No Repeat
1951,1363.74,2025-06-12,null,null,0,No Repeat
1972,7770.41,2025-04-14,2025-11-25,225,0,90+ days
1983,1049.65,2025-12-30,null,null,0,No Repeat
1988,15983.6,2025-04-25,2025-09-28,156,0,90+ days
2007,401.64,2025-05-08,null,null,0,No Repeat
2011,7371.64,2025-05-15,2025-09-22,130,0,90+ days
2019,937.11,2025-05-01,null,null,0,No Repeat
2034,2526.93,2025-10-30,null,null,0,No Repeat
2035,8673.64,2025-04-29,2025-05-26,27,1,8-30 days
2039,1602.33,2025-03-14,null,null,0,No Repeat
2041,4809.99,2025-04-21,null,null,0,No Repeat
2042,7466.87,2025-12-29,2026-01-13,15,1,8-30 days
2043,9528.8,2025-06-08,2025-12-11,186,0,90+ days
2047,3985.9,2025-05-11,null,null,0,No Repeat
2048,12701.88,2025-04-25,2025-05-17,22,1,8-30 days
2067,7057.38,2025-09-26,2025-10-05,9,1,8-30 days
2071,2586.79,2025-06-22,2025-07-24,32,0,31-60 days
2075,9514.38,2025-07-27,2025-09-13,48,0,31-60 days
2079,2680.81,2025-05-25,2025-12-08,197,0,90+ days
2092,6429.63,2025-07-27,2026-02-24,212,0,90+ days
2095,4777.46,2025-08-03,2025-12-01,120,0,90+ days
2106,613.99,2025-11-03,null,null,0,No Repeat
2107,3360.44,2025-04-09,null,null,0,No Repeat
2110,2176.77,2025-12-31,null,null,0,No Repeat
2122,6672.09,2025-10-20,2025-11-11,22,1,8-30 days
2131,1239.24,2025-08-23,null,null,0,No Repeat
2135,3811.86,2025-10-25,null,null,0,No Repeat
2137,3514.46,2025-05-27,null,null,0,No Repeat
2144,2255.48,2026-01-19,null,null,0,No Repeat
2146,10565.82,2025-03-22,2025-04-26,35,0,31-60 days
2151,843.09,2026-01-03,null,null,0,No Repeat
2155,1892.62,2026-02-23,null,null,0,No Repeat
2163,3049.98,2026-01-24,null,null,0,No Repeat
2165,3895.84,2025-03-14,null,null,0,No Repeat
2173,2315.69,2025-12-22,null,null,0,No Repeat
2194,621.2,2025-12-19,null,null,0,No Repeat
2214,925.8,2025-09-24,null,null,0,No Repeat
2215,1848.85,2025-06-03,null,null,0,No Repeat
2226,515.27,2025-07-06,null,null,0,No Repeat
2228,3460.01,2025-10-07,2025-12-12,66,0,61-90 days
2233,9493.23,2025-06-10,2025-06-21,11,1,8-30 days
2238,1931.43,2025-03-20,null,null,0,No Repeat
2247,4581.04,2026-02-12,null,null,0,No Repeat
2253,4532.22,2025-05-06,2025-09-29,146,0,90+ days
2256,10446.23,2025-09-24,2025-11-10,47,0,31-60 days
2258,2475.22,2025-05-23,null,null,0,No Repeat
2265,6180.71,2025-06-02,2026-02-01,244,0,90+ days
2266,4982.61,2025-05-01,2025-09-30,152,0,90+ days
2267,4798.34,2025-09-16,2026-02-21,158,0,90+ days
2274,5504.73,2025-05-18,2025-07-03,46,0,31-60 days
2282,663.09,2025-11-09,null,null,0,No Repeat
2285,1035,2025-12-08,null,null,0,No Repeat
2286,992.17,2025-11-12,null,null,0,No Repeat
2287,2705.72,2025-06-11,2025-12-20,192,0,90+ days
2290,4567.83,2025-04-26,2025-12-30,248,0,90+ days
2304,8697.88,2025-06-11,2025-08-24,74,0,61-90 days
2306,4887.54,2025-09-02,null,null,0,No Repeat
2315,1841.77,2025-12-14,null,null,0,No Repeat
2326,4982.33,2025-06-12,null,null,0,No Repeat
2343,8538.86,2025-04-17,2025-05-27,40,0,31-60 days
2348,4990.1,2026-01-31,null,null,0,No Repeat
2357,6094.8,2025-04-11,2025-05-07,26,1,8-30 days
2359,12224.7,2025-09-09,2025-10-27,48,0,31-60 days
2361,998.44,2026-01-09,null,null,0,No Repeat
2366,3969.55,2025-03-13,2025-06-17,96,0,90+ days
2369,2022.45,2025-10-20,null,null,0,No Repeat
2388,11705.2,2025-05-22,2025-08-23,93,0,90+ days
2391,9157.33,2025-04-27,2025-08-07,102,0,90+ days
2401,7089.3,2025-05-02,2025-12-11,223,0,90+ days
2403,7939.54,2025-07-24,2026-01-20,180,0,90+ days
2406,6843.34,2025-03-26,2025-11-07,226,0,90+ days
2407,809.06,2025-07-29,null,null,0,No Repeat
2424,9582.25,2025-08-02,2025-08-13,11,1,8-30 days
2426,3898.26,2025-07-10,2026-01-24,198,0,90+ days
2431,6913.81,2025-08-09,2026-02-28,203,0,90+ days
2432,417.32,2025-04-07,null,null,0,No Repeat
2434,8764.63,2025-07-18,2025-10-03,77,0,61-90 days
2436,2037.81,2025-03-28,null,null,0,No Repeat
2459,2298.57,2025-08-28,null,null,0,No Repeat
2462,10765.88,2025-04-14,2026-01-09,270,0,90+ days
2475,3175.53,2025-12-22,2026-01-05,14,1,8-30 days
2482,3100.59,2025-05-07,null,null,0,No Repeat
2483,4606.93,2025-10-21,2026-02-25,127,0,90+ days
2485,315.81,2025-11-04,null,null,0,No Repeat
2499,11597.88,2025-07-06,2025-11-06,123,0,90+ days
2507,2638.25,2025-08-28,null,null,0,No Repeat
2510,7211.12,2025-11-03,2025-12-22,49,0,31-60 days
2517,3510,2025-05-03,null,null,0,No Repeat
2521,4036.15,2025-11-22,null,null,0,No Repeat
2524,5459.69,2025-07-15,2025-09-19,66,0,61-90 days
2525,2413.2,2025-04-12,null,null,0,No Repeat
2526,5867.56,2025-08-13,2025-11-01,80,0,61-90 days
2527,6867.27,2025-08-15,2026-02-23,192,0,90+ days
2530,12953.64,2025-06-17,2025-09-21,96,0,90+ days
2540,2771.53,2025-12-25,null,null,0,No Repeat
2542,5003.66,2025-04-25,2026-01-01,251,0,90+ days
2543,3724.51,2025-08-10,null,null,0,No Repeat
2546,1182.07,2026-02-04,null,null,0,No Repeat
2552,6385.61,2025-03-08,2025-06-12,96,0,90+ days
2557,4046.17,2025-07-02,null,null,0,No Repeat
2562,4983.25,2025-04-03,2025-08-18,137,0,90+ days
2567,2568.17,2025-04-02,null,null,0,No Repeat
2574,2151.25,2025-07-14,null,null,0,No Repeat
2575,2787.92,2026-01-26,null,null,0,No Repeat
2576,15740.99,2025-06-09,2025-06-12,3,1,0-7 days
2579,3482.89,2025-03-12,2025-09-12,184,0,90+ days
2581,4147.5,2026-02-01,2026-02-22,21,1,8-30 days
2583,4940.51,2025-10-22,null,null,0,No Repeat
2584,2010.82,2026-01-25,null,null,0,No Repeat
2598,3747.39,2025-12-15,null,null,0,No Repeat
2606,2942.83,2025-09-15,2025-09-28,13,1,8-30 days
2611,1784.14,2025-10-24,null,null,0,No Repeat
2627,5826.12,2025-10-24,2025-10-26,2,1,0-7 days
2634,10599.39,2025-04-10,2025-05-19,39,0,31-60 days
2638,8956.3,2025-03-22,2025-08-12,143,0,90+ days
2641,11919.92,2025-03-23,2025-05-25,63,0,61-90 days
2659,4957.11,2025-11-26,null,null,0,No Repeat
2662,12482.58,2025-04-03,2025-08-23,142,0,90+ days
2671,2415.3,2025-12-30,2026-01-06,7,1,0-7 days
2681,270.37,2025-09-18,null,null,0,No Repeat
2684,476.93,2025-06-05,null,null,0,No Repeat
2696,6933.66,2025-11-28,2025-11-29,1,1,0-7 days
2707,3166.28,2025-08-29,2026-01-02,126,0,90+ days
2712,13237.73,2025-07-30,2025-12-09,132,0,90+ days
2718,7941.82,2025-04-11,2025-07-15,95,0,90+ days
2720,4038.93,2025-07-18,2026-01-17,183,0,90+ days
2722,3616.7,2025-03-28,2025-08-18,143,0,90+ days
2724,2776.84,2025-12-25,null,null,0,No Repeat
2734,14185.32,2025-09-12,2025-09-13,1,1,0-7 days
2742,9108.73,2025-08-23,2025-10-30,68,0,61-90 days
2761,5708.88,2025-08-04,2025-08-19,15,1,8-30 days
2762,4145.2,2025-05-31,null,null,0,No Repeat
2773,11329.37,2025-03-29,2025-06-20,83,0,61-90 days
2777,880.16,2025-11-13,null,null,0,No Repeat
2780,4583.13,2025-11-09,2025-12-15,36,0,31-60 days
2787,4315.29,2025-03-19,null,null,0,No Repeat
2790,3015.49,2025-06-15,2025-09-22,99,0,90+ days
2791,8151.13,2025-12-10,2025-12-27,17,1,8-30 days
2795,2110.87,2025-06-06,2026-02-11,250,0,90+ days
2796,5150.8,2025-04-29,2025-05-21,22,1,8-30 days
2798,6112.3,2025-05-29,2025-07-30,62,0,61-90 days
2805,3703.33,2025-04-09,null,null,0,No Repeat
2819,6263.31,2025-03-23,2025-07-21,120,0,90+ days
2829,5841.71,2025-04-09,2025-07-03,85,0,61-90 days
2832,3002.3,2025-04-08,2025-06-03,56,0,31-60 days
2838,4380.25,2025-04-18,null,null,0,No Repeat
2844,10966.59,2025-06-01,2025-06-10,9,1,8-30 days
2851,2098.05,2025-06-09,null,null,0,No Repeat
2860,3386.36,2025-07-20,null,null,0,No Repeat
2869,682.88,2025-11-04,null,null,0,No Repeat
2870,5263.14,2025-03-07,2025-11-25,263,0,90+ days
2882,4496.19,2025-09-18,2025-09-30,12,1,8-30 days
2888,3468.56,2025-03-18,null,null,0,No Repeat
2900,4818.47,2025-07-23,null,null,0,No Repeat
2908,6153.53,2025-04-30,2025-09-21,144,0,90+ days
2934,2456.99,2025-04-20,null,null,0,No Repeat
2942,516.63,2025-12-14,null,null,0,No Repeat
2950,18473.58,2025-05-10,2025-05-29,19,1,8-30 days
2958,10149.14,2025-03-21,2025-08-05,137,0,90+ days
2959,5453.87,2025-03-26,2025-05-14,49,0,31-60 days
2964,11656.23,2025-05-11,2025-06-12,32,0,31-60 days
2970,7846.27,2025-04-05,2025-05-14,39,0,31-60 days
2981,5924.86,2025-07-11,2025-07-17,6,1,0-7 days
2989,5479.29,2025-03-13,2025-11-04,236,0,90+ days
2995,12584.68,2025-07-07,2025-07-12,5,1,0-7 days
3002,5377.52,2025-04-25,2025-10-06,164,0,90+ days
3009,4831.82,2025-10-26,2025-12-19,54,0,31-60 days
3010,2464.51,2026-02-20,null,null,0,No Repeat
3012,4060.25,2025-04-23,2025-10-30,190,0,90+ days
3020,4729.71,2025-05-08,null,null,0,No Repeat
3021,1039.55,2025-06-13,2025-11-16,156,0,90+ days
3028,6918.37,2025-05-25,2025-08-16,83,0,61-90 days
3030,12864.05,2025-06-10,2025-07-19,39,0,31-60 days
3032,563.78,2025-09-03,null,null,0,No Repeat
3033,8553.91,2025-06-10,2025-12-24,197,0,90+ days
3041,4527.54,2025-09-07,null,null,0,No Repeat
3042,597.82,2025-06-30,null,null,0,No Repeat
3043,1935.82,2025-06-09,null,null,0,No Repeat
3049,5141.83,2025-11-07,2026-01-01,55,0,31-60 days
3056,4077.9,2025-06-26,2025-09-18,84,0,61-90 days
3059,1738.24,2025-08-06,null,null,0,No Repeat
3062,4869.57,2025-12-29,null,null,0,No Repeat
3064,12132.83,2025-10-23,2025-12-17,55,0,31-60 days
3080,2222.32,2025-09-09,null,null,0,No Repeat
3081,2110.03,2025-07-16,null,null,0,No Repeat
3096,1947.42,2025-12-28,null,null,0,No Repeat
3098,5120.06,2025-10-20,2025-11-27,38,0,31-60 days
3101,2132.77,2025-06-27,null,null,0,No Repeat
3102,1964.04,2025-08-16,null,null,0,No Repeat
3107,9849.12,2025-03-02,2025-05-16,75,0,61-90 days
3120,5975.14,2025-03-04,2026-01-27,329,0,90+ days
3134,4882.3,2025-03-25,2025-09-18,177,0,90+ days
3135,225.6,2026-02-28,null,null,0,No Repeat
3136,7975.38,2025-12-09,2025-12-23,14,1,8-30 days
3140,8366.42,2025-03-26,2025-07-18,114,0,90+ days
3142,2337.38,2025-12-16,2026-01-28,43,0,31-60 days
3161,2038.41,2025-03-23,null,null,0,No Repeat
3162,4872.5,2025-06-27,2026-02-09,227,0,90+ days
3180,4164.07,2025-03-24,2025-05-05,42,0,31-60 days
3181,4400.27,2025-05-11,null,null,0,No Repeat
3182,4756.85,2025-07-01,2025-09-29,90,0,61-90 days
3187,3767.6,2025-11-21,2026-02-25,96,0,90+ days
3188,4107.74,2025-06-07,2025-07-12,35,0,31-60 days
3189,2706.72,2025-04-10,null,null,0,No Repeat
3192,1498.75,2025-04-09,null,null,0,No Repeat
3201,6727.8,2025-07-20,2025-10-15,87,0,61-90 days
3202,3223.43,2025-03-26,null,null,0,No Repeat
3206,9269.03,2025-03-15,2025-10-24,223,0,90+ days
3211,7721.11,2025-09-25,2025-09-28,3,1,0-7 days
3213,8465.84,2025-04-19,2025-05-29,40,0,31-60 days
3218,4601.85,2025-04-21,null,null,0,No Repeat
3221,949.7,2025-10-23,null,null,0,No Repeat
3222,3256.7,2025-11-07,null,null,0,No Repeat
3229,3528.27,2025-08-19,null,null,0,No Repeat
3237,6897.01,2025-04-23,2025-11-26,217,0,90+ days
3245,4126.57,2025-05-29,null,null,0,No Repeat
3258,1714.47,2025-09-14,null,null,0,No Repeat
3267,757.71,2025-06-18,null,null,0,No Repeat
3275,528.59,2025-06-13,null,null,0,No Repeat
3285,8962.77,2025-03-29,2025-09-12,167,0,90+ days
3292,3403.96,2025-06-16,2025-07-25,39,0,31-60 days
3296,6784.94,2025-06-11,2025-06-24,13,1,8-30 days
3301,7809.29,2025-03-08,2025-04-17,40,0,31-60 days
3304,3754.05,2026-02-23,null,null,0,No Repeat
3305,2718.82,2025-07-15,null,null,0,No Repeat
3312,6804.42,2025-09-01,2025-09-09,8,1,8-30 days
3313,2938.77,2026-01-27,null,null,0,No Repeat
3322,2270.66,2026-01-11,null,null,0,No Repeat
3332,6155.77,2025-03-21,2025-04-21,31,0,31-60 days
3334,536.28,2025-09-08,null,null,0,No Repeat
3341,3559.81,2025-07-21,2025-12-19,151,0,90+ days
3345,1253.08,2025-04-23,null,null,0,No Repeat
3359,4218.82,2025-05-07,null,null,0,No Repeat
3370,4206.85,2025-06-27,2025-12-23,179,0,90+ days
3378,9181.52,2025-03-18,2025-08-17,152,0,90+ days
3400,2249.75,2025-06-10,null,null,0,No Repeat
3404,4797.8,2025-05-25,2026-02-28,279,0,90+ days
3412,8265.92,2025-05-25,2025-07-13,49,0,31-60 days
3417,6163.06,2025-08-20,2026-02-15,179,0,90+ days
3423,4349.31,2025-10-21,2025-11-06,16,1,8-30 days
3430,4548.89,2025-04-28,2025-05-21,23,1,8-30 days
3437,1204.65,2025-12-14,2026-02-25,73,0,61-90 days
3448,2963.02,2025-10-13,null,null,0,No Repeat
3463,4345.35,2025-08-13,2025-11-08,87,0,61-90 days
3471,6077.82,2025-10-02,2025-11-01,30,1,8-30 days
3478,6581.75,2025-09-08,2025-09-19,11,1,8-30 days
3486,358.4,2025-10-25,null,null,0,No Repeat
3492,2268.44,2025-09-25,2025-09-26,1,1,0-7 days
3496,3637.12,2025-04-26,2025-07-16,81,0,61-90 days
3506,1860.88,2025-07-29,null,null,0,No Repeat
3510,2802.93,2025-08-31,null,null,0,No Repeat
3527,9502.08,2025-09-04,2025-10-12,38,0,31-60 days
3534,3408.11,2025-05-23,2025-10-12,142,0,90+ days
3542,3058.63,2026-02-20,null,null,0,No Repeat
3547,6462.62,2025-09-08,2025-12-03,86,0,61-90 days
3550,6550.16,2025-06-29,2026-01-31,216,0,90+ days
3556,1874.95,2025-05-20,null,null,0,No Repeat
3560,5245.84,2025-11-08,2025-11-11,3,1,0-7 days
3567,7432.54,2025-06-01,2025-11-25,177,0,90+ days
3569,6580.43,2025-03-11,2025-04-28,48,0,31-60 days
3575,9726.39,2025-03-15,2026-01-14,305,0,90+ days
3578,966.1,2026-02-17,null,null,0,No Repeat
3580,12643.78,2025-03-25,2025-04-16,22,1,8-30 days
3588,3818.27,2025-12-10,2026-01-16,37,0,31-60 days
3591,3458.99,2025-06-25,2025-07-10,15,1,8-30 days
3593,6032.88,2025-03-12,2025-10-29,231,0,90+ days
3594,1811.24,2025-07-12,null,null,0,No Repeat
3602,1079.25,2025-10-26,2025-12-29,64,0,61-90 days
3605,4677.61,2025-07-25,2025-10-17,84,0,61-90 days
3607,12585.11,2025-03-15,2025-04-22,38,0,31-60 days
3618,3007.36,2025-04-02,null,null,0,No Repeat
3643,1310.51,2025-09-09,null,null,0,No Repeat
3647,6149.58,2025-08-21,2025-11-19,90,0,61-90 days
3649,3482.77,2025-03-02,null,null,0,No Repeat
3650,404.95,2026-02-27,null,null,0,No Repeat
3655,4511.72,2025-03-29,2025-10-10,195,0,90+ days
3658,8994.27,2025-03-18,2025-04-13,26,1,8-30 days
3666,12397.34,2025-04-30,2025-05-21,21,1,8-30 days
3671,4083.47,2025-03-14,2025-11-07,238,0,90+ days
3672,3232.54,2025-03-11,2025-08-09,151,0,90+ days
3679,4899.06,2025-04-30,2025-09-14,137,0,90+ days
3683,4432.43,2025-09-02,null,null,0,No Repeat
3684,9199.91,2025-06-13,2025-06-21,8,1,8-30 days
3685,7966.96,2025-03-15,2026-01-06,297,0,90+ days
3689,4281.75,2025-10-28,2025-11-18,21,1,8-30 days
3691,4607.7,2025-10-01,2026-02-27,149,0,90+ days
3699,1265.42,2025-08-28,null,null,0,No Repeat
3700,7296.73,2025-08-18,2025-10-22,65,0,61-90 days
3703,4554.35,2025-03-25,2025-07-30,127,0,90+ days
3706,6235.52,2025-04-11,2025-05-06,25,1,8-30 days
3718,9961.28,2025-03-28,2025-05-16,49,0,31-60 days
3725,9719.94,2025-11-14,2026-01-01,48,0,31-60 days
3727,9605.26,2025-04-25,2025-09-07,135,0,90+ days
3730,2884.7,2025-04-22,2026-02-26,310,0,90+ days
3744,4877.54,2025-07-11,2025-07-27,16,1,8-30 days
3753,3988.66,2025-08-27,null,null,0,No Repeat
3756,3087.42,2025-06-18,null,null,0,No Repeat
3757,3909.88,2025-10-13,null,null,0,No Repeat
3761,8433.48,2025-11-26,2026-01-01,36,0,31-60 days
3770,2600.92,2026-01-07,null,null,0,No Repeat
3779,803.05,2025-10-18,null,null,0,No Repeat
3781,1665.81,2025-12-18,null,null,0,No Repeat
3787,2079.99,2025-08-18,null,null,0,No Repeat
3790,4978.15,2025-11-08,null,null,0,No Repeat
3791,9249.38,2025-10-21,2026-02-10,112,0,90+ days
3794,877.28,2025-09-29,null,null,0,No Repeat
3798,5897.33,2025-06-13,2025-10-03,112,0,90+ days
3807,1050.96,2026-02-18,null,null,0,No Repeat
3818,6260.32,2025-03-20,2025-11-02,227,0,90+ days
3823,11417.82,2025-04-17,2025-08-13,118,0,90+ days
3833,6362.77,2025-04-15,2026-01-15,275,0,90+ days
3844,5970.83,2025-05-31,2025-10-01,123,0,90+ days
3848,5831.71,2025-11-09,2025-11-17,8,1,8-30 days
3849,5905.82,2025-03-07,2025-03-23,16,1,8-30 days
3857,6405.13,2025-04-02,2025-11-03,215,0,90+ days
3872,1749.28,2025-06-19,null,null,0,No Repeat
3873,2494.25,2025-06-23,null,null,0,No Repeat
3874,7430.93,2025-07-07,2025-07-16,9,1,8-30 days
3892,6130.86,2025-08-09,2025-11-08,91,0,90+ days
3898,7121.97,2025-04-29,2025-07-07,69,0,61-90 days
3911,7690.63,2025-03-01,2025-06-14,105,0,90+ days
3919,9354.22,2025-04-03,2025-11-11,222,0,90+ days
3931,271.29,2026-02-12,null,null,0,No Repeat
3933,2946.15,2025-12-13,null,null,0,No Repeat
3944,5116.37,2025-04-17,2025-06-21,65,0,61-90 days
3956,7698.46,2025-06-26,2025-11-29,156,0,90+ days
3960,889.93,2025-05-05,2025-06-04,30,1,8-30 days
3962,2280.49,2025-10-31,null,null,0,No Repeat
3963,8818.92,2025-06-13,2025-10-07,116,0,90+ days
3971,5039.13,2025-06-23,2025-08-14,52,0,31-60 days
3982,3868.37,2025-06-28,null,null,0,No Repeat
3984,7509.69,2025-06-22,2025-12-24,185,0,90+ days
3990,10832.03,2025-09-13,2025-10-09,26,1,8-30 days
3991,3460.28,2025-08-07,2025-11-18,103,0,90+ days
3999,4848.13,2025-12-22,null,null,0,No Repeat
4001,3197.52,2026-02-23,null,null,0,No Repeat
4008,3743.17,2025-11-23,null,null,0,No Repeat
4014,2844.23,2025-04-29,2025-07-11,73,0,61-90 days
4015,3724.58,2025-06-12,null,null,0,No Repeat
4039,6170.82,2025-05-14,2025-08-01,79,0,61-90 days
4041,6522.88,2025-06-17,2025-08-28,72,0,61-90 days
4043,7183.69,2025-05-24,2025-07-11,48,0,31-60 days
4047,4599.37,2025-11-30,null,null,0,No Repeat
4048,7122.9,2025-04-23,2026-01-13,265,0,90+ days
4062,4665,2025-07-23,2026-01-05,166,0,90+ days
4084,9798.88,2025-09-08,2025-09-30,22,1,8-30 days
4087,13725.73,2025-03-10,2025-08-29,172,0,90+ days
4091,4705.83,2025-10-18,2025-12-10,53,0,31-60 days
4100,5863.94,2025-03-09,2025-03-15,6,1,0-7 days
4104,2852.25,2025-07-09,null,null,0,No Repeat
4108,6817.9,2025-03-28,2026-02-12,321,0,90+ days
4121,786.81,2025-05-23,null,null,0,No Repeat
4133,3965.67,2025-10-25,null,null,0,No Repeat
4136,5492.27,2025-07-11,2026-02-18,222,0,90+ days
4138,6284.83,2025-05-29,2026-01-29,245,0,90+ days
4139,6599.42,2025-06-03,2025-07-24,51,0,31-60 days
4141,5764.12,2025-04-08,2026-02-09,307,0,90+ days
4144,3414.52,2025-05-02,null,null,0,No Repeat
4146,1865.58,2026-01-04,null,null,0,No Repeat
4179,1940.21,2025-05-16,2025-10-07,144,0,90+ days
4185,1121.92,2025-04-15,null,null,0,No Repeat
4186,4346.12,2025-03-09,null,null,0,No Repeat
4192,843.41,2025-09-08,null,null,0,No Repeat
4202,11027.45,2025-03-25,2025-08-30,158,0,90+ days
4209,2434.22,2026-01-26,null,null,0,No Repeat
4211,2616.49,2025-03-07,null,null,0,No Repeat
4214,4204.6,2025-06-12,2025-07-07,25,1,8-30 days
4218,8866.45,2025-08-24,2025-12-24,122,0,90+ days
4223,13543.14,2025-05-16,2025-05-19,3,1,0-7 days
4226,1999.17,2025-03-30,null,null,0,No Repeat
4264,3186.22,2026-01-03,null,null,0,No Repeat
4277,5504.59,2025-07-24,2025-08-09,16,1,8-30 days
4279,12054.66,2025-05-06,2025-06-27,52,0,31-60 days
4280,851.85,2026-02-15,null,null,0,No Repeat
4288,4729.72,2025-07-18,null,null,0,No Repeat
4295,6921.11,2025-08-20,2025-09-29,40,0,31-60 days
4296,5836.82,2025-03-07,2025-12-08,276,0,90+ days
4297,2118.16,2025-03-15,null,null,0,No Repeat
4302,5042.78,2025-04-11,2025-10-06,178,0,90+ days
4309,5697.77,2025-07-26,2025-08-13,18,1,8-30 days
4311,4474.89,2025-12-20,null,null,0,No Repeat
4315,1479.29,2025-08-19,null,null,0,No Repeat
4334,2488.64,2025-03-15,null,null,0,No Repeat
4335,2506.95,2026-01-14,2026-02-22,39,0,31-60 days
4358,6562.21,2025-08-28,2025-09-17,20,1,8-30 days
4359,1372.61,2025-11-25,null,null,0,No Repeat
4361,6379.57,2025-04-15,2025-11-26,225,0,90+ days
4364,6106.55,2025-03-07,2025-04-17,41,0,31-60 days
4397,11748.39,2025-05-26,2025-07-15,50,0,31-60 days
4399,4718.57,2025-05-09,2025-11-02,177,0,90+ days
4400,2017.18,2025-11-02,2026-02-15,105,0,90+ days
4401,6793.09,2025-08-04,2025-10-25,82,0,61-90 days
4402,4639.75,2025-07-22,2025-10-10,80,0,61-90 days
4405,2160.83,2025-06-30,null,null,0,No Repeat
4429,11333.04,2025-04-02,2025-07-13,102,0,90+ days
4445,10138.97,2025-03-25,2025-06-27,94,0,90+ days
4446,3851.25,2025-07-17,2025-12-12,148,0,90+ days
4447,4987.12,2025-11-28,null,null,0,No Repeat
4456,1196.38,2025-03-03,2025-08-01,151,0,90+ days
4461,1644.88,2025-03-06,null,null,0,No Repeat
4462,7651.28,2025-12-02,2026-01-06,35,0,31-60 days
4469,4856.14,2025-06-16,2025-09-27,103,0,90+ days
4471,7133.31,2025-08-22,2025-11-13,83,0,61-90 days
4472,1715.93,2025-08-03,null,null,0,No Repeat
4478,2778.13,2026-01-19,null,null,0,No Repeat
4485,1614.79,2025-03-04,null,null,0,No Repeat
4497,9137.45,2025-03-02,2025-04-16,45,0,31-60 days
4501,3427.32,2025-03-11,null,null,0,No Repeat
4505,1095.94,2025-08-03,2026-02-03,184,0,90+ days
4506,8203.89,2025-04-29,2025-08-13,106,0,90+ days
4507,7936.34,2025-03-26,2025-10-16,204,0,90+ days
4509,12301.18,2025-06-18,2025-06-25,7,1,0-7 days
4517,4303.62,2026-01-25,null,null,0,No Repeat
4536,2554.86,2025-11-07,2026-02-05,90,0,61-90 days
4564,1488.53,2026-02-22,null,null,0,No Repeat
4577,5348.79,2025-06-17,2025-07-24,37,0,31-60 days
4579,2592.2,2025-12-06,null,null,0,No Repeat
4585,3669.26,2025-03-19,2025-07-19,122,0,90+ days
4599,8458.86,2026-01-10,2026-02-03,24,1,8-30 days
4614,1519.42,2025-03-11,null,null,0,No Repeat
4648,5896.88,2026-01-25,2026-02-19,25,1,8-30 days
4653,3756.11,2025-06-04,2025-11-05,154,0,90+ days
4655,3351.84,2025-08-30,null,null,0,No Repeat
4658,5988.72,2025-06-22,2025-10-16,116,0,90+ days
4663,6321.71,2025-04-11,2025-12-20,253,0,90+ days
4665,1781.5,2025-10-15,null,null,0,No Repeat
4666,9114.76,2025-05-02,2025-08-16,106,0,90+ days
4671,5491.82,2025-05-02,2025-08-13,103,0,90+ days
4672,1746.17,2025-03-05,2025-10-05,214,0,90+ days
4694,3076.74,2025-12-13,null,null,0,No Repeat
4709,1362.94,2025-12-03,null,null,0,No Repeat
4710,3313.16,2025-09-13,2026-02-15,155,0,90+ days
4717,3321.19,2025-10-10,null,null,0,No Repeat
4721,8231.26,2025-06-15,2025-08-05,51,0,31-60 days
4722,7967.63,2025-05-01,2025-05-02,1,1,0-7 days
4723,8123.15,2025-11-20,2025-12-30,40,0,31-60 days
4727,3293.15,2025-08-12,null,null,0,No Repeat
4733,7198.23,2025-03-15,2025-06-27,104,0,90+ days
4736,1465.69,2025-08-08,2025-11-29,113,0,90+ days
4745,3117.14,2025-06-03,2025-09-25,114,0,90+ days
4748,4449.38,2025-04-04,null,null,0,No Repeat
4761,1771.52,2025-08-22,2025-12-06,106,0,90+ days
4765,2269.5,2026-01-13,null,null,0,No Repeat
4772,2203.73,2025-05-12,null,null,0,No Repeat
4780,6300.66,2025-06-28,2025-07-30,32,0,31-60 days
4781,11650.13,2025-03-24,2025-04-06,13,1,8-30 days
4783,2970.01,2025-08-21,null,null,0,No Repeat
4785,3811.43,2025-12-29,null,null,0,No Repeat
4788,5536.55,2025-06-03,2025-08-27,85,0,61-90 days
4791,1536.39,2025-07-23,null,null,0,No Repeat
4793,1000.48,2025-11-10,null,null,0,No Repeat
4795,3612.51,2025-06-20,2025-10-11,113,0,90+ days
4796,6099.68,2025-09-26,2026-01-19,115,0,90+ days
4797,14144.96,2025-07-20,2025-09-19,61,0,61-90 days
4803,19771.45,2025-06-09,2025-06-16,7,1,0-7 days
4821,6669.41,2025-04-16,2025-07-21,96,0,90+ days
4824,905.04,2025-04-13,2025-10-05,175,0,90+ days
4826,8001.75,2025-06-15,2025-06-24,9,1,8-30 days
4830,3151.22,2025-05-01,2025-07-29,89,0,61-90 days
4837,289.54,2025-09-07,null,null,0,No Repeat
4847,2689.02,2025-12-19,2026-02-21,64,0,61-90 days
4850,3159.48,2025-10-10,null,null,0,No Repeat
4851,3866.5,2025-07-12,2025-09-29,79,0,61-90 days
4854,12748.83,2025-03-30,2025-04-13,14,1,8-30 days
4856,4865.68,2025-12-02,null,null,0,No Repeat
4859,2417.59,2025-09-26,null,null,0,No Repeat
4883,15874.47,2025-03-11,2025-05-07,57,0,31-60 days
4885,12320.5,2025-03-11,2025-05-11,61,0,61-90 days
4903,6245.27,2025-04-22,2025-05-25,33,0,31-60 days
4904,827.38,2025-10-30,null,null,0,No Repeat
4916,15517.48,2025-04-19,2025-05-12,23,1,8-30 days
4934,1580.4,2026-01-14,null,null,0,No Repeat
4952,290.91,2025-12-16,null,null,0,No Repeat
4962,4814.62,2025-11-02,null,null,0,No Repeat
4971,3654.65,2025-05-12,null,null,0,No Repeat
4975,3674.02,2025-03-01,null,null,0,No Repeat
4979,10707.59,2025-06-16,2025-06-20,4,1,0-7 days
4991,4129.71,2025-06-20,null,null,0,No Repeat
4999,1535.19,2025-04-10,2025-10-18,191,0,90+ days
5004,17034.97,2025-06-12,2025-08-15,64,0,61-90 days
5009,1109.86,2025-05-23,null,null,0,No Repeat
5011,12381.49,2025-08-11,2025-12-31,142,0,90+ days
5022,12299.85,2025-05-07,2025-05-14,7,1,0-7 days
5030,7054.33,2025-07-15,2025-08-23,39,0,31-60 days
5052,2235.33,2026-01-09,null,null,0,No Repeat
5060,334.26,2025-08-12,null,null,0,No Repeat
5061,13933.36,2025-06-12,2025-08-25,74,0,61-90 days
5064,8053.93,2025-12-05,2026-02-01,58,0,31-60 days
5071,3383.67,2025-06-07,2025-10-24,139,0,90+ days
5072,2236.38,2025-08-22,null,null,0,No Repeat
5073,6714.55,2025-04-03,2025-10-07,187,0,90+ days
5090,333.5,2025-11-04,null,null,0,No Repeat
5095,2004.53,2025-11-18,null,null,0,No Repeat
5104,641.44,2026-02-17,null,null,0,No Repeat
5116,1355.92,2025-03-13,null,null,0,No Repeat
5121,4753.7,2025-03-17,2026-01-17,306,0,90+ days
5135,5091.78,2025-06-27,2026-01-29,216,0,90+ days
5141,8535.72,2025-07-11,2025-12-03,145,0,90+ days
5148,2241.28,2025-04-09,null,null,0,No Repeat
5149,4182.48,2025-06-27,null,null,0,No Repeat
5152,1359.33,2025-10-04,null,null,0,No Repeat
5155,3889.43,2025-03-16,2025-05-16,61,0,61-90 days
5159,11593.88,2025-03-19,2025-09-05,170,0,90+ days
5168,8001.84,2025-03-20,2025-07-16,118,0,90+ days
5180,3628.57,2025-04-10,null,null,0,No Repeat
5188,245.3,2025-09-05,null,null,0,No Repeat
5192,1387.07,2026-02-26,null,null,0,No Repeat
5205,2105.59,2025-08-10,null,null,0,No Repeat
5212,2103.35,2026-01-31,null,null,0,No Repeat
5224,3395.49,2025-03-28,2026-02-22,331,0,90+ days
5227,5440.83,2025-05-07,2025-11-21,198,0,90+ days
5228,5512.23,2025-06-20,2026-02-09,234,0,90+ days
5239,2206.26,2025-03-02,null,null,0,No Repeat
5244,1268.08,2026-01-20,null,null,0,No Repeat
5245,2931.34,2025-08-06,2025-11-28,114,0,90+ days
5246,3334.05,2025-05-24,2025-07-13,50,0,31-60 days
5250,1946.07,2025-04-08,null,null,0,No Repeat
5252,4529.62,2025-11-15,null,null,0,No Repeat
5268,5109.38,2025-10-26,2026-01-05,71,0,61-90 days
5273,2349,2025-07-11,null,null,0,No Repeat
5284,3188.26,2025-08-06,null,null,0,No Repeat
5286,775.18,2025-07-01,null,null,0,No Repeat
5288,1443.73,2025-03-16,null,null,0,No Repeat
5291,3746.04,2025-06-20,2025-11-25,158,0,90+ days
5294,3933.32,2025-10-05,2026-02-20,138,0,90+ days
5317,2950.23,2026-02-02,null,null,0,No Repeat
5336,2873.69,2025-03-18,2025-06-14,88,0,61-90 days
5342,12994.35,2025-03-20,2025-09-05,169,0,90+ days
5352,7144.87,2025-05-25,2025-06-05,11,1,8-30 days
5362,7942.86,2025-10-09,2026-01-30,113,0,90+ days
5364,3626.5,2025-08-31,2025-11-03,64,0,61-90 days
5370,4785.5,2025-09-19,2025-11-29,71,0,61-90 days
5377,7371.94,2025-05-14,2025-11-25,195,0,90+ days
5378,4558.27,2025-06-29,2025-08-14,46,0,31-60 days
5379,808.2,2025-06-08,null,null,0,No Repeat
5383,2945.11,2025-06-23,2025-07-06,13,1,8-30 days
5384,2027.93,2025-07-29,null,null,0,No Repeat
5399,4158.65,2025-09-04,2025-11-06,63,0,61-90 days
5402,3033.66,2026-01-10,null,null,0,No Repeat
5403,1366.86,2026-02-25,null,null,0,No Repeat
5407,10079.33,2025-03-11,2025-10-05,208,0,90+ days
5410,3733.9,2025-12-26,null,null,0,No Repeat
5419,5051.31,2025-04-14,2025-06-26,73,0,61-90 days
5420,3819.98,2025-08-15,null,null,0,No Repeat
5425,11581.85,2025-05-27,2025-07-16,50,0,31-60 days
5432,4045.9,2026-02-07,null,null,0,No Repeat
5435,4296.38,2025-10-09,null,null,0,No Repeat
5436,10500.52,2025-09-23,2025-10-04,11,1,8-30 days
5459,7237.8,2025-04-04,2025-09-20,169,0,90+ days
5460,758.48,2025-04-29,null,null,0,No Repeat
5465,3164.69,2025-12-21,2025-12-30,9,1,8-30 days
5468,4168.09,2025-06-16,2025-08-08,53,0,31-60 days
5484,14140.01,2025-07-21,2025-12-08,140,0,90+ days
5488,340.12,2025-04-13,null,null,0,No Repeat
5490,3669.93,2025-08-02,2025-12-10,130,0,90+ days
5492,2493.05,2025-11-01,null,null,0,No Repeat
5500,8961.76,2025-06-24,2025-10-05,103,0,90+ days
5514,9217.62,2025-08-31,2026-01-24,146,0,90+ days
5517,1693.36,2025-03-29,null,null,0,No Repeat
5521,7748.16,2025-04-30,2025-08-04,96,0,90+ days
5526,4063.81,2025-07-16,null,null,0,No Repeat
5531,2270.12,2025-05-19,2025-07-18,60,0,31-60 days
5534,6393.05,2025-09-26,2025-10-09,13,1,8-30 days
5539,7731.67,2025-09-11,2025-10-08,27,1,8-30 days
5552,12687.95,2025-03-13,2025-05-24,72,0,61-90 days
5557,4380.42,2025-08-18,2025-12-12,116,0,90+ days
5559,1750.08,2025-10-10,null,null,0,No Repeat
5560,4672.04,2026-02-25,null,null,0,No Repeat
5573,2873.25,2025-10-30,2025-11-23,24,1,8-30 days
5600,13885.87,2025-03-08,2025-07-06,120,0,90+ days
5605,398.05,2025-11-25,null,null,0,No Repeat
5609,3472.04,2025-11-24,null,null,0,No Repeat
5617,4665.62,2025-03-11,2025-10-21,224,0,90+ days
5621,1741.86,2025-06-06,2025-09-15,101,0,90+ days
5627,8028.56,2025-03-03,2025-05-19,77,0,61-90 days
5631,4098.97,2025-07-13,2025-08-24,42,0,31-60 days
5651,6025.77,2025-03-28,2025-04-10,13,1,8-30 days
5653,3675.77,2025-06-11,null,null,0,No Repeat
5657,642.76,2025-03-23,null,null,0,No Repeat
5678,457.85,2025-09-18,null,null,0,No Repeat
5682,2550.89,2025-05-29,null,null,0,No Repeat
5688,11883.66,2025-06-28,2026-01-13,199,0,90+ days
5694,6541.04,2025-05-28,2025-10-14,139,0,90+ days
5707,1906.22,2025-11-18,2026-02-28,102,0,90+ days
5715,1380.36,2025-05-18,null,null,0,No Repeat
5729,3192.67,2025-07-04,null,null,0,No Repeat
5730,9905.47,2025-06-03,2025-12-03,183,0,90+ days
5732,2272.47,2025-10-04,2025-12-30,87,0,61-90 days
5738,6550.91,2025-12-31,2026-02-08,39,0,31-60 days
5749,5185.78,2025-05-12,2025-07-20,69,0,61-90 days
5753,10269.12,2025-09-15,2025-11-10,56,0,31-60 days
5768,1807.13,2025-04-13,null,null,0,No Repeat
5774,7555.97,2025-04-13,2025-05-01,18,1,8-30 days
5776,6510.76,2025-08-20,2025-10-08,49,0,31-60 days
5779,10603.02,2025-04-02,2025-04-03,1,1,0-7 days
5782,4346.67,2025-10-30,null,null,0,No Repeat
5785,4631.05,2025-07-01,2025-09-12,73,0,61-90 days
5787,4495.83,2025-08-14,2025-09-24,41,0,31-60 days
5791,4203.85,2025-06-13,2025-06-22,9,1,8-30 days
5794,2344.69,2026-02-13,null,null,0,No Repeat
5797,4432.66,2025-12-17,null,null,0,No Repeat
5802,8844.92,2025-08-31,2025-11-02,63,0,61-90 days
5806,4032.69,2025-04-14,null,null,0,No Repeat
5814,2637.3,2026-02-23,null,null,0,No Repeat
5847,8706.08,2025-07-12,2025-10-25,105,0,90+ days
5860,1382.36,2025-09-24,null,null,0,No Repeat
5861,1547.14,2025-09-04,null,null,0,No Repeat
5863,2655.89,2025-04-11,null,null,0,No Repeat
5864,1937.25,2025-11-06,null,null,0,No Repeat
5868,7501.01,2025-03-23,2025-05-27,65,0,61-90 days
5869,7414.78,2025-04-29,2025-10-14,168,0,90+ days
5870,5738.21,2025-03-17,2026-01-09,298,0,90+ days
5875,4575.45,2025-11-08,2026-01-28,81,0,61-90 days
5889,4464.78,2025-08-26,2025-12-26,122,0,90+ days
5899,7100.97,2025-08-17,2025-12-22,127,0,90+ days
5900,2231.94,2025-08-15,2026-01-06,144,0,90+ days
5904,4678.37,2025-05-13,2025-07-22,70,0,61-90 days
5905,2798.07,2025-09-08,null,null,0,No Repeat
5907,510.21,2025-03-03,null,null,0,No Repeat
5921,4741.1,2025-06-23,2025-10-02,101,0,90+ days
5923,629.86,2025-12-01,null,null,0,No Repeat
5925,755.04,2026-02-14,null,null,0,No Repeat
5949,8626.91,2025-03-05,2025-07-28,145,0,90+ days
5957,4133.27,2025-04-26,2025-07-09,74,0,61-90 days
5965,4107.72,2025-05-14,2026-01-05,236,0,90+ days
5968,1886.86,2025-10-17,2025-12-04,48,0,31-60 days
5969,10190.07,2025-03-22,2025-06-24,94,0,90+ days
5980,2278.19,2025-08-26,null,null,0,No Repeat
5981,7716.28,2025-04-25,2025-07-24,90,0,61-90 days
5986,2614.17,2025-03-03,2025-05-06,64,0,61-90 days
5993,8144.12,2025-06-05,2025-06-07,2,1,0-7 days
6009,5973.59,2025-05-30,2025-07-29,60,0,31-60 days
6012,987.66,2025-11-20,null,null,0,No Repeat
6014,3470.54,2025-08-28,2025-12-28,122,0,90+ days
6023,4399.91,2025-08-18,null,null,0,No Repeat
6031,5636.15,2025-03-26,2025-11-05,224,0,90+ days
6039,633.39,2025-03-14,null,null,0,No Repeat
6042,14399.64,2025-07-15,2025-08-10,26,1,8-30 days
6044,6321.31,2025-07-02,2025-12-07,158,0,90+ days
6062,11086.85,2025-03-06,2025-03-18,12,1,8-30 days
6066,846.84,2025-12-23,null,null,0,No Repeat
6074,2768.87,2025-08-21,null,null,0,No Repeat
6077,5659.4,2025-06-15,2026-01-07,206,0,90+ days
6080,5692.89,2025-07-25,2025-11-19,117,0,90+ days
6090,7771.88,2025-09-28,2025-10-23,25,1,8-30 days
6096,3377.36,2025-05-24,null,null,0,No Repeat
6099,5794.88,2025-05-28,2025-09-11,106,0,90+ days
6101,2092.61,2025-03-15,null,null,0,No Repeat
6112,6436.89,2025-04-11,2026-01-08,272,0,90+ days
6116,4876.19,2025-09-05,null,null,0,No Repeat
6122,1334.76,2025-05-03,2025-05-16,13,1,8-30 days
6124,7062.72,2025-12-07,2026-01-22,46,0,31-60 days
6130,332.04,2026-02-17,null,null,0,No Repeat
6131,3632.34,2025-05-17,2025-07-02,46,0,31-60 days
6140,3179.04,2025-03-18,null,null,0,No Repeat
6142,2785.05,2025-08-30,null,null,0,No Repeat
6166,2461.62,2026-01-29,null,null,0,No Repeat
6175,3247.6,2025-03-04,2025-06-18,106,0,90+ days
6184,3633.05,2025-06-28,2025-08-18,51,0,31-60 days
6187,6218.77,2025-03-13,2025-04-09,27,1,8-30 days
6198,7617.63,2025-04-10,2026-01-06,271,0,90+ days
6199,6887.97,2025-09-25,2025-10-28,33,0,31-60 days
6205,1321.92,2026-01-25,null,null,0,No Repeat
6212,2369.12,2025-10-02,null,null,0,No Repeat
6215,4977.63,2026-02-14,null,null,0,No Repeat
6217,4254.84,2025-11-21,2026-02-04,75,0,61-90 days
6227,3610.29,2025-05-09,null,null,0,No Repeat
6248,2910.71,2025-04-16,null,null,0,No Repeat
6251,1552.68,2025-06-08,null,null,0,No Repeat
6278,6440.72,2025-04-02,2026-02-16,320,0,90+ days
6301,14247.43,2025-03-27,2025-08-28,154,0,90+ days
6307,4377.34,2025-05-12,2025-07-21,70,0,61-90 days
6316,4693.01,2025-08-14,2025-12-05,113,0,90+ days
6320,3289.78,2025-12-19,null,null,0,No Repeat
6325,6723.01,2025-03-14,2025-04-16,33,0,31-60 days
6336,8601.82,2025-08-06,2025-11-12,98,0,90+ days
6340,7791.62,2025-05-27,2025-11-11,168,0,90+ days
6354,7696.73,2025-04-13,2025-11-08,209,0,90+ days
6355,750.98,2025-08-31,null,null,0,No Repeat
6359,2983.96,2025-11-24,null,null,0,No Repeat
6362,2643.15,2026-01-16,null,null,0,No Repeat
6372,7792.32,2025-12-17,2026-02-11,56,0,31-60 days
6383,8157.31,2025-05-14,2025-08-30,108,0,90+ days
6384,8014.96,2025-05-24,2025-11-29,189,0,90+ days
6385,6960.45,2025-08-18,2025-10-07,50,0,31-60 days
6386,12505.04,2025-07-02,2025-08-03,32,0,31-60 days
6389,3738.66,2026-01-21,null,null,0,No Repeat
6401,4158.95,2025-10-27,null,null,0,No Repeat
6412,2013.97,2025-07-12,null,null,0,No Repeat
6420,14368.14,2025-04-09,2025-05-05,26,1,8-30 days
6430,7049.28,2025-04-22,2025-06-23,62,0,61-90 days
6432,1698.97,2025-07-31,null,null,0,No Repeat
6458,2350.25,2025-11-19,null,null,0,No Repeat
6471,2597.06,2025-03-12,null,null,0,No Repeat
6474,6301.82,2025-03-02,2025-03-19,17,1,8-30 days
6483,3936.1,2025-05-18,2025-08-13,87,0,61-90 days
6490,18206.32,2025-04-12,2025-04-18,6,1,0-7 days
6491,8998.39,2025-04-03,2025-08-04,123,0,90+ days
6504,8638.97,2025-05-21,2025-10-19,151,0,90+ days
6510,2255.99,2026-02-15,null,null,0,No Repeat
6519,4517.58,2025-11-04,null,null,0,No Repeat
6521,3726.51,2025-10-03,2025-12-10,68,0,61-90 days
6537,4607.82,2025-04-30,2025-08-19,111,0,90+ days
6540,15531.77,2025-05-25,2025-07-15,51,0,31-60 days
6545,5378.4,2025-08-18,2026-02-12,178,0,90+ days
6556,2732.22,2025-07-24,2025-10-31,99,0,90+ days
6558,497.92,2025-05-20,null,null,0,No Repeat
6562,2599.13,2025-06-04,2025-09-06,94,0,90+ days
6569,3911.79,2025-07-13,2026-02-02,204,0,90+ days
6588,8116.56,2025-03-14,2025-12-31,292,0,90+ days
6589,4096.07,2025-10-31,2025-12-22,52,0,31-60 days
6599,280.31,2025-07-16,null,null,0,No Repeat
6605,7437.48,2025-11-21,2025-12-26,35,0,31-60 days
6608,4966.44,2025-08-24,2025-09-12,19,1,8-30 days
6618,6712.12,2025-07-02,2026-01-26,208,0,90+ days
6625,5105.28,2025-09-30,2025-12-27,88,0,61-90 days
6638,7235.27,2025-06-06,2026-02-11,250,0,90+ days
6640,3001.14,2026-02-15,2026-02-26,11,1,8-30 days
6643,4636.19,2025-12-12,null,null,0,No Repeat
6651,6222.5,2025-07-04,2025-09-29,87,0,61-90 days
6657,8423.65,2025-05-25,2026-02-04,255,0,90+ days
6658,10933.58,2025-06-05,2025-07-01,26,1,8-30 days
6661,617.05,2025-09-29,null,null,0,No Repeat
6672,4095.77,2025-04-01,2025-10-29,211,0,90+ days
6674,2294.18,2025-07-21,2025-07-26,5,1,0-7 days
6682,11283.38,2025-07-04,2025-09-01,59,0,31-60 days
6699,10184.43,2025-09-26,2026-02-03,130,0,90+ days
6703,12983.87,2025-06-24,2025-06-26,2,1,0-7 days
6711,2465.65,2025-12-22,null,null,0,No Repeat
6715,5913.96,2025-04-12,2025-08-17,127,0,90+ days
6723,8944.85,2025-05-18,2026-02-28,286,0,90+ days
6727,1704.24,2025-09-09,null,null,0,No Repeat
6735,3913.92,2025-08-12,2025-12-19,129,0,90+ days
6739,6313.96,2025-07-19,2026-01-19,184,0,90+ days
6746,1751.76,2025-08-29,null,null,0,No Repeat
6752,8474.62,2025-04-03,2025-07-07,95,0,90+ days
6759,1664.65,2025-08-18,2025-09-12,25,1,8-30 days
6761,384.79,2026-02-05,null,null,0,No Repeat
6783,4056.31,2025-10-11,null,null,0,No Repeat
6784,2587.6,2025-06-04,null,null,0,No Repeat
6785,2484.36,2026-02-01,null,null,0,No Repeat
6798,10060.99,2025-09-29,2025-12-26,88,0,61-90 days
6799,8107.71,2025-06-26,2026-02-28,247,0,90+ days
6802,5741.03,2025-03-05,2025-03-07,2,1,0-7 days
6804,6753.06,2025-10-08,2025-10-25,17,1,8-30 days
6809,4452.66,2025-03-13,2025-07-28,137,0,90+ days
6818,10326,2025-06-17,2025-08-04,48,0,31-60 days
6823,467.23,2025-07-24,null,null,0,No Repeat
6826,2198.19,2026-02-22,null,null,0,No Repeat
6831,980.02,2025-05-14,null,null,0,No Repeat
6835,949.56,2025-10-14,null,null,0,No Repeat
6841,12000.81,2025-04-08,2025-09-18,163,0,90+ days
6842,4655.24,2025-12-29,2026-01-15,17,1,8-30 days
6871,2951.41,2025-10-20,2025-12-07,48,0,31-60 days
6874,8682.09,2025-03-17,2025-09-03,170,0,90+ days
6878,2525.42,2025-07-07,2026-02-06,214,0,90+ days
6890,4292.52,2025-05-14,2025-07-08,55,0,31-60 days
6902,1172.45,2025-08-14,null,null,0,No Repeat
6908,14871.97,2025-05-15,2025-08-28,105,0,90+ days
6909,4326.52,2025-07-11,null,null,0,No Repeat
6917,8756.5,2025-07-20,2025-10-26,98,0,90+ days
6920,6906.05,2025-04-25,2026-02-26,307,0,90+ days
6927,5600.87,2025-03-22,2025-12-07,260,0,90+ days
6928,16768.09,2025-03-20,2025-10-20,214,0,90+ days
6945,840.43,2025-12-14,null,null,0,No Repeat
6953,5569.7,2025-08-09,2026-01-06,150,0,90+ days
6957,4367.27,2026-02-20,null,null,0,No Repeat
6972,3972.6,2025-11-25,null,null,0,No Repeat
6974,5015.47,2025-03-27,2025-06-12,77,0,61-90 days
6975,576.25,2026-02-07,null,null,0,No Repeat
6979,8666.35,2025-04-04,2025-05-09,35,0,31-60 days
6983,2468.9,2025-09-14,null,null,0,No Repeat
6987,8032.42,2025-06-01,2025-07-01,30,1,8-30 days
7000,4658.51,2025-05-18,2025-05-28,10,1,8-30 days
7004,4760.68,2025-03-18,null,null,0,No Repeat
7019,3780.83,2025-08-22,null,null,0,No Repeat
7026,4399.65,2026-01-31,null,null,0,No Repeat
7029,904,2025-09-14,null,null,0,No Repeat
7030,3616.4,2025-04-13,2025-10-14,184,0,90+ days
7036,4223.75,2025-04-17,2025-09-09,145,0,90+ days
7041,1332.38,2025-09-24,null,null,0,No Repeat
7047,11841.38,2025-09-16,2025-11-08,53,0,31-60 days
7053,5598.81,2026-01-01,2026-01-13,12,1,8-30 days
7057,12854.51,2025-03-06,2025-04-07,32,0,31-60 days
7075,5974.92,2025-03-16,2025-07-26,132,0,90+ days
7076,2867.63,2025-11-23,2025-12-13,20,1,8-30 days
7082,4140.35,2025-04-20,2026-01-06,261,0,90+ days
7083,7658.52,2025-10-18,2025-12-09,52,0,31-60 days
7087,4183.98,2025-06-22,2026-02-26,249,0,90+ days
7100,1664.28,2025-11-20,null,null,0,No Repeat
7102,4482.07,2026-01-20,null,null,0,No Repeat
7111,4938.29,2025-06-15,2025-12-01,169,0,90+ days
7116,826.91,2025-10-25,null,null,0,No Repeat
7140,232.01,2026-01-25,null,null,0,No Repeat
7145,3373.06,2025-07-04,null,null,0,No Repeat
7146,4925.99,2025-06-15,2025-12-05,173,0,90+ days
7148,8507.95,2025-04-18,2025-10-19,184,0,90+ days
7154,1460.85,2025-07-31,null,null,0,No Repeat
7161,9483.01,2025-08-16,2025-11-24,100,0,90+ days
7165,1884.04,2025-06-06,2025-11-07,154,0,90+ days
7170,5847.61,2025-04-23,2025-12-16,237,0,90+ days
7171,3199.29,2025-09-17,null,null,0,No Repeat
7174,2219.86,2025-03-02,2026-01-25,329,0,90+ days
7195,3107.47,2025-10-29,null,null,0,No Repeat
7205,968.95,2025-04-02,null,null,0,No Repeat
7207,8127,2025-10-04,2026-01-09,97,0,90+ days
7212,3825.33,2025-09-02,2026-02-22,173,0,90+ days
7215,4284.6,2025-03-09,2025-07-03,116,0,90+ days
7223,2543.37,2025-12-10,null,null,0,No Repeat
7229,696.69,2025-08-27,null,null,0,No Repeat
7245,1147.99,2025-06-14,2025-12-09,178,0,90+ days
7259,2155.77,2025-07-03,null,null,0,No Repeat
7268,5074.47,2025-05-22,2025-10-29,160,0,90+ days
7269,6681.47,2025-06-25,2025-09-28,95,0,90+ days
7282,7072.13,2025-03-26,2025-07-15,111,0,90+ days
7285,9129.01,2025-03-14,2025-04-28,45,0,31-60 days
7288,10790.74,2025-05-22,2025-06-09,18,1,8-30 days
7289,9788.78,2025-05-17,2025-09-16,122,0,90+ days
7290,6848.21,2025-10-03,2026-02-13,133,0,90+ days
7295,14251.88,2025-04-01,2025-11-30,243,0,90+ days
7313,2478.76,2025-04-16,null,null,0,No Repeat
7316,4573.82,2025-03-18,2025-11-29,256,0,90+ days
7318,7951.05,2025-03-17,2025-05-14,58,0,31-60 days
7322,538.16,2025-06-20,null,null,0,No Repeat
7328,8974.36,2025-03-30,2025-08-10,133,0,90+ days
7330,2462.18,2025-07-05,null,null,0,No Repeat
7346,11137.29,2025-08-13,2025-11-09,88,0,61-90 days
7362,932.09,2025-12-12,null,null,0,No Repeat
7365,1528.66,2025-12-02,2026-02-12,72,0,61-90 days
7373,12299.43,2025-04-19,2025-06-14,56,0,31-60 days
7374,8674.79,2025-09-24,2025-11-15,52,0,31-60 days
7375,8936.3,2025-05-01,2025-09-11,133,0,90+ days
7380,4440.39,2025-08-15,null,null,0,No Repeat
7381,450.61,2026-01-18,null,null,0,No Repeat
7383,3676.38,2025-07-29,null,null,0,No Repeat
7385,5866.28,2025-03-05,2026-02-09,341,0,90+ days
7395,5983.63,2025-06-06,2026-02-27,266,0,90+ days
7399,1922.72,2025-09-23,null,null,0,No Repeat
7400,7535.25,2025-05-01,2025-07-29,89,0,61-90 days
7402,3685.54,2025-09-25,null,null,0,No Repeat
7403,10541.19,2025-03-28,2025-10-25,211,0,90+ days
7404,6971.33,2025-03-11,2025-07-12,123,0,90+ days
7409,572.77,2025-09-21,null,null,0,No Repeat
7418,1928.77,2025-12-12,null,null,0,No Repeat
7421,473.38,2025-04-13,null,null,0,No Repeat
7428,2682.29,2025-04-21,null,null,0,No Repeat
7445,2962,2025-06-26,2025-09-02,68,0,61-90 days
7446,7632.58,2025-09-12,2025-11-30,79,0,61-90 days
7448,3155.94,2025-11-03,2026-02-23,112,0,90+ days
7451,7957.06,2025-08-13,2025-11-04,83,0,61-90 days
7452,14060.17,2025-03-20,2025-04-05,16,1,8-30 days
7453,8580.72,2025-08-14,2025-10-08,55,0,31-60 days
7455,7917.04,2025-12-19,2026-01-06,18,1,8-30 days
7462,3357.98,2025-11-01,2026-02-11,102,0,90+ days
7463,2384.67,2025-12-13,null,null,0,No Repeat
7479,1733.92,2025-09-01,null,null,0,No Repeat
7488,3726.52,2025-06-12,2025-09-22,102,0,90+ days
7489,5124.72,2025-03-09,2025-10-03,208,0,90+ days
7494,4120.11,2025-06-30,null,null,0,No Repeat
7505,6595.81,2025-06-28,2025-12-26,181,0,90+ days
7509,8042.11,2025-05-23,2025-06-17,25,1,8-30 days
7511,6570.33,2025-08-25,2025-09-13,19,1,8-30 days
7517,3577.26,2025-07-09,2025-10-06,89,0,61-90 days
7533,5206.99,2026-01-06,2026-01-17,11,1,8-30 days
7534,5824.82,2025-03-09,2025-03-11,2,1,0-7 days
7542,2025.35,2025-09-25,null,null,0,No Repeat
7569,7483.76,2025-08-30,2025-12-07,99,0,90+ days
7572,1256.48,2026-01-24,null,null,0,No Repeat
7581,7522.65,2025-04-30,2025-07-09,70,0,61-90 days
7592,3991.97,2025-08-30,null,null,0,No Repeat
7600,4838.12,2025-07-26,2025-11-18,115,0,90+ days
7607,502.23,2025-08-10,null,null,0,No Repeat
7622,4629,2025-07-13,null,null,0,No Repeat
7628,3393.81,2025-04-09,2025-09-16,160,0,90+ days
7629,4211.62,2025-12-06,null,null,0,No Repeat
7641,6796.6,2025-04-24,2025-09-21,150,0,90+ days
7644,9934,2025-06-26,2025-06-29,3,1,0-7 days
7649,5861.09,2025-05-26,2025-06-05,10,1,8-30 days
7650,4263.95,2025-11-18,null,null,0,No Repeat
7654,4458.16,2025-09-06,2025-10-01,25,1,8-30 days
7656,4137.36,2025-12-12,null,null,0,No Repeat
7675,4159.82,2025-12-03,null,null,0,No Repeat
7676,4577.86,2025-11-10,null,null,0,No Repeat
7687,4229.61,2025-04-20,2025-06-03,44,0,31-60 days
7694,9173.63,2025-04-29,2025-05-06,7,1,0-7 days
7701,989.03,2025-06-17,null,null,0,No Repeat
7707,6904.11,2025-09-14,2025-11-04,51,0,31-60 days
7720,490.48,2025-09-12,null,null,0,No Repeat
7722,9311.65,2025-08-07,2025-12-19,134,0,90+ days
7741,10175.71,2025-06-10,2025-06-28,18,1,8-30 days
7748,1937.08,2025-07-13,2026-02-19,221,0,90+ days
7751,980.64,2025-08-28,null,null,0,No Repeat
7753,3776.38,2025-10-23,null,null,0,No Repeat
7763,1414.43,2025-09-09,null,null,0,No Repeat
7766,3027.07,2025-04-22,2025-09-01,132,0,90+ days
7767,9692.97,2025-04-25,2025-08-03,100,0,90+ days
7778,11410.31,2025-06-08,2025-06-13,5,1,0-7 days
7779,22730.27,2025-03-07,2025-05-12,66,0,61-90 days
7780,5904.03,2025-06-12,2025-09-30,110,0,90+ days
7782,3906.11,2025-10-02,null,null,0,No Repeat
7783,6648.22,2025-06-05,2025-07-06,31,0,31-60 days
7794,4252.29,2026-02-25,null,null,0,No Repeat
7798,2513.82,2025-04-29,null,null,0,No Repeat
7801,4748.27,2025-09-20,null,null,0,No Repeat
7817,4811.53,2025-06-09,2025-09-18,101,0,90+ days
7826,4313.46,2025-06-09,2025-09-30,113,0,90+ days
7827,3620.77,2025-10-03,null,null,0,No Repeat
7829,5364.24,2025-04-16,2025-05-25,39,0,31-60 days
7830,4599.35,2025-06-19,2025-07-20,31,0,31-60 days
7859,4331.62,2025-04-19,null,null,0,No Repeat
7877,1532.76,2026-01-10,null,null,0,No Repeat
7879,4107.81,2025-04-18,2025-08-12,116,0,90+ days
7888,7615.43,2025-04-19,2025-08-09,112,0,90+ days
7905,8545.67,2025-03-03,2025-11-30,272,0,90+ days
7921,9973.46,2025-06-05,2025-11-18,166,0,90+ days
7930,4379.68,2025-08-24,2026-01-21,150,0,90+ days
7937,1265.62,2025-12-09,null,null,0,No Repeat
7941,4084.37,2025-11-20,2026-01-20,61,0,61-90 days
7947,3399.69,2025-12-22,2026-01-16,25,1,8-30 days
7957,2782.67,2026-01-10,2026-02-22,43,0,31-60 days
7963,8788.7,2025-05-25,2025-07-25,61,0,61-90 days
7965,854.32,2025-09-14,null,null,0,No Repeat
7970,3922.65,2025-06-15,2025-09-15,92,0,90+ days
7982,4471.67,2025-04-16,2025-07-03,78,0,61-90 days
7983,9756.7,2025-04-26,2025-06-18,53,0,31-60 days
7986,2683.81,2026-02-07,null,null,0,No Repeat
7997,927.41,2025-07-27,null,null,0,No Repeat
7998,8906.09,2025-04-12,2025-04-14,2,1,0-7 days
8002,6173.96,2025-07-18,2025-08-26,39,0,31-60 days
8022,6193.57,2025-08-27,2025-12-03,98,0,90+ days
8027,7668.43,2025-03-04,2025-12-01,272,0,90+ days
8031,4838.8,2025-04-04,2025-04-08,4,1,0-7 days
8035,9163.39,2025-03-14,2025-06-24,102,0,90+ days
8037,1096.73,2025-04-30,null,null,0,No Repeat
8042,875.59,2025-09-07,null,null,0,No Repeat
8046,10023.33,2025-03-21,2025-09-21,184,0,90+ days
8048,3906.71,2025-07-22,null,null,0,No Repeat
8050,4822.93,2025-03-18,2026-02-04,323,0,90+ days
8053,6379.39,2025-03-14,2025-04-21,38,0,31-60 days
8061,4160.67,2025-03-11,null,null,0,No Repeat
8070,4580.22,2025-06-22,2026-01-14,206,0,90+ days
8074,1941.79,2025-07-03,null,null,0,No Repeat
8077,4093.67,2025-09-09,null,null,0,No Repeat
8082,9936.34,2025-10-25,2025-12-09,45,0,31-60 days
8083,2439.63,2025-08-23,null,null,0,No Repeat
8085,3510.61,2025-06-09,2025-09-25,108,0,90+ days
8088,5347.81,2025-09-19,2025-12-31,103,0,90+ days
8089,10031.74,2025-09-13,2026-01-13,122,0,90+ days
8091,10606.2,2025-03-15,2025-08-13,151,0,90+ days
8105,1569.63,2025-03-09,2025-05-07,59,0,31-60 days
8110,10042.26,2025-03-13,2025-10-13,214,0,90+ days
8111,10205.56,2025-05-10,2025-08-22,104,0,90+ days
8118,3560.64,2025-06-07,null,null,0,No Repeat
8125,7696.91,2025-03-16,2025-10-02,200,0,90+ days
8128,1039.11,2025-06-23,null,null,0,No Repeat
8129,2626.94,2025-12-24,null,null,0,No Repeat
8137,15142.68,2025-03-10,2025-03-21,11,1,8-30 days
8142,11657.52,2025-07-26,2025-09-21,57,0,31-60 days
8144,2382.2,2025-04-09,null,null,0,No Repeat
8148,15756.55,2025-06-23,2025-06-23,0,1,0-7 days
8149,6595.77,2025-05-14,2025-07-27,74,0,61-90 days
8155,3146.38,2025-06-05,null,null,0,No Repeat
8156,7243.79,2025-04-26,2025-05-31,35,0,31-60 days
8163,4024.57,2026-02-17,null,null,0,No Repeat
8175,12773.14,2025-04-22,2025-07-11,80,0,61-90 days
8182,9105.11,2025-03-28,2025-04-30,33,0,31-60 days
8190,9137.9,2025-04-05,2025-08-07,124,0,90+ days
8195,3835.61,2025-10-20,2026-01-19,91,0,90+ days
8196,7193.13,2025-11-09,2026-02-13,96,0,90+ days
8197,2603.09,2025-03-21,2025-05-13,53,0,31-60 days
8202,6700.16,2025-05-01,2026-01-07,251,0,90+ days
8203,2479.18,2025-12-07,null,null,0,No Repeat
8211,9922.39,2025-08-27,2025-12-17,112,0,90+ days
8219,5750.97,2025-08-20,2026-02-13,177,0,90+ days
8223,2826.45,2025-03-25,null,null,0,No Repeat
8227,3315.04,2025-12-30,null,null,0,No Repeat
8239,2753.38,2025-09-04,null,null,0,No Repeat
8250,6291.79,2025-04-28,2025-05-20,22,1,8-30 days
8251,2388.85,2025-05-31,2025-11-12,165,0,90+ days
8256,7248.28,2025-03-01,2025-06-23,114,0,90+ days
8270,3410.42,2025-09-09,2025-10-01,22,1,8-30 days
8271,6512.28,2025-08-14,2026-01-12,151,0,90+ days
8283,4228.98,2025-05-28,null,null,0,No Repeat
8290,1779.03,2025-10-11,2025-11-25,45,0,31-60 days
8292,4784.89,2025-08-31,null,null,0,No Repeat
8296,4506.86,2025-07-17,null,null,0,No Repeat
8301,6926.91,2025-05-03,2026-01-20,262,0,90+ days
8305,5158.69,2025-07-14,2025-11-27,136,0,90+ days
8307,3554.18,2026-02-03,null,null,0,No Repeat
8316,13701.96,2025-05-09,2025-05-18,9,1,8-30 days
8317,897.14,2026-02-10,null,null,0,No Repeat
8321,10897.07,2025-04-30,2025-07-17,78,0,61-90 days
8323,8395.14,2025-03-24,2025-08-04,133,0,90+ days
8324,3011.13,2025-10-09,2026-02-18,132,0,90+ days
8342,5425.27,2026-01-26,2026-02-21,26,1,8-30 days
8345,14601.59,2025-04-23,2025-11-04,195,0,90+ days
8350,9794.82,2025-11-14,2025-12-05,21,1,8-30 days
8353,8058.57,2025-05-03,2025-08-05,94,0,90+ days
8354,3146.13,2025-11-22,null,null,0,No Repeat
8357,2040.38,2025-11-14,null,null,0,No Repeat
8359,5795.81,2025-03-05,2025-09-22,201,0,90+ days
8360,10234.5,2025-04-09,2025-05-31,52,0,31-60 days
8363,8232.83,2026-01-10,2026-01-11,1,1,0-7 days
8368,4995.08,2025-07-20,2025-12-05,138,0,90+ days
8393,1235.24,2025-07-31,null,null,0,No Repeat
8399,2636.67,2026-02-27,null,null,0,No Repeat
8400,5283.39,2025-03-21,2025-05-12,52,0,31-60 days
8407,3623.58,2025-04-14,2025-07-15,92,0,90+ days
8410,1998.78,2025-05-25,null,null,0,No Repeat
8424,536.6,2026-02-18,null,null,0,No Repeat
8432,2546.39,2025-05-04,null,null,0,No Repeat
8433,10942.49,2025-05-28,2025-08-28,92,0,90+ days
8437,4504.41,2025-04-12,2025-07-14,93,0,90+ days
8446,2636.75,2025-04-03,null,null,0,No Repeat
8451,4666.26,2025-04-25,null,null,0,No Repeat
8462,8889.95,2025-04-04,2025-10-07,186,0,90+ days
8465,6041.25,2025-09-11,2025-10-26,45,0,31-60 days
8467,2262.52,2025-08-23,2025-08-24,1,1,0-7 days
8483,2448.93,2025-05-02,null,null,0,No Repeat
8488,6849.15,2025-07-26,2025-08-10,15,1,8-30 days
8491,7493.54,2025-11-24,2026-02-17,85,0,61-90 days
8497,3443.52,2025-10-13,null,null,0,No Repeat
8514,6794.74,2025-10-11,2025-12-16,66,0,61-90 days
8522,3555.75,2025-04-23,2026-02-18,301,0,90+ days
8529,7237.55,2025-03-08,2025-03-17,9,1,8-30 days
8537,820.13,2025-06-20,null,null,0,No Repeat
8540,3540.59,2025-05-29,2025-06-13,15,1,8-30 days
8541,3681.23,2025-05-12,null,null,0,No Repeat
8555,7773.51,2025-04-20,2025-09-08,141,0,90+ days
8556,1331.91,2025-04-23,null,null,0,No Repeat
8559,2771.26,2025-03-20,2025-11-10,235,0,90+ days
8571,2059.34,2025-11-21,null,null,0,No Repeat
8578,3672.16,2025-04-14,null,null,0,No Repeat
8583,6004.77,2025-03-26,2025-04-01,6,1,0-7 days
8586,7379.1,2025-03-07,2025-06-10,95,0,90+ days
8587,3099.02,2025-04-05,null,null,0,No Repeat
8590,3817.88,2025-12-03,null,null,0,No Repeat
8591,11254.5,2025-03-16,2025-05-28,73,0,61-90 days
8595,3899.11,2025-09-21,2025-12-20,90,0,61-90 days
8602,2463.67,2025-03-17,null,null,0,No Repeat
8603,3530.57,2025-12-03,2026-01-02,30,1,8-30 days
8604,8445.79,2025-03-14,2025-05-14,61,0,61-90 days
8607,3119.71,2025-12-25,null,null,0,No Repeat
8608,3360.48,2025-04-20,null,null,0,No Repeat
8610,4946.74,2025-03-26,null,null,0,No Repeat
8626,1770.88,2025-04-24,null,null,0,No Repeat
8636,2261.1,2025-03-08,null,null,0,No Repeat
8638,7270.3,2025-04-30,2025-11-02,186,0,90+ days
8651,7908.1,2025-04-25,2025-10-31,189,0,90+ days
8658,6799.25,2025-03-19,2025-04-12,24,1,8-30 days
8660,4324.56,2025-06-03,2025-08-10,68,0,61-90 days
8664,4883.43,2025-06-26,2025-06-30,4,1,0-7 days
8671,3036.73,2025-06-27,null,null,0,No Repeat
8677,827.19,2025-08-12,null,null,0,No Repeat
8681,5269.06,2025-09-06,2026-01-27,143,0,90+ days
8689,12811.91,2025-03-12,2025-03-14,2,1,0-7 days
8695,2988.75,2025-05-27,null,null,0,No Repeat
8697,2518.51,2025-06-09,null,null,0,No Repeat
8702,5679.35,2025-04-23,2025-11-25,216,0,90+ days
8713,4311.15,2025-05-19,2025-06-25,37,0,31-60 days
8716,3594.83,2026-02-13,null,null,0,No Repeat
8718,4820.15,2025-11-29,null,null,0,No Repeat
8720,4624.8,2025-12-15,null,null,0,No Repeat
8724,13601.74,2025-03-13,2025-08-04,144,0,90+ days
8736,9773.68,2025-03-08,2026-01-03,301,0,90+ days
8738,7853.84,2025-03-21,2025-11-09,233,0,90+ days
8748,7202.64,2025-05-17,2025-06-05,19,1,8-30 days
8756,9295.59,2025-03-14,2025-04-22,39,0,31-60 days
8758,11804.38,2025-03-02,2025-07-12,132,0,90+ days
8781,4246.59,2025-07-08,2025-12-09,154,0,90+ days
8799,4159.26,2025-11-22,null,null,0,No Repeat
8803,5421.61,2025-09-14,2025-09-25,11,1,8-30 days
8804,3118.75,2025-04-28,2025-12-25,241,0,90+ days
8805,6099.35,2025-05-15,2025-09-07,115,0,90+ days
8815,4420.33,2025-08-13,2025-12-27,136,0,90+ days
8818,4453.23,2025-09-26,2025-11-15,50,0,31-60 days
8820,5416.92,2025-03-08,2025-08-29,174,0,90+ days
8831,5763.79,2025-05-03,2025-07-18,76,0,61-90 days
8837,7518.39,2025-04-14,2025-05-21,37,0,31-60 days
8840,8205.63,2025-03-18,2026-02-16,335,0,90+ days
8849,6217.05,2025-03-28,2025-07-11,105,0,90+ days
8851,10345.93,2025-05-16,2025-08-02,78,0,61-90 days
8854,1850.02,2025-06-01,2025-08-31,91,0,90+ days
8855,6624.89,2025-05-08,2025-09-24,139,0,90+ days
8861,3876.03,2025-08-09,2025-08-17,8,1,8-30 days
8866,5190.58,2025-06-01,2025-08-15,75,0,61-90 days
8870,9639.99,2025-09-25,2026-01-12,109,0,90+ days
8885,3608.96,2025-08-18,null,null,0,No Repeat
8893,5791.94,2025-11-22,2025-12-02,10,1,8-30 days
8907,787.99,2025-07-28,null,null,0,No Repeat
8910,4419.59,2025-06-01,2025-12-16,198,0,90+ days
8911,9859.84,2025-07-08,2025-10-28,112,0,90+ days
8914,4933.15,2025-04-01,2025-10-24,206,0,90+ days
8918,1203.67,2025-07-28,null,null,0,No Repeat
8920,5762.83,2025-04-18,2025-05-04,16,1,8-30 days
8950,8597.24,2025-07-24,2025-09-27,65,0,61-90 days
8965,8822.95,2025-05-27,2026-02-15,264,0,90+ days
8966,412.52,2025-06-07,null,null,0,No Repeat
8981,7123.03,2025-03-15,2025-04-06,22,1,8-30 days
8983,11174.8,2025-03-16,2025-03-19,3,1,0-7 days
8990,4812.17,2026-02-14,null,null,0,No Repeat
9006,2852.19,2025-09-18,2025-11-01,44,0,31-60 days
9012,4864.72,2025-07-31,2025-11-09,101,0,90+ days
9015,9509.23,2025-03-04,2025-05-06,63,0,61-90 days
9019,10138.71,2025-04-12,2025-05-27,45,0,31-60 days
9027,3198.72,2025-05-04,null,null,0,No Repeat
9034,3635.71,2025-09-01,null,null,0,No Repeat
9035,660.14,2026-02-13,null,null,0,No Repeat
9036,4225.26,2025-10-20,null,null,0,No Repeat
9037,4129.86,2025-06-06,2025-12-22,199,0,90+ days
9038,5014.61,2025-04-15,2025-10-16,184,0,90+ days
9043,6305.25,2025-05-04,2025-05-05,1,1,0-7 days
9046,2824.35,2025-04-01,null,null,0,No Repeat
9056,4703.53,2025-08-20,2025-10-10,51,0,31-60 days
9075,8166.69,2025-05-09,2026-01-24,260,0,90+ days
9079,3147.66,2025-09-13,2025-10-03,20,1,8-30 days
9080,2819.41,2025-05-10,null,null,0,No Repeat
9089,14571.23,2025-03-15,2025-05-22,68,0,61-90 days
9093,10692.39,2025-04-10,2025-10-27,200,0,90+ days
9096,5135.27,2025-06-16,2025-06-21,5,1,0-7 days
9119,8453.95,2025-04-01,2026-01-11,285,0,90+ days
9126,3996.4,2025-07-17,null,null,0,No Repeat
9131,2908.02,2025-09-10,null,null,0,No Repeat
9133,4144.66,2025-03-29,2025-12-02,248,0,90+ days
9136,2422.48,2025-09-24,2025-10-13,19,1,8-30 days
9138,13737.2,2025-03-15,2025-11-04,234,0,90+ days
9144,12175.59,2025-10-23,2025-10-27,4,1,0-7 days
9158,11455.45,2025-04-21,2025-05-25,34,0,31-60 days
9159,5385.57,2025-04-19,2025-12-21,246,0,90+ days
9166,4990.24,2025-03-30,2026-01-23,299,0,90+ days
9170,2984.72,2025-04-08,null,null,0,No Repeat
9179,4754.14,2025-03-07,2025-08-22,168,0,90+ days
9184,4177.2,2025-10-06,2026-02-27,144,0,90+ days
9190,3337.32,2025-03-23,2026-02-16,330,0,90+ days
9193,4798.17,2025-05-09,2025-09-20,134,0,90+ days
9199,8516.19,2025-03-16,2025-08-16,153,0,90+ days
9204,4750.88,2025-04-08,2025-12-24,260,0,90+ days
9212,1875.08,2025-05-07,2025-05-13,6,1,0-7 days
9214,4161.01,2025-03-15,2025-12-09,269,0,90+ days
9227,4895.58,2025-09-07,null,null,0,No Repeat
9230,12763.26,2025-03-31,2025-06-04,65,0,61-90 days
9235,11688.6,2025-04-24,2025-10-20,179,0,90+ days
9237,4253.98,2025-04-27,2026-01-10,258,0,90+ days
9240,1635.44,2025-12-22,null,null,0,No Repeat
9242,991.05,2026-01-30,null,null,0,No Repeat
9245,12880.87,2025-05-31,2025-10-05,127,0,90+ days
9253,9426.69,2026-02-03,2026-02-04,1,1,0-7 days
9255,3469.82,2025-09-13,null,null,0,No Repeat
9257,7394.47,2025-09-15,2026-02-04,142,0,90+ days
9262,368.08,2025-03-07,null,null,0,No Repeat
9267,10225.19,2025-03-17,2025-03-31,14,1,8-30 days
9269,2423.28,2025-08-24,null,null,0,No Repeat
9270,12950.49,2025-05-23,2025-07-09,47,0,31-60 days
9276,1838.47,2025-03-02,null,null,0,No Repeat
9279,13820.48,2025-03-25,2025-07-08,105,0,90+ days
9280,6559.6,2025-10-20,2025-11-30,41,0,31-60 days
9292,1480.47,2025-03-10,null,null,0,No Repeat
9294,6129.73,2025-03-04,2025-07-11,129,0,90+ days
9309,2515.43,2025-06-08,null,null,0,No Repeat
9312,4300.95,2025-04-28,2025-10-10,165,0,90+ days
9315,7586.71,2025-03-21,2025-04-14,24,1,8-30 days
9319,2635.27,2025-12-22,null,null,0,No Repeat
9331,3458.18,2025-12-07,null,null,0,No Repeat
9333,3579.87,2025-07-02,null,null,0,No Repeat
9334,4688.08,2025-12-22,null,null,0,No Repeat
9344,6672.19,2025-05-07,2025-08-07,92,0,90+ days
9352,2743.66,2025-03-17,null,null,0,No Repeat
9356,4602.04,2025-08-10,2026-02-17,191,0,90+ days
9357,4332.34,2025-09-16,2026-02-23,160,0,90+ days
9381,2771.43,2025-04-29,2025-05-14,15,1,8-30 days
9393,2085.68,2025-04-26,2025-12-17,235,0,90+ days
9394,2528.71,2025-07-29,null,null,0,No Repeat
9396,293.91,2025-09-30,null,null,0,No Repeat
9398,1751.7,2025-08-25,null,null,0,No Repeat
9402,4517.84,2025-05-29,2025-11-10,165,0,90+ days
9404,3719.08,2025-09-18,2025-11-07,50,0,31-60 days
9411,3027.41,2025-08-12,null,null,0,No Repeat
9414,5739.09,2025-08-15,2025-09-01,17,1,8-30 days
9422,14429.17,2025-07-05,2025-07-16,11,1,8-30 days
9436,3716.78,2026-01-17,null,null,0,No Repeat
9441,4015.36,2025-09-13,2026-01-19,128,0,90+ days
9443,1655.95,2025-06-20,null,null,0,No Repeat
9445,7911.35,2025-03-08,2026-02-07,336,0,90+ days
9446,6693.49,2025-03-18,2025-12-05,262,0,90+ days
9447,5351.26,2025-06-16,2026-02-02,231,0,90+ days
9451,3870.29,2025-11-05,null,null,0,No Repeat
9464,1636.04,2026-01-09,2026-02-24,46,0,31-60 days
9472,6181.95,2025-07-31,2025-11-09,101,0,90+ days
9486,5464.03,2025-07-01,2026-02-01,215,0,90+ days
9498,1491.52,2025-09-02,null,null,0,No Repeat
9508,925.23,2025-07-07,null,null,0,No Repeat
9510,7872.51,2025-07-12,2025-07-29,17,1,8-30 days
9512,4909.06,2025-06-23,2025-06-30,7,1,0-7 days
9515,3584.65,2026-02-12,null,null,0,No Repeat
9517,3423.84,2025-05-08,null,null,0,No Repeat
9526,2402.47,2025-05-15,null,null,0,No Repeat
9528,7543.44,2025-11-19,2025-12-08,19,1,8-30 days
9529,6781.67,2025-04-02,2025-06-14,73,0,61-90 days
9534,3942.11,2025-06-22,null,null,0,No Repeat
9538,499.04,2025-06-06,null,null,0,No Repeat
9540,8595.49,2025-05-26,2025-06-01,6,1,0-7 days
9543,3081.76,2026-02-10,null,null,0,No Repeat
9549,4863.36,2025-05-02,null,null,0,No Repeat
9580,5227.05,2025-08-17,2025-12-30,135,0,90+ days
9581,5922.08,2025-07-08,2026-01-11,187,0,90+ days
9584,4139.29,2025-09-06,null,null,0,No Repeat
9589,6842.31,2025-08-08,2025-09-09,32,0,31-60 days
9595,4966.19,2025-10-13,2025-11-12,30,1,8-30 days
9596,4818.46,2025-08-21,2025-10-07,47,0,31-60 days
9598,12848.27,2025-03-08,2025-07-12,126,0,90+ days
9599,1826.4,2025-05-21,2025-09-30,132,0,90+ days
9605,3240.62,2025-05-06,2025-07-25,80,0,61-90 days
9613,3136.94,2026-01-26,null,null,0,No Repeat
9623,3354.01,2025-11-28,null,null,0,No Repeat
9626,2223.65,2025-04-17,2025-06-21,65,0,61-90 days
9627,3500.92,2025-04-08,2025-06-23,76,0,61-90 days
9633,2353.35,2025-05-18,null,null,0,No Repeat
9641,8028.03,2025-10-11,2025-12-15,65,0,61-90 days
9654,4118.52,2025-12-02,null,null,0,No Repeat
9666,6446.21,2025-03-11,2026-01-26,321,0,90+ days
9684,8317.47,2025-06-01,2025-07-11,40,0,31-60 days
9685,4002.81,2025-05-15,2025-12-27,226,0,90+ days
9689,4234.8,2025-05-08,null,null,0,No Repeat
9698,6265.07,2025-03-14,2025-05-27,74,0,61-90 days
9700,4111.74,2025-04-04,2025-08-28,146,0,90+ days
9705,1083.6,2025-03-14,null,null,0,No Repeat
9707,3767.5,2025-09-27,null,null,0,No Repeat
9722,1701.21,2025-12-17,null,null,0,No Repeat
9729,5832.51,2026-01-16,2026-02-14,29,1,8-30 days
9738,6207.19,2025-06-16,2025-08-11,56,0,31-60 days
9739,1376.83,2026-02-06,null,null,0,No Repeat
9746,8653.51,2025-03-07,2025-05-28,82,0,61-90 days
9755,4723.5,2025-12-13,null,null,0,No Repeat
9760,1174.3,2025-04-14,null,null,0,No Repeat
9772,1156.89,2025-03-04,null,null,0,No Repeat
9779,5752.4,2025-03-14,2025-09-28,198,0,90+ days
9788,5723.95,2025-03-11,2025-12-16,280,0,90+ days
9790,10895.11,2025-08-18,2025-08-30,12,1,8-30 days
9799,863.53,2025-12-16,null,null,0,No Repeat
9801,7249.68,2025-03-10,2025-03-11,1,1,0-7 days
9806,4021.83,2025-03-06,2025-07-13,129,0,90+ days
9814,2959.71,2025-08-01,null,null,0,No Repeat
9839,777.21,2025-09-14,null,null,0,No Repeat
9840,3747.16,2025-03-12,2025-10-13,215,0,90+ days
9845,1910.81,2025-09-15,null,null,0,No Repeat
9846,3489.9,2025-07-11,2025-11-29,141,0,90+ days
9853,5297.05,2025-05-01,2025-05-16,15,1,8-30 days
9859,8673.78,2025-04-02,2025-07-07,96,0,90+ days
9881,4553.33,2025-09-20,2026-01-29,131,0,90+ days
9884,6549.76,2025-05-24,2025-07-23,60,0,31-60 days
9899,3740.81,2025-06-27,2025-08-02,36,0,31-60 days
9900,20792.51,2025-05-21,2025-06-05,15,1,8-30 days
9908,8344.9,2025-07-28,2026-02-02,189,0,90+ days
9911,3929.81,2025-09-22,null,null,0,No Repeat
9915,3745.77,2025-10-16,2026-02-02,109,0,90+ days
9917,3556.26,2025-09-15,null,null,0,No Repeat
9924,11122,2025-05-18,2025-06-12,25,1,8-30 days
9934,18285.32,2025-06-09,2025-06-16,7,1,0-7 days
9935,7570.31,2025-04-28,2025-07-21,84,0,61-90 days
9944,4858.99,2025-10-09,null,null,0,No Repeat
9954,3194.96,2026-02-14,null,null,0,No Repeat
9958,6781.68,2025-04-09,2025-05-09,30,1,8-30 days
9959,7415.29,2025-08-18,2025-08-27,9,1,8-30 days
9962,3919.79,2025-03-11,null,null,0,No Repeat
9970,4430.52,2025-05-14,2025-08-15,93,0,90+ days
9972,3869.09,2025-07-07,null,null,0,No Repeat
9973,5197.36,2025-12-02,2026-01-08,37,0,31-60 days
9981,528.25,2025-12-11,null,null,0,No Repeat
9986,2448.05,2026-02-11,null,null,0,No Repeat
9991,2552.51,2025-04-04,null,null,0,No Repeat
10004,11824.87,2025-03-27,2025-06-20,85,0,61-90 days
10007,2061.74,2025-03-31,2025-09-28,181,0,90+ days
10017,3137.94,2025-10-07,null,null,0,No Repeat
10031,3048.75,2025-12-14,2026-01-16,33,0,31-60 days
10034,10866.38,2025-04-23,2025-05-25,32,0,31-60 days
10039,3040.54,2025-07-01,null,null,0,No Repeat
10040,765.47,2025-11-21,null,null,0,No Repeat
10042,7173.02,2025-09-09,2025-10-12,33,0,31-60 days
10046,6495.21,2025-12-24,2026-01-24,31,0,31-60 days
10052,5677.23,2025-03-28,2025-07-07,101,0,90+ days
10062,464.42,2025-12-27,null,null,0,No Repeat
10077,3230.52,2026-02-07,null,null,0,No Repeat
10080,3418.88,2025-04-30,2025-06-22,53,0,31-60 days
10083,671.07,2025-09-30,null,null,0,No Repeat
10092,10088.52,2025-04-14,2025-06-03,50,0,31-60 days
10105,13517.99,2025-04-21,2025-09-18,150,0,90+ days
10108,7807.5,2025-03-05,2025-04-20,46,0,31-60 days
10113,3396.29,2025-10-11,null,null,0,No Repeat
10120,1361.39,2025-03-26,2025-06-29,95,0,90+ days
10134,3478.05,2025-04-29,null,null,0,No Repeat
10138,5402.86,2025-04-18,2025-05-03,15,1,8-30 days
10148,3346.33,2025-11-13,2026-01-23,71,0,61-90 days
10153,3427.41,2025-11-03,null,null,0,No Repeat
10161,3607.53,2025-05-27,null,null,0,No Repeat
10170,5904.04,2025-09-27,2025-12-13,77,0,61-90 days
10171,6189.74,2025-05-06,2025-05-24,18,1,8-30 days
10176,993.52,2025-07-15,null,null,0,No Repeat
10180,3453.26,2025-09-13,2026-01-19,128,0,90+ days
10181,6305.7,2025-04-24,2025-05-27,33,0,31-60 days
10187,1494.93,2025-06-20,2025-09-09,81,0,61-90 days
10189,3005.35,2025-12-20,null,null,0,No Repeat
10196,7820.98,2025-08-09,2026-02-01,176,0,90+ days
10204,8128.61,2025-05-03,2025-06-14,42,0,31-60 days
10207,12504.16,2025-03-15,2025-05-01,47,0,31-60 days
10212,2474.89,2025-05-27,2025-06-25,29,1,8-30 days
10221,2367.41,2025-11-24,null,null,0,No Repeat
10224,7751.29,2025-06-22,2025-09-01,71,0,61-90 days
10229,1263.39,2025-08-17,null,null,0,No Repeat
10240,3128.69,2025-04-20,null,null,0,No Repeat
10243,5098.49,2025-08-09,2025-08-26,17,1,8-30 days
10249,3728.4,2025-12-11,2025-12-16,5,1,0-7 days
10258,5961.61,2025-04-04,2025-08-20,138,0,90+ days
10263,5716.99,2025-04-30,2025-06-05,36,0,31-60 days
10278,7500.33,2025-03-09,2025-04-02,24,1,8-30 days
10284,2604.52,2025-08-23,null,null,0,No Repeat
10290,3825.25,2025-10-07,2026-01-06,91,0,90+ days
10292,10409.92,2025-08-11,2025-09-20,40,0,31-60 days
10297,13773.84,2025-04-11,2025-06-24,74,0,61-90 days
10299,1425.91,2025-04-27,null,null,0,No Repeat
10305,2419.65,2025-06-22,null,null,0,No Repeat
10306,333.69,2026-01-09,null,null,0,No Repeat
10309,8281.19,2025-04-11,2025-05-20,39,0,31-60 days
10327,11160.91,2025-09-25,2025-09-26,1,1,0-7 days
10330,8776.5,2025-06-24,2025-11-08,137,0,90+ days
10333,3023.73,2025-05-20,null,null,0,No Repeat
10334,3281.39,2025-06-16,null,null,0,No Repeat
10335,5492.53,2025-12-11,2026-01-12,32,0,31-60 days
10339,4589.28,2026-02-11,null,null,0,No Repeat
10365,1329.52,2025-07-21,null,null,0,No Repeat
10368,1375.93,2025-05-25,null,null,0,No Repeat
10382,7835.3,2025-04-25,2025-07-07,73,0,61-90 days
10385,7057.87,2025-06-01,2025-11-10,162,0,90+ days
10387,12877.29,2025-07-18,2026-02-07,204,0,90+ days
10399,1646.5,2025-06-24,null,null,0,No Repeat
10403,11214.12,2025-06-16,2025-08-30,75,0,61-90 days
10405,4206.64,2025-07-15,2025-11-24,132,0,90+ days
10417,10647.38,2025-04-29,2025-06-08,40,0,31-60 days
10419,4228.84,2025-06-16,2025-07-27,41,0,31-60 days
10420,14038.06,2025-03-15,2025-06-04,81,0,61-90 days
10422,1421.14,2025-10-19,null,null,0,No Repeat
10443,4202.91,2026-02-04,null,null,0,No Repeat
10444,6270.2,2025-08-12,2025-12-20,130,0,90+ days
10447,4013.68,2025-10-27,2026-01-15,80,0,61-90 days
10459,3358.89,2025-03-25,2025-07-18,115,0,90+ days
10468,1856.5,2025-09-20,null,null,0,No Repeat
10471,2229.16,2025-04-02,null,null,0,No Repeat
10481,4028.38,2025-04-11,2025-05-22,41,0,31-60 days
10482,3627.49,2025-06-19,2025-07-03,14,1,8-30 days
10494,3699.6,2025-04-05,2025-04-17,12,1,8-30 days
10495,6797.1,2025-03-27,2025-04-08,12,1,8-30 days
10502,8562.62,2025-12-07,2026-01-15,39,0,31-60 days
10508,468.21,2025-07-09,null,null,0,No Repeat
10511,1896.34,2025-06-11,2025-10-15,126,0,90+ days
10514,5515.04,2025-12-16,2025-12-23,7,1,0-7 days
10534,9639.86,2025-09-13,2026-01-06,115,0,90+ days
10540,2887.51,2025-11-14,null,null,0,No Repeat
10551,5187.39,2025-09-11,2025-10-27,46,0,31-60 days
10553,3990.15,2025-09-26,null,null,0,No Repeat
10554,6810.53,2025-04-14,2025-08-15,123,0,90+ days
10560,1681.65,2025-12-25,null,null,0,No Repeat
10564,3837.39,2025-06-12,null,null,0,No Repeat
10578,3014.09,2025-06-28,2026-01-01,187,0,90+ days
10580,5909.56,2025-03-10,2026-01-03,299,0,90+ days
10581,7499.09,2025-05-18,2025-05-28,10,1,8-30 days
10590,1554.32,2025-10-09,null,null,0,No Repeat
10595,1234.5,2026-01-13,2026-02-07,25,1,8-30 days
10601,11982.46,2025-03-19,2025-03-28,9,1,8-30 days
10604,6414.34,2025-03-31,2026-01-02,277,0,90+ days
10607,6294.67,2025-05-31,2026-01-16,230,0,90+ days
10615,1784.61,2025-12-06,null,null,0,No Repeat
10620,4040.33,2025-08-24,2025-09-25,32,0,31-60 days
10628,2605.06,2025-03-14,null,null,0,No Repeat
10640,4047.04,2025-06-10,2025-10-25,137,0,90+ days
10651,1749.91,2026-02-08,null,null,0,No Repeat
10653,4022.69,2025-07-17,null,null,0,No Repeat
10657,2407.73,2025-08-24,2025-12-17,115,0,90+ days
10659,10368.82,2025-06-05,2025-10-27,144,0,90+ days
10671,1464.25,2025-04-02,2025-12-30,272,0,90+ days
10676,8526.62,2025-07-11,2025-11-25,137,0,90+ days
10677,3733.43,2026-01-15,null,null,0,No Repeat
10688,3738.86,2025-06-10,2025-10-15,127,0,90+ days
10692,10732.15,2025-04-12,2025-06-27,76,0,61-90 days
10693,4559.49,2025-08-22,2026-02-11,173,0,90+ days
10695,7548.18,2025-04-04,2025-10-16,195,0,90+ days
10707,10272.47,2025-06-19,2025-09-04,77,0,61-90 days
10724,3873.87,2025-09-23,2026-01-17,116,0,90+ days
10731,4927.19,2025-05-26,2025-12-06,194,0,90+ days
10735,6844.28,2025-03-13,2025-08-20,160,0,90+ days
10739,4706.76,2025-11-08,null,null,0,No Repeat
10740,2475,2025-11-05,2026-01-30,86,0,61-90 days
10742,7795.59,2025-03-14,2025-09-23,193,0,90+ days
10745,8354.48,2025-03-21,2025-09-16,179,0,90+ days
10746,9563.83,2025-06-03,2025-08-13,71,0,61-90 days
10750,4703.23,2025-08-06,null,null,0,No Repeat
10752,3506.53,2026-02-07,null,null,0,No Repeat
10758,3178.44,2026-02-14,null,null,0,No Repeat
10759,246.35,2025-04-21,null,null,0,No Repeat
10772,8336.99,2025-11-22,2025-12-04,12,1,8-30 days
10779,2082.9,2025-06-29,2025-10-01,94,0,90+ days
10796,3440.77,2025-09-25,2025-10-18,23,1,8-30 days
10797,7544.64,2025-10-04,2025-11-06,33,0,31-60 days
10801,11301.91,2025-08-24,2025-11-19,87,0,61-90 days
10812,9392.69,2025-05-24,2025-07-26,63,0,61-90 days
10814,5344.35,2025-11-10,2025-12-29,49,0,31-60 days
10830,2495.59,2026-01-03,null,null,0,No Repeat
10839,10517.25,2025-05-24,2025-09-10,109,0,90+ days
10840,877.72,2025-10-09,null,null,0,No Repeat
10842,11326.68,2025-06-08,2025-07-22,44,0,31-60 days
10866,7159.2,2025-07-18,2025-11-14,119,0,90+ days
10868,2645.18,2025-09-28,2026-01-04,98,0,90+ days
10878,3528.49,2025-03-25,null,null,0,No Repeat
10887,4971.34,2025-06-20,null,null,0,No Repeat
10891,1356.79,2025-12-30,null,null,0,No Repeat
10893,5910.76,2025-08-04,2025-09-04,31,0,31-60 days
10912,13641.38,2025-07-04,2025-07-15,11,1,8-30 days
10918,5860.94,2025-04-26,2025-11-29,217,0,90+ days
10923,3290.1,2025-06-25,2025-08-28,64,0,61-90 days
10931,12238.03,2025-04-18,2025-12-15,241,0,90+ days
10932,1439.93,2025-04-16,null,null,0,No Repeat
10933,5137.41,2025-05-18,2025-08-06,80,0,61-90 days
10935,8036.58,2025-05-03,2025-07-24,82,0,61-90 days
10942,9476.9,2025-05-02,2025-06-10,39,0,31-60 days
10956,1567.38,2025-04-12,null,null,0,No Repeat
10957,2693.67,2025-05-28,null,null,0,No Repeat
10959,8728.61,2025-05-08,2025-07-22,75,0,61-90 days
10963,6960.9,2025-03-11,2026-01-01,296,0,90+ days
10967,3784.97,2025-04-09,2025-07-28,110,0,90+ days
10972,4771.86,2025-06-04,2026-02-13,254,0,90+ days
10975,2123.15,2025-03-29,null,null,0,No Repeat
10977,8297.67,2025-11-14,2026-01-15,62,0,61-90 days
10984,3297.77,2025-04-29,null,null,0,No Repeat
10985,5259.28,2025-06-12,2025-06-24,12,1,8-30 days
10987,606.35,2025-12-03,null,null,0,No Repeat
10990,4110.81,2025-04-18,null,null,0,No Repeat
10995,3733.89,2025-08-31,null,null,0,No Repeat
10997,2495.75,2025-08-29,null,null,0,No Repeat
11002,6960.52,2025-07-12,2025-08-02,21,1,8-30 days
11004,2562.43,2025-06-18,null,null,0,No Repeat
11011,3777.98,2025-04-18,2025-12-08,234,0,90+ days
11020,2038.11,2025-10-22,null,null,0,No Repeat
11026,2890.98,2025-11-09,null,null,0,No Repeat
11029,13127.48,2025-08-27,2025-10-22,56,0,31-60 days
11044,3630.62,2025-10-22,2026-01-10,80,0,61-90 days
11045,12245.57,2025-03-20,2025-05-11,52,0,31-60 days
11052,4421.09,2025-07-09,null,null,0,No Repeat
11054,4369.53,2025-07-06,null,null,0,No Repeat
11079,6168.35,2025-05-19,2025-06-08,20,1,8-30 days
11089,3077.41,2025-09-19,null,null,0,No Repeat
11093,15888.62,2025-03-28,2025-04-25,28,1,8-30 days
11094,3087.24,2025-12-10,2026-01-13,34,0,31-60 days
11096,5201.57,2025-03-31,2025-07-02,93,0,90+ days
11099,2403.96,2025-10-16,null,null,0,No Repeat
11108,3762.4,2025-06-03,null,null,0,No Repeat
11111,3553.48,2025-03-03,null,null,0,No Repeat
11115,2927.62,2025-03-10,2025-08-28,171,0,90+ days
11118,13688.86,2025-04-25,2025-07-26,92,0,90+ days
11119,9942.33,2025-04-19,2025-10-04,168,0,90+ days
11121,3922.1,2025-12-10,null,null,0,No Repeat
11142,12407.78,2025-03-29,2025-06-16,79,0,61-90 days
11163,2321.28,2025-05-05,2025-09-20,138,0,90+ days
11170,4681.98,2025-08-13,2026-01-23,163,0,90+ days
11172,6335.24,2025-04-25,2025-07-08,74,0,61-90 days
11185,3256.55,2025-03-24,2025-04-19,26,1,8-30 days
11197,6900.67,2025-10-01,2025-12-19,79,0,61-90 days
11202,1735.35,2025-07-20,null,null,0,No Repeat
11211,6060.55,2025-09-21,2025-10-31,40,0,31-60 days
11216,2407.31,2026-01-06,null,null,0,No Repeat
11225,8978.98,2025-07-03,2025-07-20,17,1,8-30 days
11230,7468.99,2025-07-11,2026-02-17,221,0,90+ days
11231,5161.46,2025-03-03,2025-06-26,115,0,90+ days
11232,11598.45,2025-04-17,2025-09-12,148,0,90+ days
11246,4504.83,2025-06-25,2026-02-07,227,0,90+ days
11253,9124.65,2025-06-30,2025-09-19,81,0,61-90 days
11254,12658.25,2025-03-22,2025-04-05,14,1,8-30 days
11269,4712.48,2025-10-16,null,null,0,No Repeat
11274,2742.89,2025-12-27,null,null,0,No Repeat
11278,12070.22,2025-04-29,2025-10-12,166,0,90+ days
11279,13777.55,2025-05-16,2025-07-28,73,0,61-90 days
11291,3133.57,2025-08-19,null,null,0,No Repeat
11311,987.7,2025-06-16,null,null,0,No Repeat
11314,5728.16,2025-05-09,2025-10-31,175,0,90+ days
11317,382.22,2025-08-18,null,null,0,No Repeat
11318,1650.9,2025-05-29,null,null,0,No Repeat
11325,9325.27,2025-06-20,2025-09-08,80,0,61-90 days
11329,11603.57,2025-04-22,2025-07-03,72,0,61-90 days
11332,10483.09,2025-07-14,2025-12-20,159,0,90+ days
11342,3430.85,2025-03-01,null,null,0,No Repeat
11357,6253.55,2025-06-05,2025-06-14,9,1,8-30 days
11367,6039.86,2025-03-05,2025-08-10,158,0,90+ days
11387,4982.64,2025-05-13,2025-07-28,76,0,61-90 days
11405,1580.62,2025-06-03,null,null,0,No Repeat
11414,6512.57,2025-03-25,2025-04-18,24,1,8-30 days
11418,6642.48,2025-04-13,2025-09-14,154,0,90+ days
11419,1260.12,2025-12-02,2026-01-19,48,0,31-60 days
11420,11071.77,2025-04-11,2025-09-15,157,0,90+ days
11423,3279.02,2026-01-02,null,null,0,No Repeat
11425,3651.34,2026-01-22,null,null,0,No Repeat
11446,2893.78,2025-06-10,2025-08-27,78,0,61-90 days
11453,2578.26,2025-03-15,null,null,0,No Repeat
11461,338.2,2025-08-30,null,null,0,No Repeat
11480,4651.12,2026-02-05,null,null,0,No Repeat
11487,1104.36,2026-02-23,null,null,0,No Repeat
11492,3004.49,2025-08-17,2025-09-09,23,1,8-30 days
11493,7349.6,2025-11-03,2025-11-12,9,1,8-30 days
11500,4449.39,2025-12-08,null,null,0,No Repeat
11501,1737.76,2025-10-04,null,null,0,No Repeat
11504,5192.83,2025-08-24,2025-11-06,74,0,61-90 days
11505,2217.13,2025-05-09,2025-09-24,138,0,90+ days
11506,5979.93,2025-04-05,2025-04-26,21,1,8-30 days
11522,2892.82,2025-10-21,null,null,0,No Repeat
11525,3908.2,2025-10-17,null,null,0,No Repeat
11546,1072.89,2025-12-20,null,null,0,No Repeat
11556,1721.37,2025-05-01,null,null,0,No Repeat
11567,3521.29,2026-01-07,2026-02-04,28,1,8-30 days
11572,4776.33,2025-03-13,null,null,0,No Repeat
11578,306.14,2025-11-22,null,null,0,No Repeat
11580,7473.24,2025-06-02,2025-10-18,138,0,90+ days
11583,13851.38,2025-09-17,2025-10-28,41,0,31-60 days
11593,11548.91,2025-04-22,2025-08-10,110,0,90+ days
11595,12633.5,2025-04-03,2025-08-27,146,0,90+ days
11606,5990.85,2025-08-10,2025-11-04,86,0,61-90 days
11617,2901.47,2025-05-12,null,null,0,No Repeat
11620,518.38,2025-08-07,null,null,0,No Repeat
11628,6376.74,2025-04-17,2025-08-21,126,0,90+ days
11631,10166.09,2025-08-02,2026-02-13,195,0,90+ days
11632,6388.23,2025-07-10,2025-07-25,15,1,8-30 days
11635,3622.87,2025-04-21,null,null,0,No Repeat
11640,5157.35,2025-09-24,2026-01-07,105,0,90+ days
11642,13683.03,2025-04-04,2025-07-28,115,0,90+ days
11647,863.54,2025-05-01,null,null,0,No Repeat
11670,10608.6,2025-09-10,2026-02-15,158,0,90+ days
11673,769.73,2025-10-04,null,null,0,No Repeat
11683,8791.08,2025-08-21,2025-12-14,115,0,90+ days
11685,7547.62,2025-03-31,2025-04-03,3,1,0-7 days
11694,3867.53,2026-01-31,null,null,0,No Repeat
11703,4809.94,2025-08-03,null,null,0,No Repeat
11714,4734.47,2025-03-15,2025-07-06,113,0,90+ days
11716,2581.75,2025-06-24,null,null,0,No Repeat
11718,6948.04,2025-08-12,2025-11-29,109,0,90+ days
11728,4679.13,2025-05-08,null,null,0,No Repeat
11730,7914.51,2025-06-19,2025-10-20,123,0,90+ days
11735,8505.34,2025-06-05,2025-07-11,36,0,31-60 days
11748,6963.56,2025-03-02,2026-02-18,353,0,90+ days
11750,4986.07,2026-02-27,null,null,0,No Repeat
11753,2636.25,2025-12-23,null,null,0,No Repeat
11761,12641.64,2025-05-25,2025-07-28,64,0,61-90 days
11769,4340.52,2025-03-22,2025-05-09,48,0,31-60 days
11776,3274.79,2025-04-18,2026-02-11,299,0,90+ days
11777,3593.27,2025-06-26,null,null,0,No Repeat
11800,8137.63,2025-03-06,2025-11-22,261,0,90+ days
11810,2782.41,2025-07-06,2025-11-10,127,0,90+ days
11818,7578.05,2025-04-16,2025-11-07,205,0,90+ days
11819,4640.43,2025-07-15,2025-11-06,114,0,90+ days
11821,4619.3,2025-05-25,null,null,0,No Repeat
11822,7454.17,2026-01-24,2026-02-07,14,1,8-30 days
11825,8811.32,2025-05-11,2025-05-12,1,1,0-7 days
11826,1220.88,2025-06-08,null,null,0,No Repeat
11829,1526.84,2025-05-09,null,null,0,No Repeat
11835,3966.59,2025-05-27,2025-10-03,129,0,90+ days
11856,5369.89,2025-07-27,2026-02-17,205,0,90+ days
11864,4416.83,2025-03-23,null,null,0,No Repeat
11871,2144.61,2025-07-31,null,null,0,No Repeat
11874,4714.84,2025-05-10,null,null,0,No Repeat
11885,5274.67,2025-04-15,2025-04-25,10,1,8-30 days
11886,4168.14,2025-10-07,null,null,0,No Repeat
11910,4353.18,2025-06-09,2025-11-18,162,0,90+ days
11924,2829.57,2025-05-02,2025-05-09,7,1,0-7 days
11925,2221.63,2025-12-22,null,null,0,No Repeat
11934,6903.42,2025-08-13,2025-10-24,72,0,61-90 days
11936,3317.79,2025-04-23,null,null,0,No Repeat
11948,8680.13,2025-05-11,2025-08-22,103,0,90+ days
11949,6870.87,2025-05-12,2025-10-24,165,0,90+ days
11956,4170.28,2026-01-12,null,null,0,No Repeat
11962,2720.63,2025-07-29,null,null,0,No Repeat
11967,4325.66,2025-12-11,null,null,0,No Repeat
11970,7195.26,2025-06-08,2025-10-31,145,0,90+ days
11975,5071.77,2025-04-11,2025-11-05,208,0,90+ days
11978,2803.64,2025-10-18,null,null,0,No Repeat
12004,5250.44,2025-03-03,2025-03-06,3,1,0-7 days
12005,10565.32,2025-04-16,2025-04-20,4,1,0-7 days
12007,3545.83,2025-09-14,2025-12-06,83,0,61-90 days
12021,6740.36,2025-03-17,2025-05-10,54,0,31-60 days
12024,1081.39,2025-12-12,null,null,0,No Repeat
12025,10508.21,2025-03-28,2025-04-16,19,1,8-30 days
12051,5947.5,2025-05-14,2025-09-26,135,0,90+ days
12054,3600,2026-02-12,null,null,0,No Repeat
12059,4685.28,2025-03-06,null,null,0,No Repeat
12065,5403.12,2025-03-14,2025-06-02,80,0,61-90 days
12067,4864.65,2025-03-07,2025-05-28,82,0,61-90 days
12069,10617.25,2025-04-24,2025-11-20,210,0,90+ days
12071,7329.77,2025-09-22,2025-12-25,94,0,90+ days
12074,7281.94,2025-07-21,2025-09-17,58,0,31-60 days
12077,9114.36,2025-04-26,2025-05-08,12,1,8-30 days
12080,709.66,2026-02-18,null,null,0,No Repeat
12093,2488.98,2025-05-28,null,null,0,No Repeat
12097,10876.7,2025-06-07,2025-10-28,143,0,90+ days
12101,8464.14,2025-04-16,2025-06-25,70,0,61-90 days
12106,12927.7,2025-07-03,2025-09-16,75,0,61-90 days
12107,7944.45,2025-03-26,2025-04-24,29,1,8-30 days
12110,8477.74,2025-04-27,2025-07-24,88,0,61-90 days
12112,4190.17,2025-07-27,null,null,0,No Repeat
12114,325.59,2025-11-10,null,null,0,No Repeat
12125,9455.99,2025-05-03,2025-06-21,49,0,31-60 days
12128,7295.3,2025-03-21,2025-07-22,123,0,90+ days
12130,5802,2025-04-02,2025-11-19,231,0,90+ days
12138,10236,2025-07-20,2025-09-07,49,0,31-60 days
12144,8872.77,2025-11-13,2025-11-26,13,1,8-30 days
12153,1879.88,2025-12-18,null,null,0,No Repeat
12154,2786.09,2026-01-05,null,null,0,No Repeat
12169,13923.83,2025-05-22,2025-08-09,79,0,61-90 days
12185,7897.2,2025-04-18,2025-09-21,156,0,90+ days
12191,7007.09,2025-06-15,2025-11-20,158,0,90+ days
12193,4022.84,2025-05-30,2025-10-30,153,0,90+ days
12206,10434.81,2025-08-16,2025-09-26,41,0,31-60 days
12212,2765.29,2025-05-05,2025-10-20,168,0,90+ days
12220,4046.03,2025-10-22,null,null,0,No Repeat
12229,4806.24,2025-06-19,2025-10-30,133,0,90+ days
12234,1229.83,2025-08-11,null,null,0,No Repeat
12243,9825.79,2025-07-13,2025-08-07,25,1,8-30 days
12253,4503.48,2025-09-12,2026-01-29,139,0,90+ days
12259,1014.51,2025-11-14,null,null,0,No Repeat
12271,10662.23,2025-05-07,2025-05-23,16,1,8-30 days
12272,8193.43,2025-04-26,2025-05-29,33,0,31-60 days
12278,10721.68,2025-07-09,2025-08-02,24,1,8-30 days
12282,8168.16,2025-06-10,2025-07-26,46,0,31-60 days
12283,4949.36,2025-11-29,null,null,0,No Repeat
12289,3029.5,2025-04-29,null,null,0,No Repeat
12295,3315.58,2025-09-23,2025-11-26,64,0,61-90 days
12298,3721.34,2025-07-30,2025-09-26,58,0,31-60 days
12300,1740.06,2025-03-27,null,null,0,No Repeat
12302,1274.51,2025-05-09,null,null,0,No Repeat
12318,4279.95,2025-04-08,2026-02-25,323,0,90+ days
12319,2108.68,2025-08-07,2025-11-06,91,0,90+ days
12327,2629.81,2025-08-04,2025-09-16,43,0,31-60 days
12329,2425.06,2025-11-09,null,null,0,No Repeat
12331,5961.22,2025-03-13,2025-07-08,117,0,90+ days
12343,4378.77,2025-12-20,null,null,0,No Repeat
12345,4188.69,2025-06-02,2025-09-22,112,0,90+ days
12357,9924.32,2025-03-10,2025-08-24,167,0,90+ days
12359,4755.43,2025-05-19,null,null,0,No Repeat
12371,8376.22,2025-09-15,2025-12-22,98,0,90+ days
12377,2938.71,2025-07-10,null,null,0,No Repeat
12382,1904.55,2025-03-25,null,null,0,No Repeat
12387,7999.62,2025-09-23,2025-12-29,97,0,90+ days
12392,4801.17,2025-11-03,2026-01-23,81,0,61-90 days
12394,1449.01,2025-06-24,null,null,0,No Repeat
12398,6766.49,2025-07-25,2025-10-05,72,0,61-90 days
12409,9183.91,2025-07-16,2025-09-11,57,0,31-60 days
12418,526.77,2025-04-27,null,null,0,No Repeat
12423,7460.06,2025-09-11,2026-02-04,146,0,90+ days
12424,5127.08,2025-05-30,2025-10-20,143,0,90+ days
12430,5878.89,2025-05-31,2025-11-05,158,0,90+ days
12431,5437.62,2025-03-25,2025-07-20,117,0,90+ days
12432,5960.78,2025-05-15,2026-01-31,261,0,90+ days
12436,2449.15,2025-11-24,null,null,0,No Repeat
12442,6226.03,2025-05-12,2025-08-14,94,0,90+ days
12443,5181.96,2025-03-05,2025-03-05,0,1,0-7 days
12444,3304.46,2026-01-30,2026-02-02,3,1,0-7 days
12447,11352.43,2025-10-01,2025-11-04,34,0,31-60 days
12449,5199.52,2025-05-26,2025-06-15,20,1,8-30 days
12467,845.18,2025-09-04,null,null,0,No Repeat
12474,3900.39,2025-04-18,null,null,0,No Repeat
12480,2440.32,2025-11-17,null,null,0,No Repeat
12484,5114.91,2025-05-20,2025-11-28,192,0,90+ days
12487,5762.29,2025-09-10,2026-02-02,145,0,90+ days
12493,1152.12,2025-04-11,2025-12-25,258,0,90+ days
12510,7670.89,2025-06-18,2025-07-03,15,1,8-30 days
12545,5738.28,2025-07-13,2026-02-21,223,0,90+ days
12551,2826.7,2026-02-21,null,null,0,No Repeat
12554,2373.02,2025-04-22,2026-01-02,255,0,90+ days
12564,3357.13,2025-04-14,null,null,0,No Repeat
12567,4114.87,2025-03-19,2025-05-03,45,0,31-60 days
12568,4427.09,2025-03-29,2025-06-24,87,0,61-90 days
12570,6229.48,2025-03-05,2025-11-17,257,0,90+ days
12575,9983.53,2025-03-29,2025-09-07,162,0,90+ days
12584,6849.31,2025-05-03,2025-08-30,119,0,90+ days
12586,13051.3,2025-03-07,2025-05-01,55,0,31-60 days
12593,2276.39,2025-06-15,null,null,0,No Repeat
12602,6898.14,2025-09-20,2025-12-19,90,0,61-90 days
12606,4140.13,2025-07-21,null,null,0,No Repeat
12623,4806.16,2025-06-15,null,null,0,No Repeat
12624,10681.58,2025-03-06,2025-06-13,99,0,90+ days
12627,4698.88,2026-02-20,null,null,0,No Repeat
12634,8744.7,2025-03-04,2025-04-25,52,0,31-60 days
12643,4566.16,2025-03-22,null,null,0,No Repeat
12644,12119.26,2025-04-01,2025-07-25,115,0,90+ days
12664,1153.64,2025-09-05,2025-10-09,34,0,31-60 days
12668,2852.92,2025-03-03,2025-04-15,43,0,31-60 days
12672,8253.04,2025-06-20,2025-09-04,76,0,61-90 days
12676,2260.59,2025-12-29,null,null,0,No Repeat
12680,1850.12,2025-04-09,2026-02-19,316,0,90+ days
12682,5506.04,2025-04-18,2025-12-16,242,0,90+ days
12696,3774.69,2025-12-16,null,null,0,No Repeat
12699,9336.44,2025-05-09,2025-06-19,41,0,31-60 days
12703,6251.46,2025-06-28,2025-12-12,167,0,90+ days
12707,3282.55,2025-09-15,null,null,0,No Repeat
12711,4881.88,2025-11-23,null,null,0,No Repeat
12714,4114.54,2025-06-04,2026-02-17,258,0,90+ days
12715,5711.17,2025-05-09,2025-09-17,131,0,90+ days
12718,4200.48,2025-05-17,2026-02-18,277,0,90+ days
12726,292.33,2026-01-09,null,null,0,No Repeat
12736,607.46,2025-04-13,2025-08-14,123,0,90+ days
12748,12116.14,2025-10-03,2025-11-03,31,0,31-60 days
12756,4502.36,2025-05-24,2025-11-26,186,0,90+ days
12767,4388.83,2025-10-05,null,null,0,No Repeat
12772,13202.43,2025-06-13,2025-09-08,87,0,61-90 days
12774,7753.99,2025-03-22,2025-08-06,137,0,90+ days
12788,2021.72,2026-02-11,null,null,0,No Repeat
12791,3558.83,2025-04-24,2026-01-24,275,0,90+ days
12796,1507.46,2025-10-25,null,null,0,No Repeat
12809,7202.32,2025-09-03,2026-01-03,122,0,90+ days
12811,4799.02,2025-03-18,null,null,0,No Repeat
12820,9230.4,2025-04-14,2025-06-15,62,0,61-90 days
12825,12890.68,2025-03-05,2025-03-22,17,1,8-30 days
12826,3088.98,2026-02-14,null,null,0,No Repeat
12830,7809.85,2025-06-21,2025-10-29,130,0,90+ days
12844,5050.26,2025-05-14,2026-02-05,267,0,90+ days
12851,4426.64,2025-03-18,2025-06-16,90,0,61-90 days
12852,681.9,2025-04-27,null,null,0,No Repeat
12853,15670.3,2025-04-23,2025-05-08,15,1,8-30 days
12854,6437.59,2025-05-17,2025-08-14,89,0,61-90 days
12856,3229.59,2025-10-05,2026-02-18,136,0,90+ days
12862,4177.22,2026-01-25,null,null,0,No Repeat
12863,11132.12,2025-03-22,2025-10-30,222,0,90+ days
12878,4873.37,2025-05-28,null,null,0,No Repeat
12880,717.52,2025-10-08,null,null,0,No Repeat
12892,5892.48,2025-12-07,2025-12-14,7,1,0-7 days
12902,3324.12,2025-06-10,null,null,0,No Repeat
12907,8129.1,2025-03-07,2025-11-12,250,0,90+ days
12917,8955.41,2025-03-01,2025-09-09,192,0,90+ days
12919,8781.79,2025-11-20,2025-12-24,34,0,31-60 days
12922,691.29,2025-06-14,null,null,0,No Repeat
12923,5973.96,2025-03-03,2025-08-15,165,0,90+ days
12931,10357.51,2025-03-22,2025-07-07,107,0,90+ days
12936,4054.15,2025-05-24,2026-02-02,254,0,90+ days
12937,9467.98,2025-03-10,2025-05-09,60,0,31-60 days
12948,4161.43,2025-10-11,null,null,0,No Repeat
12951,4946.78,2025-11-21,null,null,0,No Repeat
12966,1691.61,2025-04-15,2025-09-19,157,0,90+ days
12970,1990.06,2025-08-07,null,null,0,No Repeat
12971,3344.25,2025-06-03,null,null,0,No Repeat
12983,3110.81,2025-10-13,2025-12-30,78,0,61-90 days
12991,4990.48,2025-05-05,null,null,0,No Repeat
13002,1817.07,2025-03-30,null,null,0,No Repeat
13006,219.53,2025-06-07,null,null,0,No Repeat
13010,3800.81,2025-12-07,null,null,0,No Repeat
13011,2398,2025-12-08,null,null,0,No Repeat
13016,10239.76,2025-03-15,2025-12-27,287,0,90+ days
13027,3472.37,2025-12-12,null,null,0,No Repeat
13029,1338.62,2025-06-03,null,null,0,No Repeat
13036,4164.07,2025-11-26,null,null,0,No Repeat
13054,1975.82,2025-04-16,null,null,0,No Repeat
13064,10723.42,2025-04-16,2025-08-22,128,0,90+ days
13071,3966.14,2025-07-03,2025-10-16,105,0,90+ days
13077,5857.76,2025-08-21,2025-09-07,17,1,8-30 days
13093,8283.79,2025-04-28,2025-07-28,91,0,90+ days
13097,2431.17,2025-09-28,null,null,0,No Repeat
13100,1432.91,2025-12-23,null,null,0,No Repeat
13104,7305.18,2025-03-12,2025-07-08,118,0,90+ days
13116,7668.3,2025-05-12,2025-08-12,92,0,90+ days
13117,6165.87,2025-06-04,2025-12-16,195,0,90+ days
13153,6581.37,2025-06-11,2025-11-03,145,0,90+ days
13156,13246.57,2025-07-11,2025-08-09,29,1,8-30 days
13163,1138.87,2025-07-12,null,null,0,No Repeat
13174,6722.48,2025-03-07,2025-03-20,13,1,8-30 days
13176,2036.34,2025-12-11,2026-02-04,55,0,31-60 days
13181,3699.61,2025-09-30,2026-01-26,118,0,90+ days
13182,2250.9,2025-12-26,null,null,0,No Repeat
13190,5655.87,2025-05-08,2025-07-13,66,0,61-90 days
13193,11482.56,2025-11-03,2025-11-12,9,1,8-30 days
13219,1330.3,2025-04-01,null,null,0,No Repeat
13231,8055.96,2025-03-05,2025-04-10,36,0,31-60 days
13233,7901.98,2025-04-26,2025-11-14,202,0,90+ days
13236,4752.69,2025-08-31,null,null,0,No Repeat
13239,14438.43,2025-04-02,2025-04-15,13,1,8-30 days
13242,9936.76,2025-05-20,2025-07-26,67,0,61-90 days
13253,23478.64,2025-03-16,2025-04-14,29,1,8-30 days
13255,10807.62,2025-04-19,2025-12-14,239,0,90+ days
13261,7450.83,2025-07-21,2025-11-16,118,0,90+ days
13263,4308.45,2026-02-12,null,null,0,No Repeat
13264,10577.8,2025-08-29,2026-01-21,145,0,90+ days
13266,7407.61,2025-08-03,2026-02-28,209,0,90+ days
13273,5611.73,2025-11-15,2026-01-28,74,0,61-90 days
13291,1622.33,2025-04-29,null,null,0,No Repeat
13295,6315.04,2025-07-03,2025-09-17,76,0,61-90 days
13297,4346.75,2025-08-13,2025-11-24,103,0,90+ days
13299,2083.1,2025-11-26,2025-12-10,14,1,8-30 days
13314,7968.07,2025-12-30,2026-02-23,55,0,31-60 days
13316,4548.98,2025-12-18,null,null,0,No Repeat
13317,5165.2,2025-05-23,2025-06-10,18,1,8-30 days
13325,8146.79,2025-11-20,2025-12-24,34,0,31-60 days
13326,2923.21,2026-01-27,null,null,0,No Repeat
13327,2435.08,2025-11-02,null,null,0,No Repeat
13332,5045.14,2025-08-25,2026-01-28,156,0,90+ days
13338,4119.93,2025-06-10,null,null,0,No Repeat
13340,9298.55,2025-09-05,2025-11-20,76,0,61-90 days
13346,6183.13,2025-04-01,2025-06-14,74,0,61-90 days
13350,2306.9,2026-01-04,null,null,0,No Repeat
13352,8301.88,2025-03-18,2025-04-09,22,1,8-30 days
13355,8545.96,2025-07-20,2025-08-05,16,1,8-30 days
13358,2761.79,2026-01-09,null,null,0,No Repeat
13367,8529.18,2025-08-13,2025-09-09,27,1,8-30 days
13370,8686.4,2025-09-30,2025-12-21,82,0,61-90 days
13381,2316.47,2025-05-03,2025-09-29,149,0,90+ days
13383,11613.29,2025-04-21,2025-05-30,39,0,31-60 days
13401,2915.75,2025-03-16,2025-11-21,250,0,90+ days
13406,3847.25,2025-05-12,null,null,0,No Repeat
13409,3707.66,2025-11-20,null,null,0,No Repeat
13422,9766.12,2025-08-03,2026-02-06,187,0,90+ days
13427,7061.71,2025-03-11,2025-10-07,210,0,90+ days
13435,7062.35,2025-05-19,2026-01-20,246,0,90+ days
13438,5499.49,2025-07-12,2026-02-14,217,0,90+ days
13439,3657.97,2025-08-25,null,null,0,No Repeat
13443,3218.15,2025-08-29,null,null,0,No Repeat
13447,4900.21,2025-06-26,null,null,0,No Repeat
13449,8092.55,2025-09-26,2025-12-27,92,0,90+ days
13455,2115.13,2025-07-22,null,null,0,No Repeat
13464,2518.3,2026-01-28,null,null,0,No Repeat
13468,503.07,2025-04-17,null,null,0,No Repeat
13471,1036.16,2025-11-19,null,null,0,No Repeat
13474,7945.1,2025-04-19,2025-05-17,28,1,8-30 days
13491,4655.6,2025-03-28,2025-07-18,112,0,90+ days
13502,3665.59,2025-03-24,2026-01-19,301,0,90+ days
13518,2002.32,2025-04-15,null,null,0,No Repeat
13519,13522.58,2025-05-18,2025-12-10,206,0,90+ days
13523,314.47,2025-04-27,null,null,0,No Repeat
13530,5727.95,2025-04-18,2025-05-21,33,0,31-60 days
13531,8479.1,2025-03-07,2025-09-14,191,0,90+ days
13533,3554.98,2025-11-01,null,null,0,No Repeat
13554,6290.98,2025-04-03,2025-07-18,106,0,90+ days
13555,1882.22,2025-04-17,null,null,0,No Repeat
13564,2659.37,2025-08-14,2026-02-17,187,0,90+ days
13566,13152.47,2025-09-15,2025-09-25,10,1,8-30 days
13572,5301.25,2025-07-17,2025-08-21,35,0,31-60 days
13577,2664.56,2025-10-16,null,null,0,No Repeat
13580,5271.21,2025-06-09,2026-01-17,222,0,90+ days
13591,8409.37,2025-08-07,2025-08-07,0,1,0-7 days
13596,6424.19,2025-05-03,2026-01-30,272,0,90+ days
13602,7853.12,2025-05-22,2025-12-02,194,0,90+ days
13606,8076.12,2025-06-29,2025-06-29,0,1,0-7 days
13608,3592.56,2025-11-13,null,null,0,No Repeat
13609,11448.69,2025-07-10,2025-07-25,15,1,8-30 days
13616,1998.26,2026-01-24,null,null,0,No Repeat
13619,1741.93,2025-04-30,null,null,0,No Repeat
13621,6766.26,2025-05-10,2025-11-10,184,0,90+ days
13626,2218.7,2025-10-26,null,null,0,No Repeat
13631,4470.86,2025-08-18,2025-12-09,113,0,90+ days
13639,7177.14,2025-03-09,2025-11-15,251,0,90+ days
13656,8364.75,2025-03-21,2025-08-16,148,0,90+ days
13662,9874.48,2025-06-13,2025-07-18,35,0,31-60 days
13668,438.47,2026-01-14,null,null,0,No Repeat
13671,7137.99,2025-08-11,2026-02-23,196,0,90+ days
13689,2245.35,2025-03-26,null,null,0,No Repeat
13700,2530.64,2025-04-01,null,null,0,No Repeat
13708,4795.35,2025-11-25,null,null,0,No Repeat
13721,6108.23,2025-03-15,2025-06-30,107,0,90+ days
13728,2846.53,2025-07-10,null,null,0,No Repeat
13734,4671.34,2025-06-02,2025-06-20,18,1,8-30 days
13739,5930.98,2025-05-17,2025-10-25,161,0,90+ days
13773,1600.75,2026-01-16,null,null,0,No Repeat
13786,12385.2,2025-05-27,2025-07-27,61,0,61-90 days
13797,4607.93,2025-12-16,null,null,0,No Repeat
13799,3127.42,2025-07-01,2025-09-27,88,0,61-90 days
13801,9744.07,2025-04-28,2025-05-01,3,1,0-7 days
13811,657.8,2025-08-14,null,null,0,No Repeat
13813,4043.41,2025-08-16,2026-01-17,154,0,90+ days
13817,3910.97,2025-11-06,null,null,0,No Repeat
13818,4246.78,2025-08-01,2026-01-05,157,0,90+ days
13826,6912.49,2025-04-08,2025-08-02,116,0,90+ days
13831,10444.35,2025-05-28,2025-06-06,9,1,8-30 days
13832,225.17,2025-10-19,null,null,0,No Repeat
13834,5273.29,2025-05-16,2025-12-31,229,0,90+ days
13840,3867.12,2025-03-02,null,null,0,No Repeat
13846,2816.34,2025-03-22,2025-12-10,263,0,90+ days
13853,1786.09,2025-11-17,null,null,0,No Repeat
13854,8392.28,2025-05-02,2025-07-17,76,0,61-90 days
13871,6857.58,2025-03-07,2026-01-23,322,0,90+ days
13888,2177.25,2025-04-11,2025-09-25,167,0,90+ days
13890,2177.15,2025-05-28,null,null,0,No Repeat
13904,8161.11,2025-04-16,2025-08-02,108,0,90+ days
13910,7093.86,2025-03-10,2025-07-30,142,0,90+ days
13911,8935.53,2025-07-12,2025-07-17,5,1,0-7 days
13914,2904.3,2025-09-26,2025-10-03,7,1,0-7 days
13915,1493.78,2025-10-27,null,null,0,No Repeat
13917,1041.87,2026-02-06,null,null,0,No Repeat
13925,7239.5,2025-10-01,2025-10-23,22,1,8-30 days
13933,7313.31,2025-04-23,2025-06-13,51,0,31-60 days
13936,1314.66,2025-12-15,null,null,0,No Repeat
13937,12297.9,2025-03-28,2025-11-06,223,0,90+ days
13940,853.31,2025-09-11,null,null,0,No Repeat
13941,3584.45,2025-04-08,2025-05-04,26,1,8-30 days
13947,1409.77,2025-12-06,null,null,0,No Repeat
13968,7483.31,2025-08-12,2026-01-31,172,0,90+ days
13980,4678.43,2025-04-06,2025-11-09,217,0,90+ days
13983,5270.75,2025-04-18,2025-08-12,116,0,90+ days
13984,4323.39,2025-06-04,2026-02-13,254,0,90+ days
13987,4602.25,2025-06-01,null,null,0,No Repeat
13991,2484.06,2025-10-05,null,null,0,No Repeat
13995,11928.21,2025-05-09,2025-06-11,33,0,31-60 days
13997,4641.33,2025-05-04,2025-07-11,68,0,61-90 days
14015,2040.51,2026-01-14,null,null,0,No Repeat
14025,4466.63,2026-01-12,null,null,0,No Repeat
14029,2406.21,2026-02-22,null,null,0,No Repeat
14031,4308.9,2026-01-26,null,null,0,No Repeat
14054,14178.19,2025-06-21,2025-08-04,44,0,31-60 days
14056,4792.06,2025-12-26,null,null,0,No Repeat
14059,9962.76,2025-04-02,2025-04-18,16,1,8-30 days
14077,2830.72,2025-03-18,null,null,0,No Repeat
14078,7292.48,2025-09-05,2025-11-08,64,0,61-90 days
14079,4145.68,2025-07-27,null,null,0,No Repeat
14087,1712.78,2026-01-04,null,null,0,No Repeat
14091,6709.98,2025-05-19,2026-01-28,254,0,90+ days
14095,2755.75,2025-04-04,null,null,0,No Repeat
14096,2518.32,2025-11-07,null,null,0,No Repeat
14114,7732.2,2025-04-24,2025-05-16,22,1,8-30 days
14126,11068.91,2025-07-07,2025-12-05,151,0,90+ days
14129,2686.76,2025-03-13,2025-07-02,111,0,90+ days
14130,12460.66,2025-05-06,2025-10-14,161,0,90+ days
14135,15079.47,2025-03-29,2025-03-31,2,1,0-7 days
14140,3931.17,2025-03-18,null,null,0,No Repeat
14141,5910.45,2025-08-31,2025-09-11,11,1,8-30 days
14145,4972.74,2025-04-03,null,null,0,No Repeat
14147,1221.64,2025-11-07,null,null,0,No Repeat
14151,2111.77,2025-03-07,null,null,0,No Repeat
14153,3082.25,2025-05-11,null,null,0,No Repeat
14155,4957,2025-03-14,2025-03-17,3,1,0-7 days
14173,3473.74,2026-01-18,null,null,0,No Repeat
14174,4825.19,2025-05-24,2025-09-19,118,0,90+ days
14190,2759.99,2025-06-22,2025-07-02,10,1,8-30 days
14192,16698.68,2025-03-19,2025-06-17,90,0,61-90 days
14197,1971.13,2025-10-19,null,null,0,No Repeat
14218,8906.89,2025-04-02,2025-06-13,72,0,61-90 days
14225,13939.64,2025-05-26,2025-12-04,192,0,90+ days
14229,9405.45,2025-03-29,2025-12-27,273,0,90+ days
14232,5568.57,2025-05-01,2025-05-23,22,1,8-30 days
14234,11421.27,2025-08-03,2025-09-10,38,0,31-60 days
14238,1490.63,2025-11-27,null,null,0,No Repeat
14241,4671.02,2025-04-20,2026-02-17,303,0,90+ days
14243,11536.17,2025-06-27,2025-09-05,70,0,61-90 days
14247,3228.21,2025-07-24,null,null,0,No Repeat
14251,4174.89,2025-04-20,null,null,0,No Repeat
14254,4866.25,2025-05-19,2026-02-19,276,0,90+ days
14261,5836.94,2025-04-14,2025-11-09,209,0,90+ days
14266,1554.81,2025-07-29,null,null,0,No Repeat
14271,6338.18,2025-05-13,2025-06-03,21,1,8-30 days
14273,9650.15,2025-05-07,2026-02-07,276,0,90+ days
14288,8495.29,2026-01-13,2026-02-02,20,1,8-30 days
14301,2352.24,2025-11-04,null,null,0,No Repeat
14315,1870.78,2025-12-06,null,null,0,No Repeat
14323,3081.09,2025-03-12,null,null,0,No Repeat
14338,3626.07,2025-09-06,null,null,0,No Repeat
14347,7550.68,2025-05-20,2025-06-19,30,1,8-30 days
14355,5753.86,2025-06-27,2025-10-19,114,0,90+ days
14360,1626.87,2025-05-30,null,null,0,No Repeat
14365,4000.77,2025-08-04,2025-10-04,61,0,61-90 days
14368,2930.49,2025-06-02,null,null,0,No Repeat
14369,10179.97,2025-03-13,2025-08-11,151,0,90+ days
14371,2008.43,2025-12-20,null,null,0,No Repeat
14386,9812.15,2025-03-15,2025-06-13,90,0,61-90 days
14394,10731.39,2025-06-09,2026-01-27,232,0,90+ days
14400,2296.92,2025-11-01,null,null,0,No Repeat
14402,4558.31,2025-11-27,null,null,0,No Repeat
14405,3294.22,2026-01-10,null,null,0,No Repeat
14409,369.42,2025-12-15,null,null,0,No Repeat
14429,1846.24,2025-06-27,null,null,0,No Repeat
14431,8977.65,2025-03-26,2025-06-14,80,0,61-90 days
14436,3430.05,2025-09-29,2026-02-22,146,0,90+ days
14440,8391.43,2025-03-07,2025-06-24,109,0,90+ days
14441,4645.01,2025-10-08,null,null,0,No Repeat
14442,3591.91,2025-07-05,2026-02-17,227,0,90+ days
14444,11416.74,2025-03-30,2025-04-16,17,1,8-30 days
14459,5111.47,2025-11-24,2025-11-28,4,1,0-7 days
14460,4209.42,2025-03-17,2025-07-15,120,0,90+ days
14463,1995.84,2025-03-09,null,null,0,No Repeat
14471,3235.47,2026-01-09,null,null,0,No Repeat
14472,5399.32,2025-03-15,2025-12-30,290,0,90+ days
14481,988.83,2025-07-08,null,null,0,No Repeat
14486,982.17,2025-09-10,null,null,0,No Repeat
14488,4659.46,2025-10-19,2026-02-16,120,0,90+ days
14507,4807.64,2026-01-03,null,null,0,No Repeat
14509,8538.85,2025-05-17,2025-07-05,49,0,31-60 days
14517,3450.24,2026-02-05,null,null,0,No Repeat
14531,910.69,2025-08-01,null,null,0,No Repeat
14534,1744.29,2025-07-29,null,null,0,No Repeat
14536,3346.68,2025-07-06,2026-01-19,197,0,90+ days
14543,5552.21,2025-11-07,2026-02-01,86,0,61-90 days
14547,12401.18,2025-03-13,2025-11-05,237,0,90+ days
14553,4832.17,2025-03-29,null,null,0,No Repeat
14555,8316.94,2025-03-26,2025-05-29,64,0,61-90 days
14563,11812.48,2025-06-30,2025-07-11,11,1,8-30 days
14583,7897.77,2025-07-28,2026-01-22,178,0,90+ days
14584,5850.21,2025-06-19,2026-01-23,218,0,90+ days
14591,7486.25,2025-06-30,2025-09-26,88,0,61-90 days
14592,4605.88,2025-12-03,null,null,0,No Repeat
14604,10463.93,2025-04-10,2025-06-21,72,0,61-90 days
14611,5687.23,2025-06-08,2025-07-11,33,0,31-60 days
14613,5741.91,2025-03-14,2025-07-08,116,0,90+ days
14619,4588.13,2025-11-03,null,null,0,No Repeat
14626,4780.24,2025-03-13,null,null,0,No Repeat
14627,1033.36,2025-07-01,null,null,0,No Repeat
14628,1033.67,2025-07-16,null,null,0,No Repeat
14629,4620.37,2025-12-02,null,null,0,No Repeat
14631,3301.28,2025-06-01,2026-02-09,253,0,90+ days
14632,4258.9,2025-03-03,2025-05-24,82,0,61-90 days
14633,4609.12,2025-08-03,null,null,0,No Repeat
14640,3216.97,2025-06-17,2025-10-06,111,0,90+ days
14648,9792.33,2025-10-02,2025-10-03,1,1,0-7 days
14651,2943.59,2025-07-09,null,null,0,No Repeat
14660,5817.51,2025-05-09,2025-07-27,79,0,61-90 days
14667,6069.9,2025-05-25,2025-09-09,107,0,90+ days
14670,8246.92,2025-06-29,2025-07-20,21,1,8-30 days
14674,14450.36,2025-03-13,2025-03-14,1,1,0-7 days
14684,11336.84,2025-03-25,2025-05-02,38,0,31-60 days
14692,8310.8,2025-08-10,2025-12-21,133,0,90+ days
14699,7614.79,2025-11-04,2026-02-12,100,0,90+ days
14700,12664.59,2025-03-01,2025-03-05,4,1,0-7 days
14706,6968.86,2025-05-03,2025-05-17,14,1,8-30 days
14720,802.52,2025-12-23,null,null,0,No Repeat
14721,3357.93,2025-04-16,null,null,0,No Repeat
14726,6376.15,2025-09-11,2026-01-07,118,0,90+ days
14744,4674.19,2025-06-02,null,null,0,No Repeat
14747,5818.55,2025-10-26,2025-11-23,28,1,8-30 days
14749,232.37,2026-01-20,null,null,0,No Repeat
14757,6964.81,2025-03-28,2025-06-25,89,0,61-90 days
14773,3802.29,2025-09-12,null,null,0,No Repeat
14783,8292.14,2025-03-13,2025-05-25,73,0,61-90 days
14789,3690.75,2026-02-23,null,null,0,No Repeat
14792,5943.03,2025-04-13,2025-05-01,18,1,8-30 days
14793,2997.84,2025-03-04,2025-11-20,261,0,90+ days
14798,6351.45,2025-09-28,2025-11-17,50,0,31-60 days
14807,6069.29,2025-10-28,2025-11-18,21,1,8-30 days
14812,4194.46,2025-09-15,null,null,0,No Repeat
14814,3239.78,2025-03-02,2025-06-26,116,0,90+ days
14821,2136.66,2025-09-03,null,null,0,No Repeat
14829,5472.49,2025-08-30,2025-10-05,36,0,31-60 days
14837,3153.26,2025-10-27,null,null,0,No Repeat
14842,3508.02,2025-06-21,2025-12-05,167,0,90+ days
14852,6688.45,2025-03-15,2025-11-28,258,0,90+ days
14854,6183.57,2026-01-13,2026-01-28,15,1,8-30 days
14857,216.18,2025-12-31,null,null,0,No Repeat
14860,10000.14,2025-08-03,2025-08-13,10,1,8-30 days
14864,2395.79,2025-04-03,null,null,0,No Repeat
14865,2621.19,2026-01-14,null,null,0,No Repeat
14871,2801.41,2025-10-30,null,null,0,No Repeat
14872,2826.47,2026-02-10,null,null,0,No Repeat
14880,1915.91,2025-03-05,null,null,0,No Repeat
14881,3509.11,2025-08-24,null,null,0,No Repeat
14885,5406.63,2025-05-29,2025-12-31,216,0,90+ days
14886,7073.85,2025-04-19,2025-12-25,250,0,90+ days
14888,4774.39,2025-10-25,2026-01-03,70,0,61-90 days
14890,6796.67,2025-04-10,2026-02-06,302,0,90+ days
14894,578.1,2026-02-25,null,null,0,No Repeat
14901,3618.38,2025-09-06,null,null,0,No Repeat
14903,7591.33,2025-07-18,2025-12-17,152,0,90+ days
14912,3466.26,2025-12-02,null,null,0,No Repeat
14913,8767.15,2025-08-01,2025-08-29,28,1,8-30 days
14917,2608.73,2025-10-29,null,null,0,No Repeat
14923,6609.84,2025-07-25,2025-10-17,84,0,61-90 days
14934,1686.47,2025-04-23,2025-10-31,191,0,90+ days
14935,3305.82,2025-09-11,null,null,0,No Repeat
14946,1496.85,2026-02-09,null,null,0,No Repeat
14952,10645.91,2025-04-10,2025-09-05,148,0,90+ days
14958,3120.45,2025-08-31,null,null,0,No Repeat
14966,9032.96,2025-04-13,2025-10-26,196,0,90+ days
14970,5965.84,2025-07-28,2026-01-14,170,0,90+ days
14972,13378.41,2025-05-19,2025-07-04,46,0,31-60 days
14977,9600.05,2025-03-03,2025-04-23,51,0,31-60 days
14982,3245.54,2026-01-10,null,null,0,No Repeat
14991,1635.99,2025-04-13,null,null,0,No Repeat
14993,3234.66,2025-07-11,null,null,0,No Repeat
14994,2360.78,2025-05-07,2025-11-13,190,0,90+ days
14999,3421.3,2025-03-30,null,null,0,No Repeat
15009,3912.03,2025-12-21,null,null,0,No Repeat
15017,5083.59,2025-07-30,2025-09-25,57,0,31-60 days
15030,10745.03,2025-06-27,2025-09-25,90,0,61-90 days
15031,2023.59,2025-07-15,2025-11-16,124,0,90+ days
15035,8611.6,2025-04-26,2025-06-12,47,0,31-60 days
15041,6562.54,2025-03-11,2025-11-17,251,0,90+ days
15043,1591.91,2025-07-07,2025-10-22,107,0,90+ days
15045,7783.96,2025-05-30,2025-12-27,211,0,90+ days
15048,4196.06,2025-09-08,null,null,0,No Repeat
15049,8377.15,2025-04-28,2025-06-14,47,0,31-60 days
15053,4136.52,2025-05-04,null,null,0,No Repeat
15065,2398.16,2025-12-04,2026-01-27,54,0,31-60 days
15068,1522.69,2025-05-10,null,null,0,No Repeat
15076,1880.19,2025-03-23,null,null,0,No Repeat
15078,1888.32,2025-11-23,2026-01-07,45,0,31-60 days
15081,4713.65,2025-09-22,2025-10-08,16,1,8-30 days
15082,6248.09,2025-10-26,2025-12-19,54,0,31-60 days
15085,10398.97,2025-03-20,2025-07-11,113,0,90+ days
15091,2775.96,2025-08-05,null,null,0,No Repeat
15094,7331.15,2025-06-01,2025-08-20,80,0,61-90 days
15102,2584.86,2025-10-12,null,null,0,No Repeat
15105,878.56,2025-04-07,null,null,0,No Repeat
15111,4822.03,2025-12-02,2026-01-17,46,0,31-60 days
15112,7385.3,2026-01-07,2026-01-29,22,1,8-30 days
15115,11401.24,2025-07-24,2025-11-30,129,0,90+ days
15117,7137.98,2025-07-23,2025-10-30,99,0,90+ days
15122,3397.15,2025-06-04,null,null,0,No Repeat
15126,1235.01,2025-06-08,null,null,0,No Repeat
15129,3403.6,2025-09-04,2025-12-09,96,0,90+ days
15134,808.46,2025-06-01,null,null,0,No Repeat
15154,5928.61,2025-04-18,2025-12-08,234,0,90+ days
15156,5507.1,2025-05-01,2025-05-06,5,1,0-7 days
15167,4047.39,2025-07-31,null,null,0,No Repeat
15175,2481.65,2025-08-25,2026-01-23,151,0,90+ days
15177,3259.05,2026-01-20,null,null,0,No Repeat
15184,9107.42,2025-10-08,2026-02-06,121,0,90+ days
15185,4801.21,2025-07-11,2025-08-19,39,0,31-60 days
15209,4648.16,2025-03-20,null,null,0,No Repeat
15215,10464.37,2025-09-16,2025-12-20,95,0,90+ days
15236,4649.51,2025-08-30,2025-10-27,58,0,31-60 days
15238,5388.43,2025-04-25,2025-08-29,126,0,90+ days
15240,5361.1,2025-06-18,2025-06-25,7,1,0-7 days
15241,5155.73,2025-03-04,2025-05-06,63,0,61-90 days
15243,2579.8,2025-11-20,null,null,0,No Repeat
15244,1568.53,2025-12-31,null,null,0,No Repeat
15249,2011.66,2025-08-05,null,null,0,No Repeat
15254,2616.07,2025-03-24,2025-04-06,13,1,8-30 days
15257,8651.78,2025-08-15,2026-01-19,157,0,90+ days
15275,1554.81,2025-08-11,null,null,0,No Repeat
15282,4209.06,2026-02-17,null,null,0,No Repeat
15286,13269.3,2025-07-30,2025-09-15,47,0,31-60 days
15289,5515.75,2025-07-17,2025-10-23,98,0,90+ days
15292,1540.75,2025-09-01,null,null,0,No Repeat
15293,4749.41,2025-05-31,null,null,0,No Repeat
15300,2363.47,2025-08-22,null,null,0,No Repeat
15306,4456.4,2025-09-18,null,null,0,No Repeat
15308,5898.56,2025-06-14,2025-07-08,24,1,8-30 days
15310,452.96,2025-09-15,null,null,0,No Repeat
15315,1453.44,2026-02-04,null,null,0,No Repeat
15321,6839.93,2025-08-12,2025-09-02,21,1,8-30 days
15325,744.28,2025-09-04,null,null,0,No Repeat
15343,10333.12,2025-07-11,2025-08-08,28,1,8-30 days
15358,10270.85,2025-05-03,2025-06-17,45,0,31-60 days
15362,3722.14,2025-05-20,null,null,0,No Repeat
15370,11675.38,2025-05-05,2025-05-29,24,1,8-30 days
15375,2889.4,2025-04-18,2025-05-14,26,1,8-30 days
15376,5798.16,2025-06-14,2025-06-19,5,1,0-7 days
15379,10739.06,2025-05-20,2025-07-28,69,0,61-90 days
15382,12822.85,2025-03-08,2025-12-15,282,0,90+ days
15383,3483.83,2025-08-17,2025-12-04,109,0,90+ days
15390,2954.05,2025-09-08,null,null,0,No Repeat
15403,4242.75,2026-01-23,null,null,0,No Repeat
15404,11329.58,2025-03-21,2025-04-28,38,0,31-60 days
15408,4488.17,2025-05-05,2025-07-26,82,0,61-90 days
15413,4669.28,2026-01-29,null,null,0,No Repeat
15414,8829.85,2025-03-03,2025-09-06,187,0,90+ days
15417,5912.37,2025-06-04,2025-07-30,56,0,31-60 days
15423,9219.06,2025-07-15,2025-09-20,67,0,61-90 days
15427,6519.95,2025-06-26,2025-10-02,98,0,90+ days
15433,7405.26,2025-03-02,2025-12-31,304,0,90+ days
15448,7136.54,2025-03-10,2026-01-31,327,0,90+ days
15449,1784.16,2026-02-07,null,null,0,No Repeat
15459,9298.39,2025-09-11,2025-10-11,30,1,8-30 days
15468,2309.2,2025-11-02,2025-11-24,22,1,8-30 days
15471,10482.73,2025-05-04,2025-07-06,63,0,61-90 days
15476,5500.59,2025-06-21,2025-07-09,18,1,8-30 days
15483,4569.26,2025-08-24,2026-02-03,163,0,90+ days
15496,5606.87,2025-03-18,2025-06-09,83,0,61-90 days
15501,8587.38,2025-03-19,2025-07-30,133,0,90+ days
15510,3894.15,2026-02-10,null,null,0,No Repeat
15523,4576.13,2025-06-26,2025-12-17,174,0,90+ days
15529,9037.08,2025-07-03,2025-09-20,79,0,61-90 days
15535,6156.86,2025-03-05,2025-03-17,12,1,8-30 days
15537,5521.74,2025-05-23,2025-07-11,49,0,31-60 days
15538,1485.11,2025-04-23,null,null,0,No Repeat
15543,6854.59,2025-04-06,2025-07-19,104,0,90+ days
15544,1469.01,2025-04-24,null,null,0,No Repeat
15547,20361.83,2025-05-26,2025-11-13,171,0,90+ days
15550,10988.69,2025-06-24,2025-11-13,142,0,90+ days
15559,330.59,2026-01-22,null,null,0,No Repeat
15567,4700.3,2025-07-11,2026-02-11,215,0,90+ days
15578,2933.82,2025-11-05,null,null,0,No Repeat
15580,6191.95,2025-06-17,2025-11-09,145,0,90+ days
15587,8693.17,2025-03-23,2025-07-25,124,0,90+ days
15593,3537.28,2025-08-05,2025-12-16,133,0,90+ days
15598,5407.67,2025-04-18,2025-07-25,98,0,90+ days
15602,266.83,2025-10-21,null,null,0,No Repeat
15613,8953.97,2025-09-24,2025-10-24,30,1,8-30 days
15614,11500.08,2025-04-04,2025-09-08,157,0,90+ days
15623,6375.76,2025-08-11,2025-10-01,51,0,31-60 days
15624,2710.77,2025-10-05,2026-02-03,121,0,90+ days
15630,2711.18,2025-04-17,null,null,0,No Repeat
15634,3875.14,2025-07-14,2025-08-21,38,0,31-60 days
15651,5434.92,2025-04-12,2026-02-07,301,0,90+ days
15660,3307.17,2025-03-07,2025-06-11,96,0,90+ days
15665,2427.83,2025-05-22,null,null,0,No Repeat
15667,4379.11,2025-04-09,2025-10-31,205,0,90+ days
15670,4767.12,2026-02-06,null,null,0,No Repeat
15672,2559.72,2026-02-14,null,null,0,No Repeat
15674,1190.19,2025-04-10,null,null,0,No Repeat
15686,1548.05,2025-11-15,null,null,0,No Repeat
15691,8728.88,2026-01-13,2026-01-13,0,1,0-7 days
15692,2289.3,2025-12-24,null,null,0,No Repeat
15695,5182.56,2025-05-25,2025-11-20,179,0,90+ days
15698,7162.03,2025-07-21,2026-02-15,209,0,90+ days
15701,8588.01,2025-05-02,2026-01-01,244,0,90+ days
15704,1265.2,2025-04-18,null,null,0,No Repeat
15708,7181.18,2025-03-06,2025-04-04,29,1,8-30 days
15714,283.62,2025-08-08,null,null,0,No Repeat
15719,4936.48,2025-05-28,null,null,0,No Repeat
15720,9789.74,2025-08-22,2025-11-07,77,0,61-90 days
15725,4124,2025-04-20,2025-05-10,20,1,8-30 days
15730,938.84,2025-09-04,null,null,0,No Repeat
15736,10602.23,2025-06-10,2025-08-01,52,0,31-60 days
15738,4225.63,2025-08-22,2025-11-07,77,0,61-90 days
15755,4873.66,2026-01-12,null,null,0,No Repeat
15760,2625.11,2025-08-01,2025-09-23,53,0,31-60 days
15763,5516.66,2025-03-06,2025-03-23,17,1,8-30 days
15771,6975.58,2025-04-14,2025-05-13,29,1,8-30 days
15777,5282.62,2025-03-11,2026-01-26,321,0,90+ days
15779,2831.74,2025-09-12,null,null,0,No Repeat
15783,730.44,2025-09-16,null,null,0,No Repeat
15791,14105.47,2025-05-10,2025-06-20,41,0,31-60 days
15799,211.37,2025-09-22,null,null,0,No Repeat
15803,2271.54,2025-05-11,2025-09-11,123,0,90+ days
15815,14074.31,2025-03-26,2025-04-03,8,1,8-30 days
15821,240.14,2026-02-19,null,null,0,No Repeat
15836,2109.27,2025-07-10,2026-01-21,195,0,90+ days
15844,1163.24,2025-07-28,null,null,0,No Repeat
15845,7581.96,2025-05-09,2025-11-25,200,0,90+ days
15847,4379.05,2025-03-31,2025-07-05,96,0,90+ days
15855,2199.46,2025-06-06,2025-07-24,48,0,31-60 days
15858,3921.26,2025-08-05,2025-10-01,57,0,31-60 days
15860,526.7,2025-12-16,null,null,0,No Repeat
15869,2979.96,2025-08-31,null,null,0,No Repeat
15870,3426.71,2025-07-12,null,null,0,No Repeat
15885,357.11,2025-12-10,null,null,0,No Repeat
15889,1501.4,2025-03-03,null,null,0,No Repeat
15891,7501.82,2025-03-12,2026-01-09,303,0,90+ days
15894,6318.93,2025-12-27,2026-02-16,51,0,31-60 days
15918,5582.55,2025-08-24,2025-12-24,122,0,90+ days
15967,1418.16,2025-11-27,null,null,0,No Repeat
15973,6037.95,2025-04-03,2025-09-06,156,0,90+ days
15979,7596.16,2025-06-23,2025-11-20,150,0,90+ days
15987,11766.68,2025-05-01,2025-08-04,95,0,90+ days
15989,8934.34,2025-05-13,2025-12-02,203,0,90+ days
15993,8929.26,2025-08-01,2025-09-16,46,0,31-60 days
15999,2979.5,2025-05-22,null,null,0,No Repeat
16000,14658.8,2025-04-25,2025-07-01,67,0,61-90 days
16001,9753.02,2025-10-04,2026-02-13,132,0,90+ days
16009,9592.55,2025-03-26,2025-06-02,68,0,61-90 days
16016,7286.79,2025-08-14,2025-08-23,9,1,8-30 days
16017,2368.43,2025-05-12,null,null,0,No Repeat
16025,3544.79,2025-12-02,2025-12-23,21,1,8-30 days
16031,8648.09,2025-04-29,2025-05-06,7,1,0-7 days
16032,7490.31,2025-03-08,2025-03-15,7,1,0-7 days
16050,8797.44,2025-04-30,2025-10-03,156,0,90+ days
16051,825.29,2025-11-30,null,null,0,No Repeat
16059,3872.47,2025-06-29,2025-12-18,172,0,90+ days
16064,5690.64,2025-03-24,2025-03-25,1,1,0-7 days
16081,17717.73,2025-03-20,2025-06-17,89,0,61-90 days
16085,13139.01,2025-04-23,2025-05-28,35,0,31-60 days
16090,4819.17,2025-07-06,null,null,0,No Repeat
16096,6047.82,2025-05-17,2025-09-27,133,0,90+ days
16098,8329.82,2025-07-04,2025-11-16,135,0,90+ days
16105,609.45,2025-12-28,null,null,0,No Repeat
16107,4922.22,2025-04-07,2025-11-26,233,0,90+ days
16109,4362.6,2025-09-01,2026-01-13,134,0,90+ days
16112,4354.15,2026-01-21,null,null,0,No Repeat
16114,4645.71,2025-07-16,2025-11-29,136,0,90+ days
16119,7225.48,2025-06-28,2026-01-08,194,0,90+ days
16120,5982.04,2025-04-12,2025-07-18,97,0,90+ days
16129,10551.37,2025-10-26,2025-10-27,1,1,0-7 days
16130,5716.46,2025-05-31,2025-07-18,48,0,31-60 days
16136,3871.19,2025-11-12,null,null,0,No Repeat
16142,1975.23,2025-04-03,null,null,0,No Repeat
16146,812.6,2025-08-26,null,null,0,No Repeat
16151,3283.22,2025-09-18,null,null,0,No Repeat
16156,4914.27,2025-06-13,2026-02-17,249,0,90+ days
16166,3623.64,2025-04-21,2025-12-14,237,0,90+ days
16168,5359.13,2025-09-12,2025-10-22,40,0,31-60 days
16179,7426.01,2025-05-05,2025-05-31,26,1,8-30 days
16190,2482.83,2025-03-07,null,null,0,No Repeat
16193,6182.72,2025-04-02,2026-02-03,307,0,90+ days
16203,853.38,2025-05-23,null,null,0,No Repeat
16226,9156.83,2025-05-14,2025-05-21,7,1,0-7 days
16236,4858.89,2025-06-26,2026-02-02,221,0,90+ days
16247,3414.17,2026-02-01,null,null,0,No Repeat
16250,6418.55,2025-11-18,2026-01-24,67,0,61-90 days
16260,3838.11,2025-06-05,null,null,0,No Repeat
16261,15498.09,2025-07-24,2025-08-26,33,0,31-60 days
16263,6602.29,2025-04-12,2025-06-24,73,0,61-90 days
16270,3090.76,2026-01-04,null,null,0,No Repeat
16271,1122.06,2025-10-29,null,null,0,No Repeat
16274,4104.2,2025-07-31,2025-10-25,86,0,61-90 days
16277,6261.63,2025-04-26,2025-06-01,36,0,31-60 days
16278,3591.37,2025-03-08,2025-11-03,240,0,90+ days
16279,4407.66,2025-05-14,2025-07-03,50,0,31-60 days
16283,2119.3,2026-01-25,null,null,0,No Repeat
16291,2456.49,2025-03-13,2025-07-21,130,0,90+ days
16294,3366.55,2025-06-26,null,null,0,No Repeat
16297,599.6,2025-05-20,null,null,0,No Repeat
16313,5836.03,2025-06-21,2025-07-16,25,1,8-30 days
16319,5426.71,2025-09-06,2025-12-01,86,0,61-90 days
16320,11302.66,2025-08-06,2025-12-04,120,0,90+ days
16331,7258.33,2025-04-20,2025-09-26,159,0,90+ days
16334,5484.88,2025-03-04,2025-09-18,198,0,90+ days
16337,2981.81,2025-04-29,null,null,0,No Repeat
16380,4655.47,2025-07-19,null,null,0,No Repeat
16384,2557.39,2025-12-11,null,null,0,No Repeat
16396,4812.85,2025-10-08,2025-12-09,62,0,61-90 days
16398,6170.59,2025-03-29,2025-06-13,76,0,61-90 days
16419,1407.77,2025-07-08,2025-08-07,30,1,8-30 days
16429,4551.73,2025-09-18,null,null,0,No Repeat
16433,4104.91,2025-04-26,null,null,0,No Repeat
16444,12153.57,2025-08-11,2025-12-06,117,0,90+ days
16445,3520.7,2025-10-23,null,null,0,No Repeat
16446,7910.66,2025-03-08,2025-06-01,85,0,61-90 days
16448,4748.21,2025-07-09,2025-12-17,161,0,90+ days
16449,9928.86,2025-03-22,2025-11-18,241,0,90+ days
16455,1337.15,2025-09-09,null,null,0,No Repeat
16470,1288.28,2025-09-15,null,null,0,No Repeat
16472,4470.34,2025-03-23,null,null,0,No Repeat
16475,2208.08,2025-07-20,null,null,0,No Repeat
16487,4545.01,2025-10-22,null,null,0,No Repeat
16492,1233.2,2025-07-16,null,null,0,No Repeat
16495,3859.86,2025-05-16,null,null,0,No Repeat
16501,6729.38,2025-03-31,2025-04-20,20,1,8-30 days
16505,957.13,2025-12-31,null,null,0,No Repeat
16517,11053.13,2025-05-06,2025-09-19,136,0,90+ days
16520,4177.61,2025-04-27,2026-02-19,298,0,90+ days
16523,3088.09,2026-01-21,null,null,0,No Repeat
16524,352.29,2025-04-02,null,null,0,No Repeat
16528,3029.54,2026-01-13,null,null,0,No Repeat
16541,7655.82,2025-10-27,2026-01-21,86,0,61-90 days
16542,3462.7,2025-09-28,null,null,0,No Repeat
16544,4054.08,2025-12-31,null,null,0,No Repeat
16551,4743.37,2025-03-25,null,null,0,No Repeat
16556,2281.29,2025-12-30,null,null,0,No Repeat
16558,7765.97,2025-09-13,2025-11-10,58,0,31-60 days
16559,1052.85,2025-12-15,2026-01-19,35,0,31-60 days
16569,4112.07,2026-01-21,null,null,0,No Repeat
16573,6358.2,2025-04-04,2025-07-06,93,0,90+ days
16574,5147.33,2025-05-04,2025-07-27,84,0,61-90 days
16590,7871.14,2025-05-16,2025-08-21,97,0,90+ days
16600,7489.98,2025-03-17,2025-07-14,119,0,90+ days
16609,8842.29,2025-03-09,2025-07-27,140,0,90+ days
16643,6705.53,2025-05-20,2025-07-29,70,0,61-90 days
16644,1213.44,2025-03-20,2026-02-09,326,0,90+ days
16656,8171.34,2025-06-01,2025-06-19,18,1,8-30 days
16658,10781.37,2025-06-04,2025-06-09,5,1,0-7 days
16662,1121.93,2025-10-17,null,null,0,No Repeat
16665,2219.43,2025-07-07,2025-07-21,14,1,8-30 days
16675,1563.62,2025-04-09,2025-06-26,78,0,61-90 days
16689,4705.7,2025-04-11,null,null,0,No Repeat
16691,3740.41,2026-01-01,null,null,0,No Repeat
16694,4138.93,2026-02-04,null,null,0,No Repeat
16706,482.27,2025-12-14,null,null,0,No Repeat
16719,12128.77,2025-03-08,2025-03-19,11,1,8-30 days
16731,3260.95,2025-05-06,null,null,0,No Repeat
16739,3126.96,2026-01-22,null,null,0,No Repeat
16749,2318.83,2025-06-24,null,null,0,No Repeat
16770,9319.27,2025-11-13,2025-12-18,35,0,31-60 days
16772,3326.68,2025-06-11,2025-12-28,200,0,90+ days
16779,7703.42,2025-03-12,2025-07-25,135,0,90+ days
16782,14634.59,2025-06-24,2025-06-28,4,1,0-7 days
16796,1415.87,2025-12-30,null,null,0,No Repeat
16808,5937.21,2025-04-01,2025-12-07,250,0,90+ days
16822,5271.38,2025-08-18,2026-02-03,169,0,90+ days
16848,3151.84,2025-12-11,null,null,0,No Repeat
16850,1756.76,2025-10-16,null,null,0,No Repeat
16853,8114.22,2025-04-16,2026-01-09,268,0,90+ days
16856,1464.87,2025-12-25,null,null,0,No Repeat
16869,844.46,2025-07-23,null,null,0,No Repeat
16876,3954.24,2025-04-28,2025-07-07,70,0,61-90 days
16877,2872.97,2025-10-23,2025-11-15,23,1,8-30 days
16881,1163.39,2025-08-10,null,null,0,No Repeat
16886,8287.19,2025-07-14,2025-09-04,52,0,31-60 days
16911,5249.83,2025-04-15,2025-11-22,221,0,90+ days
16912,7155.04,2025-05-11,2025-09-27,139,0,90+ days
16922,9436.58,2025-08-19,2025-09-25,37,0,31-60 days
16925,6409.67,2025-04-24,2025-06-02,39,0,31-60 days
16928,6788.93,2025-05-26,2025-09-08,105,0,90+ days
16937,11065.66,2025-09-25,2025-11-08,44,0,31-60 days
16944,8831.96,2025-05-14,2025-08-01,79,0,61-90 days
16949,4352.49,2025-04-26,2025-06-08,43,0,31-60 days
16952,2374.49,2025-04-06,null,null,0,No Repeat
16969,2699.83,2025-08-29,null,null,0,No Repeat
16976,5372.64,2025-07-01,2025-09-14,75,0,61-90 days
16997,1434.35,2025-04-29,2026-02-16,293,0,90+ days
17012,5380.16,2025-03-12,2025-10-03,205,0,90+ days
17013,1407.19,2025-11-19,null,null,0,No Repeat
17015,5291.36,2025-03-15,2025-05-25,71,0,61-90 days
17019,7458.3,2025-04-09,2025-06-25,77,0,61-90 days
17026,4746.73,2025-11-07,null,null,0,No Repeat
17028,4416.14,2025-03-07,null,null,0,No Repeat
17036,3485.9,2025-11-15,null,null,0,No Repeat
17042,6341.91,2025-11-08,2026-01-09,62,0,61-90 days
17050,3868.87,2025-07-29,null,null,0,No Repeat
17051,3240.67,2026-01-15,null,null,0,No Repeat
17055,7816.29,2025-07-06,2025-08-25,50,0,31-60 days
17061,5480.01,2025-06-16,2025-12-27,194,0,90+ days
17067,8106.5,2025-04-15,2025-10-09,177,0,90+ days
17070,4289.26,2025-09-11,null,null,0,No Repeat
17075,228.53,2025-07-04,null,null,0,No Repeat
17081,2771.65,2025-05-27,2025-08-15,80,0,61-90 days
17086,4487.28,2025-04-14,2025-05-29,45,0,31-60 days
17088,14054.33,2025-05-20,2025-06-11,22,1,8-30 days
17089,5639.15,2025-09-08,2025-11-21,74,0,61-90 days
17094,8062.36,2025-09-03,2025-12-10,98,0,90+ days
17097,7343.23,2025-06-17,2026-01-29,226,0,90+ days
17100,2916.69,2025-05-25,2026-01-01,221,0,90+ days
17106,1415.12,2025-09-18,null,null,0,No Repeat
17111,7375.54,2025-04-24,2026-02-07,289,0,90+ days
17119,8515.03,2025-05-02,2025-05-03,1,1,0-7 days
17120,2533.32,2026-01-03,null,null,0,No Repeat
17128,7690.1,2025-05-20,2025-06-08,19,1,8-30 days
17130,7958.38,2025-04-25,2025-09-19,147,0,90+ days
17145,4474.78,2025-11-20,null,null,0,No Repeat
17155,6730.33,2026-01-24,2026-02-04,11,1,8-30 days
17157,4168.83,2025-11-06,2025-11-27,21,1,8-30 days
17158,8459.49,2025-06-02,2025-07-03,31,0,31-60 days
17169,2431.63,2025-10-18,null,null,0,No Repeat
17170,2750.06,2025-07-25,2025-12-22,150,0,90+ days
17172,3370.88,2025-10-30,null,null,0,No Repeat
17187,10083.67,2025-06-09,2025-12-09,183,0,90+ days
17193,11748.08,2025-04-01,2025-07-31,121,0,90+ days
17203,527.55,2026-02-22,null,null,0,No Repeat
17207,4073.67,2026-01-04,null,null,0,No Repeat
17215,8694.62,2025-08-07,2025-09-20,44,0,31-60 days
17225,4388.76,2025-06-16,2025-11-21,158,0,90+ days
17243,6133.2,2025-03-25,2025-12-15,265,0,90+ days
17256,11045.49,2025-06-12,2025-08-19,68,0,61-90 days
17260,4359.36,2025-11-21,2026-02-17,88,0,61-90 days
17264,11066.63,2025-04-13,2025-10-05,175,0,90+ days
17275,4831.9,2025-12-05,null,null,0,No Repeat
17279,7258.33,2025-10-10,2026-01-08,90,0,61-90 days
17280,7203.07,2025-06-21,2025-10-21,122,0,90+ days
17285,8587.43,2025-03-07,2026-01-10,309,0,90+ days
17305,7595.71,2025-08-15,2025-12-09,116,0,90+ days
17306,1301.25,2025-08-10,2026-01-04,147,0,90+ days
17308,7484.33,2025-06-15,2025-06-25,10,1,8-30 days
17313,4158.41,2025-11-30,null,null,0,No Repeat
17321,1974.79,2025-11-19,null,null,0,No Repeat
17324,10379.34,2025-04-02,2025-09-04,155,0,90+ days
17327,7889.74,2025-07-10,2025-09-01,53,0,31-60 days
17329,10901.76,2025-03-13,2025-03-14,1,1,0-7 days
17336,5544.21,2025-05-09,2025-09-02,116,0,90+ days
17352,1019.93,2025-07-25,null,null,0,No Repeat
17356,8306.75,2025-08-22,2026-01-17,148,0,90+ days
17360,1425.22,2025-05-26,null,null,0,No Repeat
17398,6480.44,2025-06-17,2025-09-25,100,0,90+ days
17400,4733.24,2026-02-03,null,null,0,No Repeat
17415,11402.23,2025-06-04,2025-06-11,7,1,0-7 days
17416,5833.27,2025-11-24,2026-01-29,66,0,61-90 days
17424,634.58,2025-07-27,null,null,0,No Repeat
17427,751.13,2026-01-13,null,null,0,No Repeat
17431,6350.46,2025-10-17,2025-11-11,25,1,8-30 days
17432,2810.18,2025-12-21,null,null,0,No Repeat
17433,3815.34,2025-10-29,null,null,0,No Repeat
17440,4936.09,2026-01-13,null,null,0,No Repeat
17443,10303.29,2025-11-08,2025-12-11,33,0,31-60 days
17462,926.84,2025-04-22,null,null,0,No Repeat
17464,9783.56,2025-04-22,2025-08-28,128,0,90+ days
17470,8101.45,2025-05-19,2025-10-27,161,0,90+ days
17473,8195.15,2025-09-12,2025-10-05,23,1,8-30 days
17477,7178.23,2025-04-05,2025-06-13,69,0,61-90 days
17484,3954.24,2025-06-27,2025-10-22,117,0,90+ days
17487,6200.28,2025-05-31,2025-06-22,22,1,8-30 days
17493,1617.71,2025-07-25,null,null,0,No Repeat
17495,6545.75,2025-12-01,2026-01-04,34,0,31-60 days
17498,2685.37,2025-05-18,2026-01-14,241,0,90+ days
17509,8179.59,2025-03-23,2025-06-21,90,0,61-90 days
17510,13192.6,2025-03-12,2025-04-11,30,1,8-30 days
17525,2163.13,2025-03-16,null,null,0,No Repeat
17535,3540.54,2025-07-14,2025-10-07,85,0,61-90 days
17536,4739.29,2025-11-18,null,null,0,No Repeat
17554,4995.57,2025-06-07,2025-09-24,109,0,90+ days
17567,11734.35,2025-07-10,2025-09-29,81,0,61-90 days
17568,6739.41,2025-05-01,2025-11-07,190,0,90+ days
17584,1807.9,2025-11-26,null,null,0,No Repeat
17593,10162.47,2025-03-20,2025-06-13,85,0,61-90 days
17604,12912.04,2025-06-11,2025-11-08,150,0,90+ days
17611,2870.72,2025-09-17,null,null,0,No Repeat
17620,3850.49,2025-04-30,null,null,0,No Repeat
17623,8051.58,2025-05-12,2025-06-07,26,1,8-30 days
17634,1399.91,2025-08-05,null,null,0,No Repeat
17635,10298.12,2025-06-09,2025-09-20,103,0,90+ days
17643,7729,2025-05-10,2025-05-21,11,1,8-30 days
17678,3952.1,2025-03-07,2025-03-31,24,1,8-30 days
17701,3260.07,2025-08-16,null,null,0,No Repeat
17704,1811.95,2026-02-11,null,null,0,No Repeat
17710,7313.93,2025-06-29,2025-07-04,5,1,0-7 days
17732,11152.76,2025-07-03,2025-08-24,52,0,31-60 days
17735,998.2,2025-10-17,null,null,0,No Repeat
17736,470.82,2025-07-11,null,null,0,No Repeat
17737,5146.73,2025-06-22,2025-11-27,158,0,90+ days
17738,3776.92,2025-07-20,2026-02-15,210,0,90+ days
17751,3649.71,2025-07-03,2026-01-09,190,0,90+ days
17758,6161.82,2025-09-30,2025-11-24,55,0,31-60 days
17762,5041.75,2025-05-03,2026-01-23,265,0,90+ days
17766,1789.47,2025-05-30,2025-11-15,169,0,90+ days
17768,2410.83,2025-08-02,null,null,0,No Repeat
17780,3764.62,2025-03-16,2025-05-14,59,0,31-60 days
17782,2232.8,2026-02-11,null,null,0,No Repeat
17783,8664.39,2025-09-05,2025-10-29,54,0,31-60 days
17784,5686.02,2025-10-12,2026-02-15,126,0,90+ days
17794,3526.58,2026-02-16,null,null,0,No Repeat
17799,8564.93,2025-06-11,2025-11-17,159,0,90+ days
17804,7178.8,2025-04-23,2025-08-19,118,0,90+ days
17806,2622.4,2025-09-28,null,null,0,No Repeat
17808,3066.21,2025-03-24,2025-07-05,103,0,90+ days
17826,2967.3,2025-07-30,2025-09-07,39,0,31-60 days
17845,3293.01,2025-09-22,null,null,0,No Repeat
17852,7249.26,2025-04-18,2025-12-01,227,0,90+ days
17854,8026.41,2025-07-22,2025-10-04,74,0,61-90 days
17862,11557.11,2025-06-22,2025-10-30,130,0,90+ days
17863,5842.21,2025-03-23,2025-06-17,86,0,61-90 days
17868,4937.25,2025-05-25,2025-06-30,36,0,31-60 days
17869,4156.83,2025-05-05,null,null,0,No Repeat
17873,2482.25,2026-01-26,null,null,0,No Repeat
17891,3209.46,2025-03-05,2025-05-04,60,0,31-60 days
17901,1010.06,2025-05-05,2025-08-06,93,0,90+ days
17914,1516,2025-12-06,null,null,0,No Repeat
17915,3447.07,2025-03-20,2025-06-27,99,0,90+ days
17919,2358.61,2025-10-17,null,null,0,No Repeat
17921,3870.64,2025-09-15,2026-01-22,129,0,90+ days
17936,5306.52,2025-11-03,2026-02-25,114,0,90+ days
17940,2060.34,2025-08-08,null,null,0,No Repeat
17941,2884.66,2025-07-26,2026-02-17,206,0,90+ days
17950,5677.58,2025-05-17,2025-07-11,55,0,31-60 days
17952,4188.63,2025-07-25,2025-12-31,159,0,90+ days
17961,9168.66,2025-03-23,2025-06-30,99,0,90+ days
17979,15522.89,2025-06-07,2025-07-22,45,0,31-60 days
17981,5375.69,2025-07-20,2025-10-27,99,0,90+ days
17999,3848.7,2025-03-26,null,null,0,No Repeat
18004,3224.78,2025-08-18,null,null,0,No Repeat
18006,5861.73,2025-03-09,2025-05-19,71,0,61-90 days
18007,15781.23,2025-03-04,2025-04-11,38,0,31-60 days
18016,6109.61,2025-04-03,2025-04-28,25,1,8-30 days
18026,10818.71,2025-08-03,2025-08-11,8,1,8-30 days
18045,3518.12,2025-03-24,null,null,0,No Repeat
18046,3917.38,2025-03-31,2025-12-11,255,0,90+ days
18054,737.62,2026-01-01,null,null,0,No Repeat
18067,243.61,2025-05-28,null,null,0,No Repeat
18074,8755.23,2025-10-05,2026-02-01,119,0,90+ days
18075,4511.97,2025-07-29,null,null,0,No Repeat
18076,6891.92,2025-08-19,2026-01-22,156,0,90+ days
18079,4478.5,2025-08-07,null,null,0,No Repeat
18081,1336.14,2025-03-11,2025-03-20,9,1,8-30 days
18085,4855.13,2025-05-06,2026-01-04,243,0,90+ days
18096,3876.25,2025-09-02,2025-12-19,108,0,90+ days
18101,2829.52,2025-07-21,2025-12-17,149,0,90+ days
18102,1794.81,2025-06-30,null,null,0,No Repeat
18103,4826.08,2026-02-08,null,null,0,No Repeat
18106,1966.99,2025-04-22,null,null,0,No Repeat
18116,5333.59,2025-10-21,2026-02-12,114,0,90+ days
18117,4659.45,2025-08-17,null,null,0,No Repeat
18122,2269.12,2025-07-22,null,null,0,No Repeat
18124,11406.79,2025-03-28,2025-09-01,157,0,90+ days
18127,9262.35,2025-04-05,2025-06-10,66,0,61-90 days
18132,2342.66,2025-06-17,null,null,0,No Repeat
18139,8562.4,2025-03-31,2025-05-08,38,0,31-60 days
18140,5751.21,2025-08-09,2025-08-23,14,1,8-30 days
18145,4626.53,2026-02-25,null,null,0,No Repeat
18160,5124.63,2025-05-05,2025-11-22,201,0,90+ days
18168,863.65,2025-05-20,null,null,0,No Repeat
18170,2529.63,2025-10-09,null,null,0,No Repeat
18180,371.77,2025-04-27,null,null,0,No Repeat
18182,5684.29,2025-09-26,2025-11-25,60,0,31-60 days
18185,3735.6,2025-07-10,2025-09-21,73,0,61-90 days
18198,8881.26,2025-07-24,2025-09-14,52,0,31-60 days
18200,2811.91,2025-11-17,null,null,0,No Repeat
18210,17870.16,2025-03-03,2025-03-08,5,1,0-7 days
18218,2119.84,2026-01-02,null,null,0,No Repeat
18229,1366.95,2025-04-24,null,null,0,No Repeat
18237,2209.48,2025-10-31,null,null,0,No Repeat
18238,4129.21,2025-05-15,2025-12-26,225,0,90+ days
18248,7002.77,2025-08-26,2026-02-02,160,0,90+ days
18249,3593.26,2025-08-10,2025-12-23,135,0,90+ days
18262,2688.29,2025-12-10,null,null,0,No Repeat
18265,7954.45,2025-04-03,2025-04-13,10,1,8-30 days
18267,1195.76,2025-09-04,null,null,0,No Repeat
18270,536.33,2025-08-06,null,null,0,No Repeat
18279,4530.28,2025-05-11,null,null,0,No Repeat
18280,8268.13,2025-05-18,2025-10-16,151,0,90+ days
18284,5058.97,2025-03-17,2026-01-02,291,0,90+ days
18288,2511.64,2026-01-28,null,null,0,No Repeat
18292,12244.99,2025-03-28,2025-11-21,238,0,90+ days
18294,5079.36,2025-04-02,2025-04-25,23,1,8-30 days
18296,12800.76,2025-03-24,2025-04-14,21,1,8-30 days
18305,12035.95,2025-03-27,2025-05-26,60,0,31-60 days
18308,4476.98,2025-04-09,2026-02-18,315,0,90+ days
18318,4431.74,2025-12-14,null,null,0,No Repeat
18319,8609.03,2025-03-03,2025-12-19,291,0,90+ days
18322,4346.27,2026-02-25,null,null,0,No Repeat
18332,4439.13,2025-09-11,2026-02-19,161,0,90+ days
18349,4246.54,2025-07-06,null,null,0,No Repeat
18362,4934.2,2025-06-22,2025-07-13,21,1,8-30 days
18370,3792.38,2025-08-20,2026-02-09,173,0,90+ days
18371,5099.48,2025-08-08,2025-09-18,41,0,31-60 days
18373,4339.18,2025-05-07,2025-05-11,4,1,0-7 days
18374,8345.58,2025-08-30,2025-10-12,43,0,31-60 days
18380,9617.08,2025-07-05,2025-10-13,100,0,90+ days
18385,1521.53,2026-02-24,null,null,0,No Repeat
18389,7084.62,2025-05-30,2025-10-25,148,0,90+ days
18430,15847.14,2025-03-02,2025-07-23,143,0,90+ days
18432,4269.61,2025-08-20,null,null,0,No Repeat
18441,3473.22,2025-07-15,null,null,0,No Repeat
18454,3377.43,2025-10-28,null,null,0,No Repeat
18457,8050.68,2025-08-23,2026-01-15,145,0,90+ days
18472,2240.41,2025-12-26,null,null,0,No Repeat
18478,1843.26,2025-06-08,null,null,0,No Repeat
18481,1292.81,2025-07-29,null,null,0,No Repeat
18491,4113.79,2026-01-31,null,null,0,No Repeat
18493,1258.48,2025-09-02,null,null,0,No Repeat
18496,3783,2025-10-20,null,null,0,No Repeat
18497,11376.94,2025-05-20,2025-11-14,178,0,90+ days
18506,2215.98,2026-01-28,null,null,0,No Repeat
18513,3070.09,2025-06-08,2026-02-02,239,0,90+ days
18519,12785.5,2025-10-09,2025-12-27,79,0,61-90 days
18527,10878.18,2025-10-30,2025-12-13,44,0,31-60 days
18536,5124.5,2025-04-30,2025-09-12,135,0,90+ days
18548,2729.4,2025-04-16,2025-06-24,69,0,61-90 days
18565,1524.11,2025-08-18,2025-10-28,71,0,61-90 days
18569,4449.48,2025-04-27,2025-08-13,108,0,90+ days
18571,1896.1,2025-12-04,null,null,0,No Repeat
18572,6183.22,2025-08-01,2026-01-15,167,0,90+ days
18579,9243.32,2025-07-15,2025-07-19,4,1,0-7 days
18589,3667.26,2025-08-16,2025-08-24,8,1,8-30 days
18594,1312.7,2025-09-01,null,null,0,No Repeat
18602,3246.89,2025-09-03,2026-02-26,176,0,90+ days
18624,3160.59,2026-02-15,null,null,0,No Repeat
18627,1500.74,2025-03-04,null,null,0,No Repeat
18657,6802.67,2025-03-29,2025-09-05,160,0,90+ days
18658,5043.22,2025-04-13,2025-10-01,171,0,90+ days
18664,8315.94,2025-06-16,2025-11-14,151,0,90+ days
18682,840.5,2025-11-16,null,null,0,No Repeat
18684,4479.73,2025-06-21,2025-11-22,154,0,90+ days
18700,4180.28,2025-09-13,null,null,0,No Repeat
18709,3882.4,2025-06-23,2025-09-25,94,0,90+ days
18714,4417.54,2025-06-08,2025-11-18,163,0,90+ days
18716,1626.17,2025-10-15,null,null,0,No Repeat
18718,1941.65,2025-06-01,2025-07-20,49,0,31-60 days
18724,2774.85,2025-05-11,null,null,0,No Repeat
18729,3951.61,2025-05-18,null,null,0,No Repeat
18731,825.94,2026-02-28,null,null,0,No Repeat
18736,4946.15,2025-09-05,2025-11-28,84,0,61-90 days
18753,1907.44,2025-05-02,null,null,0,No Repeat
18758,4251.81,2025-03-18,null,null,0,No Repeat
18764,3117.92,2026-02-18,null,null,0,No Repeat
18782,4414.16,2025-07-15,2026-01-01,170,0,90+ days
18783,3688.61,2025-03-04,2026-01-05,307,0,90+ days
18788,12771.57,2025-09-22,2025-10-09,17,1,8-30 days
18790,2212.54,2026-01-27,null,null,0,No Repeat
18792,3874.08,2025-10-26,null,null,0,No Repeat
18794,16278.88,2025-06-24,2025-09-20,88,0,61-90 days
18799,4484.64,2025-04-15,2025-10-02,170,0,90+ days
18800,2927.95,2026-02-16,null,null,0,No Repeat
18806,8547.83,2025-08-07,2025-09-01,25,1,8-30 days
18811,7230.78,2025-04-26,2025-06-18,53,0,31-60 days
18815,7627.35,2025-03-18,2025-08-09,144,0,90+ days
18820,12535.11,2025-07-01,2025-07-15,14,1,8-30 days
18822,3078.17,2025-06-30,null,null,0,No Repeat
18842,4051.91,2025-05-22,2025-08-22,92,0,90+ days
18846,7230.81,2025-09-26,2026-01-28,124,0,90+ days
18857,257.67,2025-10-01,null,null,0,No Repeat
18860,4099.18,2025-09-22,null,null,0,No Repeat
18864,1110.47,2025-05-14,null,null,0,No Repeat
18905,4602.38,2025-08-28,2025-11-24,88,0,61-90 days
18909,14052.95,2025-03-16,2025-04-17,32,0,31-60 days
18913,4875.93,2025-09-03,null,null,0,No Repeat
18923,4032.99,2025-09-10,2026-02-07,150,0,90+ days
18924,1587.92,2025-09-30,null,null,0,No Repeat
18934,11705.15,2025-10-14,2025-12-24,71,0,61-90 days
18942,11652.05,2025-10-21,2025-12-01,41,0,31-60 days
18945,5435.59,2025-05-07,2025-07-12,66,0,61-90 days
18948,3725.65,2025-06-15,null,null,0,No Repeat
18962,3554.91,2025-04-29,null,null,0,No Repeat
18967,365.56,2025-04-05,null,null,0,No Repeat
18972,7703.34,2025-03-15,2025-05-19,65,0,61-90 days
18983,5060.66,2025-07-14,2025-10-02,80,0,61-90 days
18992,7331.55,2025-09-14,2025-10-02,18,1,8-30 days
19000,8797.79,2025-05-08,2025-07-03,56,0,31-60 days
19002,3441.89,2025-06-15,null,null,0,No Repeat
19006,4185.16,2025-03-23,2025-05-23,61,0,61-90 days
19009,2027.15,2026-01-02,null,null,0,No Repeat
19011,1315.41,2025-06-09,null,null,0,No Repeat
19018,3386.46,2025-04-13,null,null,0,No Repeat
19023,5349.87,2025-06-19,2025-09-26,99,0,90+ days
19053,8368.58,2025-05-10,2025-12-25,229,0,90+ days
19059,6992.34,2025-10-07,2026-01-02,87,0,61-90 days
19061,9346.99,2025-09-30,2026-02-02,125,0,90+ days
19063,6951.9,2025-03-22,2025-07-22,122,0,90+ days
19073,5280.37,2025-07-13,2025-12-14,154,0,90+ days
19087,1264.48,2025-04-27,null,null,0,No Repeat
19088,11722.63,2025-06-13,2025-11-18,158,0,90+ days
19089,5493.64,2025-06-10,2025-11-28,171,0,90+ days
19092,4280.26,2026-02-02,null,null,0,No Repeat
19096,6477.37,2025-10-20,2026-01-06,78,0,61-90 days
19120,9945.07,2025-03-04,2025-08-07,156,0,90+ days
19121,4248.07,2025-12-29,2026-02-04,37,0,31-60 days
19125,5718.06,2025-07-26,2025-09-02,38,0,31-60 days
19126,9012.4,2025-06-21,2025-09-07,78,0,61-90 days
19131,4005.7,2025-08-12,2025-12-22,132,0,90+ days
19139,4098.15,2025-07-27,2025-11-17,113,0,90+ days
19143,4377.78,2025-06-22,2025-07-22,30,1,8-30 days
19146,2687.72,2025-07-29,2026-01-06,161,0,90+ days
19159,8733.93,2025-10-12,2025-12-18,67,0,61-90 days
19161,9534.06,2025-03-08,2025-07-16,130,0,90+ days
19164,7272.31,2025-04-11,2025-07-04,84,0,61-90 days
19165,993.51,2025-05-01,null,null,0,No Repeat
19168,3785.03,2025-04-16,null,null,0,No Repeat
19171,2829.71,2026-01-28,null,null,0,No Repeat
19180,984.28,2025-10-26,null,null,0,No Repeat
19189,1123.06,2025-03-09,null,null,0,No Repeat
19193,3410.04,2025-03-31,null,null,0,No Repeat
19224,5419.82,2025-05-07,2025-08-04,89,0,61-90 days
19232,1403.73,2025-05-16,null,null,0,No Repeat
19234,3231.89,2025-08-12,null,null,0,No Repeat
19235,6003.96,2025-04-13,2025-11-10,211,0,90+ days
19274,4664.2,2025-10-23,null,null,0,No Repeat
19285,6481.88,2025-07-25,2025-10-31,98,0,90+ days
19289,3889.67,2025-05-25,2026-01-06,226,0,90+ days
19301,8263.51,2025-03-02,2025-10-06,218,0,90+ days
19302,6785.82,2025-03-12,2025-08-12,153,0,90+ days
19306,7293.28,2025-10-02,2025-12-19,78,0,61-90 days
19309,4033.19,2025-04-10,null,null,0,No Repeat
19325,8615.11,2025-10-14,2025-10-25,11,1,8-30 days
19326,3026.71,2025-11-04,null,null,0,No Repeat
19337,2838.57,2025-06-03,null,null,0,No Repeat
19344,6077.57,2025-08-17,2025-10-20,64,0,61-90 days
19354,7911.14,2025-07-20,2025-11-15,118,0,90+ days
19360,6066.4,2025-05-13,2025-10-18,158,0,90+ days
19367,1468.04,2025-08-17,null,null,0,No Repeat
19370,1073.93,2025-07-10,null,null,0,No Repeat
19377,2107.19,2025-08-17,null,null,0,No Repeat
19395,4808.33,2025-04-07,2025-07-19,103,0,90+ days
19396,10452.47,2025-04-10,2025-08-23,135,0,90+ days
19410,6222.65,2025-06-20,2025-11-17,150,0,90+ days
19411,3206.01,2025-10-30,null,null,0,No Repeat
19414,3477.09,2025-09-02,2025-10-08,36,0,31-60 days
19415,3414.99,2025-07-20,null,null,0,No Repeat
19423,2728.56,2025-03-24,2026-01-17,299,0,90+ days
19434,2684.8,2025-04-01,2025-05-11,40,0,31-60 days
19451,8578.56,2025-05-23,2025-07-31,69,0,61-90 days
19461,3776.17,2025-08-08,null,null,0,No Repeat
19464,4900.58,2026-01-20,null,null,0,No Repeat
19471,12155.97,2025-03-14,2025-04-07,24,1,8-30 days
19473,4135.67,2026-01-03,null,null,0,No Repeat
19475,9762.66,2025-04-27,2025-05-07,10,1,8-30 days
19479,6080.54,2025-05-06,2025-12-11,219,0,90+ days
19484,3833.13,2025-03-23,null,null,0,No Repeat
19495,13637.26,2025-05-03,2025-11-01,182,0,90+ days
19497,9101.31,2025-04-21,2025-06-10,50,0,31-60 days
19500,400.51,2025-04-20,null,null,0,No Repeat
19502,5516.48,2025-10-06,2025-11-26,51,0,31-60 days
19503,4063.75,2025-04-07,2025-09-12,158,0,90+ days
19507,5353.02,2025-04-06,2025-06-09,64,0,61-90 days
19512,4305.67,2025-04-08,null,null,0,No Repeat
19514,636.19,2025-12-30,null,null,0,No Repeat
19517,2208.79,2025-09-07,null,null,0,No Repeat
19519,6200.2,2025-04-06,2025-08-09,125,0,90+ days
19522,3685.57,2025-06-06,null,null,0,No Repeat
19525,8729.49,2025-05-15,2025-05-16,1,1,0-7 days
19535,9049.3,2025-03-16,2025-06-12,88,0,61-90 days
19536,6876.92,2025-03-22,2025-07-03,103,0,90+ days
19538,4480.61,2026-01-13,null,null,0,No Repeat
19540,10290.58,2025-05-25,2025-10-21,149,0,90+ days
19551,2693.99,2025-08-21,null,null,0,No Repeat
19552,4446.69,2025-11-07,null,null,0,No Repeat
19557,2278.98,2025-03-01,2025-05-28,88,0,61-90 days
19586,3184.27,2025-07-05,null,null,0,No Repeat
19587,8515.25,2025-09-12,2025-12-01,80,0,61-90 days
19588,7556.89,2025-04-15,2025-07-05,81,0,61-90 days
19594,2130.62,2025-04-04,null,null,0,No Repeat
19597,4971,2025-05-21,null,null,0,No Repeat
19607,4830.84,2025-03-25,null,null,0,No Repeat
19611,2699.34,2025-11-11,null,null,0,No Repeat
19612,10349.93,2025-11-18,2025-11-19,1,1,0-7 days
19616,2968.04,2025-03-10,2026-01-23,319,0,90+ days
19618,10041.59,2025-03-23,2025-06-26,95,0,90+ days
19628,3788.38,2025-08-03,2025-10-19,77,0,61-90 days
19640,1182.46,2026-01-22,null,null,0,No Repeat
19641,1387.88,2025-09-03,null,null,0,No Repeat
19644,9871.11,2025-05-01,2025-05-10,9,1,8-30 days
19652,8885.83,2025-07-18,2026-01-19,185,0,90+ days
19654,7493.5,2025-05-03,2026-02-08,281,0,90+ days
19665,3388.31,2025-08-03,2025-11-12,101,0,90+ days
19680,5744.23,2025-03-10,2025-11-16,251,0,90+ days
19681,2233.75,2025-11-25,null,null,0,No Repeat
19687,6217.45,2025-05-27,2026-02-07,256,0,90+ days
19688,4878.48,2025-09-10,null,null,0,No Repeat
19699,12139.76,2025-05-05,2025-06-02,28,1,8-30 days
19725,4264.3,2025-12-01,null,null,0,No Repeat
19732,4735.72,2025-11-09,2026-01-21,73,0,61-90 days
19764,1127.2,2025-10-26,null,null,0,No Repeat
19775,7136.89,2025-03-23,2025-04-17,25,1,8-30 days
19776,2751.87,2025-10-09,null,null,0,No Repeat
19785,3823.44,2025-05-11,2025-12-11,214,0,90+ days
19786,770.53,2026-02-20,null,null,0,No Repeat
19804,4981.4,2025-05-09,2025-10-29,173,0,90+ days
19821,8497.86,2025-04-05,2025-05-05,30,1,8-30 days
19824,5292.15,2025-07-24,2025-08-12,19,1,8-30 days
19831,941.88,2025-12-30,null,null,0,No Repeat
19851,3935.86,2025-07-19,2025-08-03,15,1,8-30 days
19856,3730.07,2025-03-22,null,null,0,No Repeat
19857,10548.8,2025-05-17,2025-09-09,115,0,90+ days
19863,4441.12,2025-03-20,2025-10-19,213,0,90+ days
19864,5544.09,2025-08-06,2026-01-12,159,0,90+ days
19886,2813.42,2025-12-24,null,null,0,No Repeat
19890,9880.48,2025-09-21,2025-10-12,21,1,8-30 days
19894,952.81,2025-08-12,null,null,0,No Repeat
19899,4496.64,2025-03-15,2025-03-16,1,1,0-7 days
19924,7327.24,2025-03-19,2025-03-20,1,1,0-7 days
19925,449.8,2025-06-11,null,null,0,No Repeat
19938,6307.81,2025-05-21,2025-11-17,180,0,90+ days
19941,11708.96,2025-08-25,2025-12-30,127,0,90+ days
19951,2091.65,2026-02-22,null,null,0,No Repeat
19954,12565.36,2025-03-28,2025-09-22,178,0,90+ days
19961,5142.57,2025-03-20,2025-07-30,132,0,90+ days
19967,4878.68,2025-06-30,2025-08-13,44,0,31-60 days
19973,12368.15,2025-04-12,2025-05-31,49,0,31-60 days
19980,2985.65,2025-09-28,null,null,0,No Repeat
19987,6382.48,2025-06-04,2025-07-18,44,0,31-60 days
19989,4463.8,2025-04-01,null,null,0,No Repeat
19990,10123.04,2025-03-02,2025-06-22,112,0,90+ days
19997,12060.02,2025-03-19,2025-09-29,194,0,90+ days
20001,7646.19,2025-07-03,2025-07-08,5,1,0-7 days
20002,2169.13,2025-10-31,null,null,0,No Repeat
20014,2684.75,2025-10-22,null,null,0,No Repeat
20026,8242.81,2025-09-15,2025-12-14,90,0,61-90 days
20030,6814.96,2025-04-24,2025-08-15,113,0,90+ days
20035,1781.38,2025-05-08,null,null,0,No Repeat
20037,7906.67,2025-11-11,2026-02-17,98,0,90+ days
20040,5010.1,2025-03-03,2025-09-25,206,0,90+ days
20041,2326.7,2025-10-18,null,null,0,No Repeat
20052,1101.66,2025-08-05,null,null,0,No Repeat
20062,5368.4,2025-03-27,2025-03-29,2,1,0-7 days
20068,823.13,2025-12-15,null,null,0,No Repeat
20069,1419.8,2026-01-20,null,null,0,No Repeat
20090,1730.03,2025-09-21,null,null,0,No Repeat
20091,3221.47,2025-06-25,null,null,0,No Repeat
20102,3498.21,2025-07-10,2025-10-30,112,0,90+ days
20103,3785.03,2025-03-14,2025-04-20,37,0,31-60 days
20113,2926.96,2026-01-13,null,null,0,No Repeat
20116,9294.94,2025-04-28,2026-01-28,275,0,90+ days
20124,12962.47,2025-05-04,2025-06-01,28,1,8-30 days
20126,5168.88,2025-11-22,2025-11-28,6,1,0-7 days
20140,4498.87,2025-04-10,2025-04-12,2,1,0-7 days
20148,5961.42,2025-05-10,2026-02-07,273,0,90+ days
20173,5788.31,2025-04-05,2026-02-09,310,0,90+ days
20178,4014.18,2025-04-27,2025-08-04,99,0,90+ days
20185,7837.99,2025-06-19,2025-10-09,112,0,90+ days
20192,5944.08,2025-08-31,2026-01-03,125,0,90+ days
20193,2964.99,2025-08-15,2025-12-27,134,0,90+ days
20197,7088.21,2025-08-08,2025-12-27,141,0,90+ days
20200,7058.89,2025-12-11,2026-01-28,48,0,31-60 days
20203,1483.93,2025-03-21,null,null,0,No Repeat
20205,764.54,2026-02-06,null,null,0,No Repeat
20206,1426.93,2025-06-10,null,null,0,No Repeat
20215,657.4,2025-04-02,null,null,0,No Repeat
20216,3428.85,2025-03-13,null,null,0,No Repeat
20219,8298.06,2025-09-25,2026-01-26,123,0,90+ days
20224,8491.9,2025-06-29,2025-08-22,54,0,31-60 days
20239,3966.84,2025-03-27,2025-07-19,114,0,90+ days
20243,4229.63,2025-04-07,null,null,0,No Repeat
20252,7634.38,2025-06-11,2025-10-15,126,0,90+ days
20261,9964.37,2025-03-30,2025-05-04,35,0,31-60 days
20279,4289.5,2025-03-03,2025-08-12,162,0,90+ days
20283,4472.74,2025-09-16,2025-10-16,30,1,8-30 days
20287,3667.2,2025-06-09,2025-09-02,85,0,61-90 days
20291,4724.59,2025-03-15,null,null,0,No Repeat
20292,11756.02,2025-03-10,2025-09-20,194,0,90+ days
20300,6436.98,2025-04-26,2025-12-24,242,0,90+ days
20301,8345.84,2025-04-23,2025-08-22,121,0,90+ days
20302,4411.34,2025-04-26,2025-04-30,4,1,0-7 days
20310,6760.11,2025-05-23,2025-09-25,125,0,90+ days
20312,11711.59,2025-05-05,2025-05-29,24,1,8-30 days
20323,4660,2025-08-28,null,null,0,No Repeat
20341,12215.01,2025-04-24,2025-07-09,76,0,61-90 days
20342,2878.44,2025-10-12,2026-01-26,106,0,90+ days
20343,7332.33,2025-05-20,2026-01-19,244,0,90+ days
20351,4857.38,2025-04-14,2025-05-19,35,0,31-60 days
20352,5262.5,2025-05-29,2025-11-02,157,0,90+ days
20368,744.35,2025-11-18,null,null,0,No Repeat
20370,6176.9,2025-11-27,2025-12-05,8,1,8-30 days
20384,5989.13,2025-08-02,2025-10-05,64,0,61-90 days
20395,2651.34,2025-11-12,null,null,0,No Repeat
20411,4495.76,2025-03-31,2026-02-12,318,0,90+ days
20413,3168.67,2025-07-03,2025-08-08,36,0,31-60 days
20426,3191.08,2025-07-02,2026-01-26,208,0,90+ days
20429,4785.03,2025-09-03,null,null,0,No Repeat
20443,3158.37,2025-09-04,2026-02-19,168,0,90+ days
20458,1072.32,2025-10-12,null,null,0,No Repeat
20462,10535.5,2025-05-01,2025-11-27,210,0,90+ days
20465,2894.72,2025-07-16,null,null,0,No Repeat
20466,4580.48,2025-12-05,null,null,0,No Repeat
20468,2812.54,2025-05-23,null,null,0,No Repeat
20490,6113.28,2025-03-02,2025-06-18,108,0,90+ days
20493,3719.29,2025-04-29,2025-12-03,218,0,90+ days
20499,4918.78,2026-01-24,null,null,0,No Repeat
20506,3770.41,2025-03-06,2025-09-26,204,0,90+ days
20513,6289.43,2025-06-26,2026-01-09,197,0,90+ days
20525,4552.72,2025-09-21,null,null,0,No Repeat
20528,1090.55,2025-03-18,2026-01-10,298,0,90+ days
20536,3916.25,2025-05-15,2026-01-05,235,0,90+ days
20538,1427.61,2025-04-10,null,null,0,No Repeat
20547,1106.11,2025-08-26,null,null,0,No Repeat
20553,8760.06,2025-05-06,2025-08-14,100,0,90+ days
20555,4846.05,2026-02-20,null,null,0,No Repeat
20559,3834.25,2025-05-26,null,null,0,No Repeat
20565,1614.71,2025-03-28,null,null,0,No Repeat
20567,4346.97,2025-03-05,null,null,0,No Repeat
20569,465.97,2025-05-22,null,null,0,No Repeat
20578,2648.99,2025-06-25,null,null,0,No Repeat
20584,15290.59,2025-06-11,2025-08-05,55,0,31-60 days
20588,1647.45,2025-08-20,null,null,0,No Repeat
20589,14492.81,2025-03-14,2025-07-10,118,0,90+ days
20592,2504.19,2026-01-16,null,null,0,No Repeat
20593,4816.98,2025-11-30,null,null,0,No Repeat
20604,7762.34,2025-04-14,2025-05-15,31,0,31-60 days
20605,4959.28,2025-03-03,null,null,0,No Repeat
20611,8858.76,2025-07-06,2025-11-18,135,0,90+ days
20624,3690.09,2025-07-24,2025-08-18,25,1,8-30 days
20628,5223.94,2025-04-25,2025-08-09,106,0,90+ days
20634,2492.33,2025-03-09,null,null,0,No Repeat
20644,9151.35,2025-10-15,2025-10-23,8,1,8-30 days
20651,4542.1,2026-01-24,null,null,0,No Repeat
20659,2701.31,2025-12-27,2026-02-10,45,0,31-60 days
20669,4241.03,2025-08-20,2025-10-10,51,0,31-60 days
20673,7597.16,2026-01-08,2026-02-25,48,0,31-60 days
20677,3595.45,2025-12-15,2026-02-04,51,0,31-60 days
20679,1361.03,2025-09-14,2026-02-23,162,0,90+ days
20701,4624.12,2025-07-03,2025-11-18,138,0,90+ days
20703,1723.52,2025-12-01,null,null,0,No Repeat
20713,3099.9,2025-11-02,null,null,0,No Repeat
20719,6706.07,2025-04-06,2025-08-03,119,0,90+ days
20729,12291.08,2025-06-01,2025-07-01,30,1,8-30 days
20734,8305.81,2025-03-13,2025-04-10,28,1,8-30 days
20736,5610.38,2025-05-11,2026-02-13,278,0,90+ days
20751,1603.05,2025-06-26,null,null,0,No Repeat
20754,3161.29,2025-10-18,null,null,0,No Repeat
20762,4490.21,2025-07-22,null,null,0,No Repeat
20765,6810.3,2026-01-11,2026-02-06,26,1,8-30 days
20769,7902.25,2025-03-05,2025-03-18,13,1,8-30 days
20772,717.8,2026-02-12,null,null,0,No Repeat
20775,4528.7,2025-03-23,2025-09-16,177,0,90+ days
20792,638.95,2025-08-15,null,null,0,No Repeat
20804,221.1,2025-10-06,null,null,0,No Repeat
20806,3625.65,2026-01-01,null,null,0,No Repeat
20811,3715.07,2026-02-22,null,null,0,No Repeat
20813,1765.92,2025-06-06,null,null,0,No Repeat
20829,12324.65,2025-05-02,2025-08-25,115,0,90+ days
20831,9296.86,2025-07-01,2025-08-06,36,0,31-60 days
20834,7583.69,2025-05-23,2025-12-18,209,0,90+ days
20846,5722.4,2025-06-07,2025-06-10,3,1,0-7 days
20849,4573.53,2025-03-16,null,null,0,No Repeat
20851,4885.98,2025-12-15,null,null,0,No Repeat
20867,10029.27,2025-05-01,2025-10-20,172,0,90+ days
20872,3696.94,2025-10-07,2025-10-29,22,1,8-30 days
20874,5636.63,2025-10-07,2025-11-01,25,1,8-30 days
20880,8707.59,2025-04-19,2025-06-02,44,0,31-60 days
20881,2241.59,2025-04-04,null,null,0,No Repeat
20883,5015.59,2025-03-22,2025-03-27,5,1,0-7 days
20895,397.35,2025-11-12,null,null,0,No Repeat
20897,9044.37,2025-06-06,2025-06-28,22,1,8-30 days
20900,3295.21,2025-06-03,null,null,0,No Repeat
20902,5735.77,2025-10-14,2025-10-20,6,1,0-7 days
20919,3871.39,2025-06-18,2025-11-19,154,0,90+ days
20922,6010.53,2025-04-08,2026-02-15,313,0,90+ days
20923,5469.65,2025-06-05,2025-09-09,96,0,90+ days
20936,3307.66,2025-11-03,2025-12-03,30,1,8-30 days
20943,9796.33,2025-06-23,2025-10-26,125,0,90+ days
20946,8035.18,2025-06-19,2025-09-21,94,0,90+ days
20948,4466.03,2025-05-01,2025-06-06,36,0,31-60 days
20954,2774.94,2026-01-30,2026-02-15,16,1,8-30 days
20963,8854.53,2025-04-02,2025-11-07,219,0,90+ days
20965,5195.7,2025-04-25,2025-08-29,126,0,90+ days
20967,3189.26,2025-04-17,2026-02-12,301,0,90+ days
20968,3506.89,2025-04-15,null,null,0,No Repeat
20970,4153.15,2025-03-12,2025-09-11,183,0,90+ days
20972,480.21,2025-09-10,null,null,0,No Repeat
20974,10320.27,2025-04-04,2025-08-02,120,0,90+ days
20978,14161.07,2025-07-08,2025-09-04,58,0,31-60 days
20980,4990.53,2026-02-10,null,null,0,No Repeat
20981,3600.81,2025-11-30,2026-02-25,87,0,61-90 days
20987,9247.59,2025-03-01,2025-03-08,7,1,0-7 days
20992,8395.45,2025-10-30,2025-11-01,2,1,0-7 days
21004,5037.96,2025-03-05,2025-07-09,126,0,90+ days
21010,4456.65,2025-08-10,null,null,0,No Repeat
21017,4231.64,2026-01-20,null,null,0,No Repeat
21019,16605.85,2025-04-30,2025-11-02,186,0,90+ days
21030,4363.74,2025-11-01,null,null,0,No Repeat
21037,6143.77,2025-06-18,2025-08-31,74,0,61-90 days
21054,1618.91,2025-07-24,null,null,0,No Repeat
21055,11884.53,2025-05-30,2025-06-02,3,1,0-7 days
21057,7292.24,2025-05-26,2025-08-21,87,0,61-90 days
21091,4609.7,2025-06-13,2026-02-17,249,0,90+ days
21100,8235.96,2025-06-09,2025-07-03,24,1,8-30 days
21103,5274.88,2025-06-26,2025-09-02,68,0,61-90 days
21112,2858.64,2025-12-11,2026-02-25,76,0,61-90 days
21113,11596.38,2025-04-03,2025-06-18,76,0,61-90 days
21118,7693.38,2025-05-29,2025-09-21,115,0,90+ days
21119,1134.02,2025-04-22,null,null,0,No Repeat
21128,7300.68,2025-06-17,2025-12-14,180,0,90+ days
21135,11383.81,2025-05-14,2025-08-07,85,0,61-90 days
21142,4398.71,2026-01-24,null,null,0,No Repeat
21143,1910.13,2025-06-30,null,null,0,No Repeat
21150,8729.31,2025-08-27,2025-09-07,11,1,8-30 days
21174,417.11,2025-03-30,null,null,0,No Repeat
21178,9438.98,2025-03-17,2025-04-20,34,0,31-60 days
21182,5776.27,2025-03-02,2025-11-04,247,0,90+ days
21192,1917.88,2025-07-11,2026-01-08,181,0,90+ days
21201,5503.68,2025-07-12,2025-08-25,44,0,31-60 days
21203,5379.79,2025-09-29,2026-02-21,145,0,90+ days
21218,7830.63,2025-04-19,2025-05-27,38,0,31-60 days
21224,2381.27,2025-04-03,2026-02-08,311,0,90+ days
21227,5942.72,2025-07-21,2025-10-30,101,0,90+ days
21239,4302.37,2025-07-01,2025-07-06,5,1,0-7 days
21240,4548.56,2025-03-18,null,null,0,No Repeat
21241,9718.88,2025-04-03,2025-05-15,42,0,31-60 days
21257,4408.76,2025-12-21,null,null,0,No Repeat
21260,12988.49,2025-03-26,2025-07-12,108,0,90+ days
21263,995.92,2026-01-18,2026-02-15,28,1,8-30 days
21268,3171.58,2025-05-22,null,null,0,No Repeat
21288,4288.98,2025-03-30,2025-10-20,204,0,90+ days
21291,2171.2,2025-04-26,null,null,0,No Repeat
21293,4191.06,2025-07-31,2025-10-17,78,0,61-90 days
21294,1176.26,2025-08-04,null,null,0,No Repeat
21307,3593.41,2025-03-12,2025-12-01,264,0,90+ days
21311,1977.25,2025-08-03,null,null,0,No Repeat
21326,6962.14,2025-08-30,2025-10-01,32,0,31-60 days
21335,3274.73,2026-02-14,null,null,0,No Repeat
21337,11382.55,2025-09-05,2025-11-04,60,0,31-60 days
21338,4912.14,2025-10-18,null,null,0,No Repeat
21340,4089.82,2025-07-06,null,null,0,No Repeat
21341,6692.36,2025-09-10,2025-09-30,20,1,8-30 days
21347,7937.38,2025-04-07,2025-07-26,110,0,90+ days
21374,3900.91,2025-10-30,null,null,0,No Repeat
21378,4168.93,2025-03-07,2025-10-06,213,0,90+ days
21393,1979.26,2025-05-01,null,null,0,No Repeat
21395,3920.04,2025-10-04,2025-10-06,2,1,0-7 days
21406,3648.2,2025-11-26,null,null,0,No Repeat
21408,3917.87,2026-02-20,null,null,0,No Repeat
21416,9422.35,2025-04-17,2025-07-05,79,0,61-90 days
21417,1004.84,2025-08-30,null,null,0,No Repeat
21434,3521.87,2025-04-15,null,null,0,No Repeat
21445,3096.71,2025-03-03,null,null,0,No Repeat
21451,7962.53,2025-06-30,2025-12-24,177,0,90+ days
21452,6065.56,2025-03-02,2025-04-19,48,0,31-60 days
21458,5341.51,2025-04-09,2026-02-04,301,0,90+ days
21471,2854.19,2025-10-30,2025-12-10,41,0,31-60 days
21473,3244.04,2025-04-05,2025-10-23,201,0,90+ days
21475,7982.88,2025-05-05,2025-12-14,223,0,90+ days
21506,583.82,2025-03-02,null,null,0,No Repeat
21507,4261.6,2025-04-20,null,null,0,No Repeat
21515,2086.44,2025-06-07,null,null,0,No Repeat
21523,7242.55,2025-05-06,2025-12-15,223,0,90+ days
21536,1168.5,2025-06-17,null,null,0,No Repeat
21546,1706.36,2025-07-19,null,null,0,No Repeat
21560,3333.57,2025-06-29,null,null,0,No Repeat
21562,4360.67,2025-03-20,2026-01-10,296,0,90+ days
21566,6015.39,2025-08-12,2025-10-23,72,0,61-90 days
21571,359.41,2025-06-25,null,null,0,No Repeat
21573,4020.2,2025-07-28,2025-08-27,30,1,8-30 days
21576,5539.58,2025-04-26,2025-10-12,169,0,90+ days
21581,7982.52,2025-07-16,2026-01-08,176,0,90+ days
21582,12358.83,2025-03-09,2025-03-12,3,1,0-7 days
21599,3566.68,2025-07-22,2025-09-25,65,0,61-90 days
21607,6625.32,2025-06-05,2025-07-29,54,0,31-60 days
21614,5638.13,2025-04-30,2025-08-29,121,0,90+ days
21623,4213.75,2025-08-28,2025-09-12,15,1,8-30 days
21630,4189.04,2025-06-17,2025-08-12,56,0,31-60 days
21636,5362.32,2025-08-06,2026-01-17,164,0,90+ days
21641,258.04,2025-10-19,null,null,0,No Repeat
21651,2870.08,2025-08-27,null,null,0,No Repeat
21653,7456.46,2025-11-04,2025-12-11,37,0,31-60 days
21655,4600.92,2025-05-01,null,null,0,No Repeat
21656,4331.51,2025-05-02,2025-09-11,132,0,90+ days
21661,8653.46,2025-10-20,2026-01-05,77,0,61-90 days
21665,12311.16,2025-04-07,2025-05-03,26,1,8-30 days
21667,4633.69,2025-06-11,2026-01-21,224,0,90+ days
21671,3237.78,2025-04-06,2025-08-23,139,0,90+ days
21682,5898.77,2025-11-02,2026-02-26,116,0,90+ days
21704,10931.94,2025-03-31,2025-04-27,27,1,8-30 days
21712,3377.04,2025-05-03,null,null,0,No Repeat
21713,1263.42,2025-03-28,2026-02-11,320,0,90+ days
21717,9122.42,2025-11-07,2025-11-12,5,1,0-7 days
21719,3237.97,2025-06-23,null,null,0,No Repeat
21721,1492.71,2025-10-19,null,null,0,No Repeat
21722,1517.96,2026-01-28,null,null,0,No Repeat
21724,6167.35,2025-03-17,2025-05-11,55,0,31-60 days
21745,5046.9,2025-05-28,2025-06-06,9,1,8-30 days
21746,10994.82,2025-08-03,2025-08-28,25,1,8-30 days
21748,4472.88,2025-04-28,2025-08-16,110,0,90+ days
21753,8466.69,2025-03-02,2026-01-14,318,0,90+ days
21755,4555.1,2025-07-10,null,null,0,No Repeat
21760,3462.82,2025-11-19,null,null,0,No Repeat
21767,3893.78,2025-04-15,2025-08-17,124,0,90+ days
21791,9138.97,2025-04-19,2025-04-21,2,1,0-7 days
21799,5705.37,2025-08-04,2026-02-24,204,0,90+ days
21801,4875.42,2025-10-11,2026-02-13,125,0,90+ days
21804,1438.41,2025-06-03,null,null,0,No Repeat
21805,3773.45,2025-07-23,null,null,0,No Repeat
21806,8723.71,2025-09-06,2026-02-20,167,0,90+ days
21811,343.1,2025-07-12,null,null,0,No Repeat
21814,10589.42,2025-05-24,2025-10-11,140,0,90+ days
21819,2279.51,2025-10-09,null,null,0,No Repeat
21820,278.3,2025-09-02,null,null,0,No Repeat
21823,7988.02,2025-07-10,2025-11-04,117,0,90+ days
21834,2782.76,2025-07-11,2026-02-21,225,0,90+ days
21846,6830.43,2025-06-05,2025-06-06,1,1,0-7 days
21849,7420.16,2025-06-15,2025-07-26,41,0,31-60 days
21852,2736.59,2025-09-22,null,null,0,No Repeat
21859,3860.85,2025-03-25,2026-02-09,321,0,90+ days
21873,547.55,2025-11-08,null,null,0,No Repeat
21874,8112.52,2025-03-07,2025-04-07,31,0,31-60 days
21878,288.79,2026-01-10,null,null,0,No Repeat
21881,2817.57,2026-02-02,null,null,0,No Repeat
21887,6806.82,2025-07-06,2025-08-01,26,1,8-30 days
21890,2224.67,2026-01-11,null,null,0,No Repeat
21897,3091.53,2026-01-16,2026-02-23,38,0,31-60 days
21898,2117.39,2025-11-15,2025-11-19,4,1,0-7 days
21900,2720.21,2025-12-12,null,null,0,No Repeat
21907,2315.76,2025-04-25,null,null,0,No Repeat
21909,4058.13,2025-06-04,2025-10-05,123,0,90+ days
21913,4721.75,2025-06-12,null,null,0,No Repeat
21916,4692.22,2025-11-25,null,null,0,No Repeat
21917,9328.01,2025-04-09,2025-11-05,210,0,90+ days
21919,2288.44,2026-02-17,null,null,0,No Repeat
21930,11204.74,2025-05-23,2025-11-15,176,0,90+ days
21932,7966.45,2025-08-23,2025-09-09,17,1,8-30 days
21933,1746.52,2025-09-17,null,null,0,No Repeat
21944,4176.73,2025-08-18,2025-12-26,130,0,90+ days
21946,17107.3,2025-03-29,2025-07-02,95,0,90+ days
21950,330.35,2025-07-29,null,null,0,No Repeat
21958,12482.77,2025-05-16,2025-09-19,126,0,90+ days
21964,248.33,2025-10-21,null,null,0,No Repeat
21965,4502.39,2025-03-26,null,null,0,No Repeat
21969,12421.82,2025-03-06,2025-07-10,126,0,90+ days
21978,8661.35,2025-05-09,2025-07-09,61,0,61-90 days
21979,12597.81,2025-10-07,2025-11-19,43,0,31-60 days
21980,2760.73,2025-11-19,null,null,0,No Repeat
21981,4470.66,2025-05-18,2025-07-11,54,0,31-60 days
21984,8578.6,2025-05-23,2025-06-13,21,1,8-30 days
21995,5046.47,2025-05-13,2025-10-08,148,0,90+ days
21998,2471.73,2025-07-06,2025-10-30,116,0,90+ days
22014,7542.13,2025-10-03,2025-12-01,59,0,31-60 days
22016,13038.51,2025-04-03,2025-09-06,156,0,90+ days
22019,7188.72,2025-09-24,2025-12-04,71,0,61-90 days
22021,4704.91,2025-03-11,2025-12-11,275,0,90+ days
22024,12637.5,2025-06-13,2025-09-08,87,0,61-90 days
22039,9460.47,2025-06-04,2025-10-26,144,0,90+ days
22043,1160.76,2025-08-01,null,null,0,No Repeat
22047,4848.77,2025-11-14,2026-01-04,51,0,31-60 days
22064,1594.83,2025-08-25,2025-10-18,54,0,31-60 days
22065,3950,2025-10-25,null,null,0,No Repeat
22069,4190.77,2025-06-21,2025-09-15,86,0,61-90 days
22072,10308.34,2025-08-30,2025-11-14,76,0,61-90 days
22075,5618.7,2025-05-04,2025-10-14,163,0,90+ days
22079,8097.7,2025-05-16,2025-07-15,60,0,31-60 days
22081,1565.73,2025-12-05,null,null,0,No Repeat
22084,11640.75,2025-03-21,2025-07-21,122,0,90+ days
22086,10883.52,2025-06-30,2025-07-13,13,1,8-30 days
22103,524.04,2025-04-13,null,null,0,No Repeat
22112,4742.36,2025-04-22,2026-01-01,254,0,90+ days
22115,3996.01,2025-04-06,2025-10-25,202,0,90+ days
22136,2160.83,2026-02-10,null,null,0,No Repeat
22138,7343.36,2025-07-02,2025-08-16,45,0,31-60 days
22145,6192.38,2025-10-15,2025-11-29,45,0,31-60 days
22149,4524.33,2025-03-31,null,null,0,No Repeat
22153,3918.96,2025-06-24,2025-08-20,57,0,31-60 days
22154,5971.67,2025-08-25,2026-01-06,134,0,90+ days
22156,1147.61,2025-07-14,null,null,0,No Repeat
22161,4949.39,2025-07-26,2025-12-01,128,0,90+ days
22170,2098.91,2026-02-20,null,null,0,No Repeat
22183,4344.35,2025-04-03,2025-07-13,101,0,90+ days
22188,12104.32,2025-03-23,2025-03-30,7,1,0-7 days
22194,4746.71,2025-08-28,null,null,0,No Repeat
22204,5242.73,2025-09-28,2025-11-28,61,0,61-90 days
22207,4199.59,2025-03-17,2025-07-18,123,0,90+ days
22208,10852.32,2025-03-01,2025-08-27,179,0,90+ days
22218,4454.4,2025-11-14,null,null,0,No Repeat
22221,7416.66,2025-04-13,2025-06-21,69,0,61-90 days
22230,3626.41,2025-06-17,null,null,0,No Repeat
22242,2239.37,2025-04-14,null,null,0,No Repeat
22244,6005.09,2025-06-28,2026-02-08,225,0,90+ days
22246,2586.09,2025-03-24,2025-11-23,244,0,90+ days
22249,5023.61,2025-05-12,2025-10-01,142,0,90+ days
22252,3608.31,2025-09-06,null,null,0,No Repeat
22259,7931.76,2025-03-19,2025-05-08,50,0,31-60 days
22282,9678.74,2025-09-06,2025-12-19,104,0,90+ days
22283,7942.65,2025-04-24,2025-09-18,147,0,90+ days
22290,6342.1,2025-04-10,2025-07-31,112,0,90+ days
22292,4512.14,2026-02-18,null,null,0,No Repeat
22299,7965.17,2025-03-29,2026-01-17,294,0,90+ days
22301,2743.55,2026-02-14,null,null,0,No Repeat
22307,2004.36,2025-10-30,2025-12-04,35,0,31-60 days
22314,5140.79,2025-06-14,2025-10-07,115,0,90+ days
22322,4564.98,2025-11-20,2026-01-06,47,0,31-60 days
22324,3492.85,2025-12-18,null,null,0,No Repeat
22334,4200.32,2025-06-11,2025-10-27,138,0,90+ days
22343,11303.17,2025-06-24,2025-12-29,188,0,90+ days
22345,2715.44,2025-10-11,null,null,0,No Repeat
22348,1949,2025-06-23,null,null,0,No Repeat
22355,629.37,2025-12-25,null,null,0,No Repeat
22356,2062.59,2025-08-11,null,null,0,No Repeat
22371,2337.54,2025-11-18,null,null,0,No Repeat
22378,8165.49,2025-05-23,2025-09-17,117,0,90+ days
22387,5047.88,2025-12-29,2026-01-20,22,1,8-30 days
22389,506,2025-05-25,null,null,0,No Repeat
22400,7730.77,2025-09-02,2025-12-18,107,0,90+ days
22414,1353.44,2025-11-16,null,null,0,No Repeat
22422,902.83,2025-04-21,null,null,0,No Repeat
22433,6536.93,2025-10-10,2026-02-25,138,0,90+ days
22435,3953.03,2025-09-13,null,null,0,No Repeat
22443,4227.34,2026-02-13,null,null,0,No Repeat
22451,3462.46,2025-05-07,null,null,0,No Repeat
22453,4523.65,2025-11-26,2026-01-04,39,0,31-60 days
22455,3923.56,2025-05-16,2025-05-19,3,1,0-7 days
22465,3643.35,2025-09-18,2025-11-21,64,0,61-90 days
22473,10286.64,2025-05-28,2025-08-23,87,0,61-90 days
22487,7537.07,2025-07-25,2025-11-06,104,0,90+ days
22488,4156.11,2026-01-15,null,null,0,No Repeat
22492,2760.96,2025-07-23,null,null,0,No Repeat
22500,7118.01,2025-06-17,2025-12-20,186,0,90+ days
22508,10031.28,2025-04-03,2025-07-02,90,0,61-90 days
22510,4167.91,2025-04-01,2025-08-06,127,0,90+ days
22519,5139.91,2025-07-13,2025-10-09,88,0,61-90 days
22523,4467.63,2025-04-05,null,null,0,No Repeat
22532,6720.01,2025-09-12,2025-11-09,58,0,31-60 days
22537,4507.36,2025-05-23,2025-12-30,221,0,90+ days
22539,4508.11,2026-01-13,null,null,0,No Repeat
22553,3044.76,2025-10-29,null,null,0,No Repeat
22557,4546.05,2025-06-28,2025-08-02,35,0,31-60 days
22559,1548.82,2025-08-21,null,null,0,No Repeat
22576,4090.77,2025-06-03,2025-07-17,44,0,31-60 days
22583,18358.24,2025-03-17,2025-06-02,77,0,61-90 days
22606,4841.54,2025-03-15,2025-04-11,27,1,8-30 days
22617,7371.04,2025-07-06,2026-01-05,183,0,90+ days
22620,8522,2025-03-27,2025-03-31,4,1,0-7 days
22625,5099.49,2025-03-20,2025-10-08,202,0,90+ days
22636,6371.43,2025-04-30,2025-10-05,158,0,90+ days
22652,593.57,2025-07-18,null,null,0,No Repeat
22660,6222.39,2025-05-19,2025-05-24,5,1,0-7 days
22672,3179.73,2025-10-17,null,null,0,No Repeat
22675,6191.29,2025-08-13,2026-01-18,158,0,90+ days
22680,11796.72,2025-12-07,2025-12-14,7,1,0-7 days
22682,2992.19,2025-06-28,null,null,0,No Repeat
22692,5111.01,2025-11-04,2025-11-13,9,1,8-30 days
22701,2949.76,2025-09-04,null,null,0,No Repeat
22712,2634.2,2025-03-27,null,null,0,No Repeat
22714,2986.05,2025-05-03,null,null,0,No Repeat
22718,3746.82,2025-10-09,2026-02-15,129,0,90+ days
22721,5177.74,2025-10-11,2025-10-27,16,1,8-30 days
22727,978.45,2025-10-19,null,null,0,No Repeat
22728,1960.66,2025-06-18,null,null,0,No Repeat
22738,7188.66,2025-04-22,2025-07-25,94,0,90+ days
22740,2663.01,2025-03-21,2025-06-01,72,0,61-90 days
22741,1536.62,2025-03-19,2025-08-21,155,0,90+ days
22742,6842.4,2025-10-30,2025-11-06,7,1,0-7 days
22751,6541.98,2025-03-31,2025-09-06,159,0,90+ days
22762,5433.69,2025-06-19,2025-11-20,154,0,90+ days
22766,1444.47,2025-11-01,null,null,0,No Repeat
22775,4491.42,2025-09-23,2026-02-20,150,0,90+ days
22808,1803.66,2025-12-31,null,null,0,No Repeat
22812,3183.56,2025-04-08,2025-08-06,120,0,90+ days
22815,4060.27,2025-04-02,null,null,0,No Repeat
22816,510.89,2025-03-05,null,null,0,No Repeat
22817,812.63,2025-11-17,null,null,0,No Repeat
22820,7274.91,2025-04-19,2025-04-30,11,1,8-30 days
22827,15944.75,2025-05-03,2025-11-13,194,0,90+ days
22828,3263.88,2026-01-06,2026-01-28,22,1,8-30 days
22838,644.89,2025-11-06,null,null,0,No Repeat
22844,3536.76,2026-01-04,null,null,0,No Repeat
22855,1753.89,2025-12-09,null,null,0,No Repeat
22856,376.66,2025-07-04,null,null,0,No Repeat
22859,2398,2025-08-09,2025-12-02,115,0,90+ days
22861,234.53,2025-09-02,null,null,0,No Repeat
22872,10067.51,2025-04-20,2025-05-19,29,1,8-30 days
22876,3905.42,2025-04-18,2025-05-25,37,0,31-60 days
22882,6478.06,2025-03-07,2025-05-22,76,0,61-90 days
22891,6024.08,2025-03-27,2025-07-15,110,0,90+ days
22892,13747.29,2025-07-07,2025-09-17,72,0,61-90 days
22898,3415.04,2025-12-16,2026-01-11,26,1,8-30 days
22906,1912.07,2025-09-27,null,null,0,No Repeat
22909,4531.9,2025-03-31,2025-10-26,209,0,90+ days
22911,2606.46,2025-07-28,null,null,0,No Repeat
22913,3496.56,2025-11-05,null,null,0,No Repeat
22917,3649.83,2025-10-19,2025-10-26,7,1,0-7 days
22922,8101.37,2025-04-11,2025-07-22,102,0,90+ days
22923,5211.49,2026-01-24,2026-02-26,33,0,31-60 days
22925,5713.63,2025-12-01,2025-12-22,21,1,8-30 days
22931,5697.61,2025-05-05,2026-02-15,286,0,90+ days
22935,8687.17,2025-05-04,2025-09-28,147,0,90+ days
22943,1023.19,2025-03-21,2025-04-26,36,0,31-60 days
22951,6586.43,2025-11-15,2026-01-08,54,0,31-60 days
22952,4451.21,2025-06-22,2025-09-08,78,0,61-90 days
22975,3931.29,2025-05-26,2025-09-04,101,0,90+ days
22978,6943.99,2025-08-20,2025-08-24,4,1,0-7 days
22981,3610.37,2025-05-08,2025-07-20,73,0,61-90 days
22996,2988.95,2025-10-20,null,null,0,No Repeat
23006,14799.24,2025-04-10,2025-06-24,75,0,61-90 days
23027,2037.82,2026-02-26,null,null,0,No Repeat
23029,2297.11,2025-06-21,null,null,0,No Repeat
23032,2669.38,2026-01-06,null,null,0,No Repeat
23049,4737.06,2025-11-18,2025-11-20,2,1,0-7 days
23055,4016.61,2025-09-26,null,null,0,No Repeat
23060,3640.34,2025-03-10,null,null,0,No Repeat
23066,1930.13,2026-01-24,null,null,0,No Repeat
23070,8288.89,2025-10-30,2026-02-16,109,0,90+ days
23072,6060.52,2025-09-27,2025-12-09,73,0,61-90 days
23074,2859.87,2025-08-24,null,null,0,No Repeat
23075,4518.7,2025-04-05,2025-07-05,91,0,90+ days
23088,1578.27,2025-06-23,null,null,0,No Repeat
23094,4977.88,2025-04-20,2025-07-14,85,0,61-90 days
23095,6541.95,2025-03-14,2025-08-20,159,0,90+ days
23097,636.99,2025-07-14,null,null,0,No Repeat
23098,8008.06,2025-05-25,2025-06-11,17,1,8-30 days
23099,4538.29,2025-03-27,2026-01-26,305,0,90+ days
23100,5826.93,2025-11-12,2025-12-16,34,0,31-60 days
23101,8995.34,2025-06-26,2025-10-04,100,0,90+ days
23102,7902.74,2025-04-18,2025-10-15,180,0,90+ days
23105,4098.79,2025-07-15,2025-09-20,67,0,61-90 days
23113,2025.69,2026-01-17,null,null,0,No Repeat
23116,1190.11,2025-05-25,null,null,0,No Repeat
23119,6306.68,2025-05-25,2025-09-11,109,0,90+ days
23121,332.03,2025-05-21,null,null,0,No Repeat
23125,10599.5,2025-05-10,2025-07-31,82,0,61-90 days
23129,2455.28,2025-07-27,null,null,0,No Repeat
23148,2230.92,2025-05-18,2025-06-02,15,1,8-30 days
23154,7810.37,2025-05-10,2025-09-15,128,0,90+ days
23159,3034.85,2025-03-26,2025-10-09,197,0,90+ days
23160,4963.97,2025-07-14,2025-12-30,169,0,90+ days
23163,4600.2,2025-10-27,2026-02-27,123,0,90+ days
23178,1446.25,2025-10-01,null,null,0,No Repeat
23179,1034.76,2026-02-17,null,null,0,No Repeat
23181,1239.13,2025-08-13,null,null,0,No Repeat
23182,17021.3,2025-03-14,2025-05-01,48,0,31-60 days
23196,2436.1,2025-05-29,null,null,0,No Repeat
23197,13722.62,2025-06-12,2025-10-17,127,0,90+ days
23198,4606.24,2025-05-01,null,null,0,No Repeat
23219,5556.48,2025-06-04,2026-01-09,219,0,90+ days
23221,4363.96,2025-12-30,null,null,0,No Repeat
23227,1789.02,2025-05-31,null,null,0,No Repeat
23229,3520.64,2025-06-27,2025-09-02,67,0,61-90 days
23253,7755.91,2025-06-07,2025-07-06,29,1,8-30 days
23260,15105.79,2025-11-25,2025-12-09,14,1,8-30 days
23263,4159.33,2025-06-18,null,null,0,No Repeat
23264,1880.09,2025-04-29,null,null,0,No Repeat
23265,7912.69,2025-04-24,2026-01-01,252,0,90+ days
23268,3517.11,2026-01-20,null,null,0,No Repeat
23271,1258.23,2025-10-05,null,null,0,No Repeat
23274,2084.07,2025-07-25,2026-01-13,172,0,90+ days
23279,468.46,2025-09-12,null,null,0,No Repeat
23285,2731.97,2025-04-21,null,null,0,No Repeat
23286,7340.27,2025-04-13,2025-04-16,3,1,0-7 days
23292,5582.51,2025-10-03,2025-12-03,61,0,61-90 days
23293,10968.23,2025-03-05,2025-03-06,1,1,0-7 days
23304,1816.27,2025-05-07,null,null,0,No Repeat
23315,1910.82,2025-06-19,null,null,0,No Repeat
23323,5554.16,2025-07-21,2026-02-12,206,0,90+ days
23327,3706.74,2025-08-07,2026-01-08,154,0,90+ days
23329,6233.14,2025-03-14,2025-06-20,98,0,90+ days
23330,1624.12,2026-01-15,null,null,0,No Repeat
23344,7045.37,2025-10-04,2026-01-28,116,0,90+ days
23355,2669.11,2025-03-05,2025-10-21,230,0,90+ days
23357,5164.65,2025-11-05,2026-02-26,113,0,90+ days
23358,7811.51,2025-04-21,2025-04-25,4,1,0-7 days
23363,5649.67,2025-05-16,2025-12-16,214,0,90+ days
23367,5923.71,2025-05-12,2025-08-12,92,0,90+ days
23370,2933.61,2026-01-20,null,null,0,No Repeat
23372,7182.36,2026-01-28,2026-02-02,5,1,0-7 days
23379,6078.14,2025-07-28,2025-09-04,38,0,31-60 days
23383,3074.16,2025-07-29,2026-01-22,177,0,90+ days
23389,1245.02,2026-01-29,null,null,0,No Repeat
23395,9281.24,2025-04-01,2025-07-07,97,0,90+ days
23400,2550.11,2025-12-30,null,null,0,No Repeat
23406,8940.58,2025-03-21,2026-01-03,288,0,90+ days
23407,6740.94,2025-07-19,2026-01-31,196,0,90+ days
23411,4536.35,2025-03-23,2025-10-29,220,0,90+ days
23421,2130.96,2025-06-10,null,null,0,No Repeat
23429,3503.4,2025-11-02,null,null,0,No Repeat
23447,7444.13,2025-03-17,2025-09-27,194,0,90+ days
23449,3557.33,2025-04-26,null,null,0,No Repeat
23452,4817.26,2026-02-09,2026-02-26,17,1,8-30 days
23463,4778.62,2025-11-01,2026-02-17,108,0,90+ days
23466,2222.65,2025-08-09,null,null,0,No Repeat
23467,7028.26,2025-10-31,2025-11-05,5,1,0-7 days
23471,5810.72,2025-03-12,2025-12-16,279,0,90+ days
23474,4471.73,2025-09-28,null,null,0,No Repeat
23480,221.07,2025-03-27,null,null,0,No Repeat
23486,8995.38,2025-04-23,2025-08-24,123,0,90+ days
23497,11134.66,2025-05-16,2025-07-15,60,0,31-60 days
23498,3854.76,2026-01-13,null,null,0,No Repeat
23507,3916.06,2025-11-24,null,null,0,No Repeat
23511,12899.86,2025-05-09,2025-06-20,42,0,31-60 days
23512,4984.98,2025-05-18,null,null,0,No Repeat
23527,4290.26,2025-09-14,null,null,0,No Repeat
23528,8831.78,2025-05-21,2025-10-04,136,0,90+ days
23534,13219.76,2025-08-15,2025-09-10,26,1,8-30 days
23541,2454.63,2025-03-23,null,null,0,No Repeat
23549,8200.82,2025-08-13,2025-12-19,128,0,90+ days
23550,4748.22,2025-06-05,null,null,0,No Repeat
23553,1079.62,2025-10-14,null,null,0,No Repeat
23565,8930.37,2025-07-10,2025-12-09,152,0,90+ days
23577,8980.32,2025-03-06,2025-07-08,124,0,90+ days
23581,8522.51,2025-03-10,2026-01-04,300,0,90+ days
23595,7662.72,2025-03-30,2025-06-15,77,0,61-90 days
23596,2361.35,2025-05-14,null,null,0,No Repeat
23599,372.46,2025-08-26,null,null,0,No Repeat
23602,5199.3,2025-07-22,2025-10-05,75,0,61-90 days
23604,11107.66,2025-03-20,2025-03-28,8,1,8-30 days
23608,4652.87,2026-01-25,2026-02-01,7,1,0-7 days
23612,5698.94,2025-05-26,2025-09-23,120,0,90+ days
23614,550.2,2025-12-19,null,null,0,No Repeat
23625,3486.44,2025-04-08,2025-12-13,249,0,90+ days
23630,2198.69,2025-10-18,null,null,0,No Repeat
23631,2339.88,2025-05-03,null,null,0,No Repeat
23635,4603.99,2026-01-07,null,null,0,No Repeat
23640,10463.58,2025-06-23,2025-06-28,5,1,0-7 days
23655,5559.69,2025-09-26,2025-11-19,54,0,31-60 days
23659,5576.9,2025-03-21,2025-08-25,157,0,90+ days
23661,4530.34,2025-07-30,2025-10-14,76,0,61-90 days
23666,1163.66,2025-04-25,null,null,0,No Repeat
23672,489.28,2025-03-29,null,null,0,No Repeat
23674,4363.3,2025-07-11,2025-12-16,158,0,90+ days
23676,6580.68,2025-03-20,2025-04-29,40,0,31-60 days
23679,6502.73,2025-09-07,2025-09-29,22,1,8-30 days
23686,3973.27,2025-06-26,null,null,0,No Repeat
23689,1995.58,2025-09-15,null,null,0,No Repeat
23701,2872.03,2025-11-24,null,null,0,No Repeat
23705,9872.47,2025-04-04,2025-08-11,129,0,90+ days
23720,5418.79,2025-08-15,2025-10-12,58,0,31-60 days
23721,781.54,2025-10-16,null,null,0,No Repeat
23723,11768.36,2025-03-21,2025-05-18,58,0,31-60 days
23727,2426.56,2025-08-31,2026-01-17,139,0,90+ days
23742,2920.15,2025-10-15,2025-11-18,34,0,31-60 days
23750,9266.25,2025-03-03,2025-07-25,144,0,90+ days
23753,4350.18,2025-06-28,null,null,0,No Repeat
23758,1206.34,2025-07-16,null,null,0,No Repeat
23763,5725.24,2025-05-06,2025-05-28,22,1,8-30 days
23764,2138.73,2025-03-19,null,null,0,No Repeat
23769,12292.77,2025-03-20,2025-04-12,23,1,8-30 days
23771,4855.65,2025-04-21,2025-10-28,190,0,90+ days
23783,3997.4,2025-05-21,2026-01-05,229,0,90+ days
23784,2796.88,2025-11-03,2026-01-10,68,0,61-90 days
23785,2357.27,2025-07-02,null,null,0,No Repeat
23786,5374.81,2025-08-16,2025-11-26,102,0,90+ days
23787,3958.06,2026-02-25,null,null,0,No Repeat
23795,4140.29,2025-06-05,null,null,0,No Repeat
23804,9079.48,2026-01-10,2026-02-14,35,0,31-60 days
23805,5035.71,2025-03-13,2025-11-21,253,0,90+ days
23806,2206.59,2025-04-20,null,null,0,No Repeat
23814,2990.58,2025-07-01,null,null,0,No Repeat
23817,5844.6,2025-12-13,2026-01-12,30,1,8-30 days
23818,2254.22,2025-08-06,null,null,0,No Repeat
23819,730.14,2025-03-06,null,null,0,No Repeat
23824,2804.61,2025-11-17,null,null,0,No Repeat
23832,15633.67,2025-03-13,2025-05-27,75,0,61-90 days
23845,4961,2025-10-04,null,null,0,No Repeat
23857,3509.45,2025-05-28,null,null,0,No Repeat
23860,7632.02,2025-05-30,2025-08-27,89,0,61-90 days
23864,4925.95,2025-04-22,null,null,0,No Repeat
23865,772.3,2025-12-06,null,null,0,No Repeat
23868,9098.86,2025-03-16,2025-04-15,30,1,8-30 days
23870,3719.4,2025-10-01,2026-02-23,145,0,90+ days
23871,7568.94,2025-11-01,2026-02-07,98,0,90+ days
23878,2355.14,2025-04-05,2025-04-26,21,1,8-30 days
23882,4906.32,2025-04-23,null,null,0,No Repeat
23883,8426.63,2025-06-03,2025-06-30,27,1,8-30 days
23886,2057.1,2025-12-11,null,null,0,No Repeat
23888,5209.64,2025-10-04,2026-02-06,125,0,90+ days
23899,1595.32,2025-09-06,null,null,0,No Repeat
23901,5798.6,2025-03-24,2025-06-03,71,0,61-90 days
23908,1648.24,2025-06-21,null,null,0,No Repeat
23917,8798.29,2025-03-28,2025-12-09,256,0,90+ days
23922,2048.02,2025-04-14,null,null,0,No Repeat
23933,4769.03,2025-10-18,2026-01-08,82,0,61-90 days
23936,2320.1,2025-06-30,null,null,0,No Repeat
23950,3641.07,2025-04-30,2025-08-21,113,0,90+ days
23953,1397.68,2025-06-04,null,null,0,No Repeat
23975,5490.53,2025-05-07,2026-02-04,273,0,90+ days
23981,9818.89,2025-05-28,2025-12-03,189,0,90+ days
23986,2536.51,2025-06-06,2025-08-16,71,0,61-90 days
23989,4123.27,2025-04-10,2025-06-27,78,0,61-90 days
24002,8023.49,2025-05-17,2025-06-11,25,1,8-30 days
24003,8184.28,2025-04-18,2025-07-29,102,0,90+ days
24008,5181.53,2025-09-14,2025-10-26,42,0,31-60 days
24011,2142.53,2025-09-23,null,null,0,No Repeat
24012,6277.93,2025-06-14,2025-09-15,93,0,90+ days
24018,3250.97,2025-09-20,null,null,0,No Repeat
24027,3483.4,2025-08-06,2025-10-27,82,0,61-90 days
24028,4631.53,2025-06-17,2025-09-02,77,0,61-90 days
24036,2968.13,2025-12-02,null,null,0,No Repeat
24037,1384.53,2025-03-20,2025-04-04,15,1,8-30 days
24041,6737.74,2025-05-04,2026-02-02,274,0,90+ days
24046,10364.9,2025-05-03,2025-06-12,40,0,31-60 days
24062,5329.07,2025-11-12,2026-02-04,84,0,61-90 days
24063,3781.75,2025-12-03,null,null,0,No Repeat
24069,7327.39,2025-06-11,2025-07-08,27,1,8-30 days
24072,1273.91,2026-02-07,null,null,0,No Repeat
24076,8948.26,2025-06-28,2025-10-27,121,0,90+ days
24080,3918.44,2025-11-12,null,null,0,No Repeat
24081,5480.87,2025-03-12,2025-06-18,98,0,90+ days
24083,7341.13,2026-01-15,2026-02-16,32,0,31-60 days
24086,6064.55,2025-04-08,2025-07-05,88,0,61-90 days
24108,10488.18,2025-08-05,2025-08-20,15,1,8-30 days
24134,1704.53,2025-07-31,null,null,0,No Repeat
24141,7518.65,2025-04-07,2025-09-25,171,0,90+ days
24143,4075.15,2025-06-04,2025-09-20,108,0,90+ days
24150,5876.36,2026-02-12,2026-02-24,12,1,8-30 days
24156,3817.53,2025-06-11,2025-12-08,180,0,90+ days
24159,4108.79,2025-05-24,2025-06-17,24,1,8-30 days
24161,7811.74,2025-03-17,2025-12-20,278,0,90+ days
24163,1538.46,2025-06-21,null,null,0,No Repeat
24169,4197.18,2025-03-22,2025-04-12,21,1,8-30 days
24171,6071.32,2025-03-01,2025-06-15,106,0,90+ days
24175,4228.64,2025-04-09,2025-09-01,145,0,90+ days
24181,4143.02,2025-10-11,2025-12-22,72,0,61-90 days
24182,4532.56,2025-03-27,null,null,0,No Repeat
24183,2727.45,2025-04-25,null,null,0,No Repeat
24197,1993.08,2025-12-19,null,null,0,No Repeat
24202,2370.74,2025-06-26,2025-09-11,77,0,61-90 days
24204,9825.2,2025-03-12,2025-10-08,210,0,90+ days
24231,4238.08,2025-07-31,2025-08-15,15,1,8-30 days
24233,2787.26,2025-04-10,2025-11-26,230,0,90+ days
24238,6485.77,2025-03-05,2025-08-03,151,0,90+ days
24241,6666.1,2025-03-20,2025-04-25,36,0,31-60 days
24252,2595.32,2025-04-11,null,null,0,No Repeat
24272,10053.5,2025-07-19,2025-09-18,61,0,61-90 days
24283,9517.12,2025-04-29,2025-05-18,19,1,8-30 days
24294,8571.43,2025-08-18,2025-09-08,21,1,8-30 days
24307,2524.47,2025-05-07,null,null,0,No Repeat
24314,1985.59,2025-07-21,2025-08-07,17,1,8-30 days
24315,7639.13,2025-09-16,2026-01-01,107,0,90+ days
24318,5748.27,2025-04-12,2025-04-30,18,1,8-30 days
24327,1570.82,2025-11-26,null,null,0,No Repeat
24330,3290.91,2025-09-04,null,null,0,No Repeat
24331,5384.36,2025-10-17,2026-01-26,101,0,90+ days
24335,11234.09,2025-04-16,2025-12-25,253,0,90+ days
24355,4961.53,2025-06-11,2025-11-12,154,0,90+ days
24360,4502,2025-09-03,null,null,0,No Repeat
24364,2507.58,2025-10-18,null,null,0,No Repeat
24365,1181.17,2025-10-05,null,null,0,No Repeat
24367,11649.18,2025-09-09,2025-12-12,94,0,90+ days
24371,488.58,2025-11-18,null,null,0,No Repeat
24374,7824.39,2025-11-22,2026-02-08,78,0,61-90 days
24375,5287.07,2025-08-13,2025-12-27,136,0,90+ days
24394,710.1,2025-07-15,null,null,0,No Repeat
24404,9629.92,2025-03-29,2025-06-22,85,0,61-90 days
24405,3710.78,2025-12-19,null,null,0,No Repeat
24410,4941.48,2025-08-20,2025-11-22,94,0,90+ days
24412,2150.2,2025-08-16,null,null,0,No Repeat
24415,433.71,2025-04-13,null,null,0,No Repeat
24443,3041.95,2025-12-29,null,null,0,No Repeat
24445,4181.76,2025-03-28,2025-11-22,239,0,90+ days
24451,4584.84,2025-03-13,null,null,0,No Repeat
24462,5985.22,2025-08-14,2025-09-05,22,1,8-30 days
24466,983.69,2025-12-28,null,null,0,No Repeat
24480,9662.99,2025-06-25,2025-09-05,72,0,61-90 days
24481,3906.8,2025-04-03,null,null,0,No Repeat
24482,3798.62,2025-09-17,null,null,0,No Repeat
24495,4160.67,2025-09-22,null,null,0,No Repeat
24505,8192.68,2025-04-15,2025-09-05,143,0,90+ days
24520,7306.59,2025-06-10,2025-10-31,143,0,90+ days
24525,7393.04,2025-08-07,2025-12-29,144,0,90+ days
24531,2877.76,2025-06-11,null,null,0,No Repeat
24532,5999.33,2025-03-13,2025-08-18,158,0,90+ days
24535,5723.57,2025-09-20,2026-02-23,156,0,90+ days
24537,11086.21,2025-05-01,2025-06-03,33,0,31-60 days
24540,11939.8,2025-11-20,2025-12-15,25,1,8-30 days
24542,5727.51,2025-05-28,2025-12-12,198,0,90+ days
24556,8171.46,2026-01-20,2026-02-10,21,1,8-30 days
24561,988.38,2025-03-27,2025-08-20,146,0,90+ days
24567,9371.19,2025-03-29,2025-11-12,228,0,90+ days
24571,2547.2,2026-02-14,null,null,0,No Repeat
24581,7854.88,2025-04-02,2025-04-17,15,1,8-30 days
24587,7699.1,2025-09-30,2025-10-06,6,1,0-7 days
24595,2278.11,2025-10-20,null,null,0,No Repeat
24598,12481.01,2025-10-24,2025-10-28,4,1,0-7 days
24599,7223.29,2025-10-11,2026-02-17,129,0,90+ days
24601,11288.55,2025-03-09,2025-03-22,13,1,8-30 days
24606,3165.24,2025-11-06,null,null,0,No Repeat
24632,4091.13,2025-11-27,null,null,0,No Repeat
24636,253.32,2025-11-11,null,null,0,No Repeat
24647,3600.45,2025-12-18,null,null,0,No Repeat
24672,2240.62,2025-04-22,2025-05-13,21,1,8-30 days
24680,3892.82,2025-08-09,null,null,0,No Repeat
24687,4429.74,2025-03-13,2026-01-25,318,0,90+ days
24690,3704.98,2025-07-13,2025-10-24,103,0,90+ days
24695,2437.39,2025-09-11,null,null,0,No Repeat
24707,9497.63,2025-06-29,2025-08-06,38,0,31-60 days
24718,3119.82,2025-11-15,null,null,0,No Repeat
24723,3474.13,2026-01-07,null,null,0,No Repeat
24724,10228.87,2025-03-26,2025-04-16,21,1,8-30 days
24741,4549.31,2025-04-24,2025-07-01,68,0,61-90 days
24751,3646.92,2025-03-10,null,null,0,No Repeat
24754,3836.99,2025-09-07,2025-10-28,51,0,31-60 days
24770,4762.14,2025-07-09,2025-08-03,25,1,8-30 days
24782,3239.58,2025-05-12,null,null,0,No Repeat
24787,5428.4,2025-03-02,2025-05-13,72,0,61-90 days
24790,2581.42,2025-05-05,null,null,0,No Repeat
24794,10119.87,2025-07-21,2025-08-10,20,1,8-30 days
24799,10550.58,2025-04-27,2025-05-29,32,0,31-60 days
24803,2107.76,2025-06-28,null,null,0,No Repeat
24810,4168.97,2025-03-05,2025-09-15,194,0,90+ days
24811,5569.14,2025-03-19,2025-07-16,119,0,90+ days
24812,8003.43,2025-06-01,2025-08-06,66,0,61-90 days
24817,2562.62,2025-05-08,null,null,0,No Repeat
24821,3824.52,2025-06-02,null,null,0,No Repeat
24824,2838.83,2025-07-03,null,null,0,No Repeat
24833,2183.43,2025-05-09,null,null,0,No Repeat
24834,5610.91,2025-07-31,2025-09-30,61,0,61-90 days
24838,4466.95,2025-11-07,null,null,0,No Repeat
24842,3556.28,2025-05-27,2025-09-03,99,0,90+ days
24846,9782.03,2025-05-12,2025-05-23,11,1,8-30 days
24857,2800.37,2025-10-14,null,null,0,No Repeat
24858,2996.73,2025-05-19,null,null,0,No Repeat
24865,7286.58,2025-04-18,2026-02-28,316,0,90+ days
24866,8858.45,2025-08-06,2025-08-15,9,1,8-30 days
24874,497.42,2026-02-27,null,null,0,No Repeat
24879,4592.78,2025-05-05,2025-05-22,17,1,8-30 days
24880,8363.17,2025-05-05,2025-08-01,88,0,61-90 days
24881,2573.69,2026-01-29,null,null,0,No Repeat
24892,6609,2025-11-22,2025-11-30,8,1,8-30 days
24923,15803.04,2025-09-06,2025-11-17,72,0,61-90 days
24926,6283.37,2025-08-24,2025-09-05,12,1,8-30 days
24927,10277.04,2025-07-04,2025-07-06,2,1,0-7 days
24929,11881,2025-04-08,2025-09-06,151,0,90+ days
24932,6542.6,2025-07-18,2025-09-07,51,0,31-60 days
24933,9779.34,2025-03-09,2025-05-29,81,0,61-90 days
24938,2018.27,2025-06-18,null,null,0,No Repeat
24940,12423.88,2025-05-31,2025-05-31,0,1,0-7 days
24943,4622.52,2025-05-01,2025-05-20,19,1,8-30 days
24956,7496.84,2025-04-05,2025-04-12,7,1,0-7 days
24964,5190.58,2025-12-12,2026-01-05,24,1,8-30 days
24967,8720.09,2025-05-06,2025-07-17,72,0,61-90 days
24970,4898.15,2025-03-31,2025-04-10,10,1,8-30 days
24979,6077.2,2025-06-12,2025-10-09,119,0,90+ days
24986,5984.83,2025-05-23,2026-02-24,277,0,90+ days
24987,1058.05,2025-06-07,null,null,0,No Repeat
24996,1643.73,2025-04-09,null,null,0,No Repeat
24998,7925.85,2025-07-17,2025-10-04,79,0,61-90 days
24999,3104.18,2025-03-26,2026-02-19,330,0,90+ days
25005,9528.52,2025-08-27,2025-10-16,50,0,31-60 days
25013,5889.84,2025-05-30,2025-11-04,158,0,90+ days
25027,11411.42,2025-04-16,2025-05-04,18,1,8-30 days
25036,4929.85,2025-09-13,2025-09-24,11,1,8-30 days
25038,3150.23,2025-06-02,null,null,0,No Repeat
25045,6373.01,2025-06-27,2025-09-14,79,0,61-90 days
25056,4346.86,2025-07-11,2025-10-02,83,0,61-90 days
25063,3595.9,2025-07-05,null,null,0,No Repeat
25066,1747.58,2025-06-17,null,null,0,No Repeat
25067,1049.46,2025-07-10,null,null,0,No Repeat
25070,9996.84,2025-04-28,2025-10-27,182,0,90+ days
25073,4379.84,2025-06-18,2025-10-16,120,0,90+ days
25074,4350.68,2026-02-12,null,null,0,No Repeat
25087,3336.6,2025-08-09,2025-10-19,71,0,61-90 days
25089,5482.57,2025-10-03,2025-11-19,47,0,31-60 days
25116,5336.06,2025-05-17,2025-07-13,57,0,31-60 days
25124,323.3,2025-08-26,null,null,0,No Repeat
25147,6001.12,2025-08-13,2026-01-07,147,0,90+ days
25148,12021.84,2025-06-02,2025-07-23,51,0,31-60 days
25150,8589.42,2025-05-09,2025-07-14,66,0,61-90 days
25161,410.75,2025-12-12,null,null,0,No Repeat
25163,4280.48,2025-06-15,null,null,0,No Repeat
25165,2633.6,2026-02-15,null,null,0,No Repeat
25172,3782.8,2025-06-17,null,null,0,No Repeat
25174,3926.1,2025-03-08,null,null,0,No Repeat
25180,947.19,2025-07-11,null,null,0,No Repeat
25182,7509.83,2025-08-10,2025-11-08,90,0,61-90 days
25184,2226.52,2025-10-13,2025-12-21,69,0,61-90 days
25190,1162.1,2025-12-27,null,null,0,No Repeat
25196,3897.97,2025-08-03,null,null,0,No Repeat
25203,9352.31,2025-08-05,2025-09-09,35,0,31-60 days
25219,2803.9,2026-01-17,null,null,0,No Repeat
25227,6599.21,2025-04-25,2026-01-11,261,0,90+ days
25232,826.72,2025-05-19,null,null,0,No Repeat
25236,3175.4,2025-11-17,null,null,0,No Repeat
25238,3742.18,2025-12-01,null,null,0,No Repeat
25247,3806.44,2025-09-29,null,null,0,No Repeat
25248,11296.45,2025-03-30,2025-04-08,9,1,8-30 days
25263,7759.76,2025-05-25,2025-12-29,218,0,90+ days
25266,1948.64,2025-07-29,null,null,0,No Repeat
25272,2771.63,2025-03-28,null,null,0,No Repeat
25275,944.96,2025-05-09,null,null,0,No Repeat
25278,4227.87,2025-03-14,2026-01-30,322,0,90+ days
25280,3201.88,2025-12-09,null,null,0,No Repeat
25296,2401.61,2026-02-11,null,null,0,No Repeat
25298,4606.41,2025-03-22,2025-06-14,84,0,61-90 days
25303,4937.16,2025-09-30,null,null,0,No Repeat
25325,10518.66,2025-03-31,2025-06-20,81,0,61-90 days
25329,13653.53,2025-03-10,2025-03-19,9,1,8-30 days
25339,12054.67,2025-03-29,2025-05-22,54,0,31-60 days
25340,3010.53,2025-06-30,2025-11-15,138,0,90+ days
25341,7364.59,2025-05-23,2025-11-25,186,0,90+ days
25344,3928.31,2025-05-12,null,null,0,No Repeat
25345,3143.56,2025-08-30,null,null,0,No Repeat
25348,4772.68,2025-04-19,2025-11-28,223,0,90+ days
25352,16953.68,2025-05-09,2025-06-05,27,1,8-30 days
25357,5960.75,2025-10-16,2025-11-28,43,0,31-60 days
25363,1043.48,2025-11-01,null,null,0,No Repeat
25365,7774.81,2025-04-22,2025-07-20,89,0,61-90 days
25370,4607.66,2025-09-02,null,null,0,No Repeat
25375,6658.14,2025-03-03,2026-02-03,337,0,90+ days
25376,8193.38,2025-03-18,2025-05-01,44,0,31-60 days
25381,4516.77,2025-12-13,2026-02-26,75,0,61-90 days
25384,5815.26,2025-07-27,2025-12-29,155,0,90+ days
25394,4356.59,2025-04-13,2026-01-06,268,0,90+ days
25398,1280.57,2025-10-26,null,null,0,No Repeat
25400,6812.42,2025-09-06,2026-02-23,170,0,90+ days
25411,8404.08,2025-06-30,2025-08-09,40,0,31-60 days
25422,2245.83,2025-06-24,null,null,0,No Repeat
25440,4105.79,2025-11-11,null,null,0,No Repeat
25447,10238.71,2025-12-04,2025-12-20,16,1,8-30 days
25452,7261.47,2025-07-21,2025-10-27,98,0,90+ days
25454,800.74,2025-07-16,null,null,0,No Repeat
25457,7143.01,2025-03-20,2025-07-25,127,0,90+ days
25468,4215.17,2025-08-05,2025-10-13,69,0,61-90 days
25487,2622.36,2025-07-29,null,null,0,No Repeat
25488,7089.69,2025-05-21,2025-09-23,125,0,90+ days
25495,795.93,2025-10-27,2025-12-13,47,0,31-60 days
25496,3061.96,2025-05-22,2026-01-02,225,0,90+ days
25510,7030.43,2025-10-23,2025-11-10,18,1,8-30 days
25512,1522.39,2025-05-31,null,null,0,No Repeat
25513,3819.92,2025-03-09,2025-12-08,274,0,90+ days
25523,5934.58,2025-05-17,2026-01-30,258,0,90+ days
25525,697.48,2025-06-18,null,null,0,No Repeat
25538,763.47,2026-01-28,null,null,0,No Repeat
25545,6914.6,2025-05-20,2025-10-03,136,0,90+ days
25546,602.4,2025-07-01,null,null,0,No Repeat
25556,2819.9,2025-09-14,null,null,0,No Repeat
25580,2472.52,2025-06-29,null,null,0,No Repeat
25583,4362.24,2025-04-29,2025-07-20,82,0,61-90 days
25588,11213.57,2025-08-15,2025-08-21,6,1,0-7 days
25594,2223.14,2025-07-10,null,null,0,No Repeat
25597,3685.43,2025-11-02,null,null,0,No Repeat
25611,1895.8,2025-10-04,null,null,0,No Repeat
25619,7764.94,2025-07-26,2025-09-12,48,0,31-60 days
25620,9004.8,2025-06-30,2025-07-27,27,1,8-30 days
25621,2801.27,2025-05-09,null,null,0,No Repeat
25630,3035.65,2025-10-25,null,null,0,No Repeat
25631,11794.48,2025-03-12,2025-03-13,1,1,0-7 days
25636,6584.05,2025-03-30,2026-02-04,311,0,90+ days
25649,15428.97,2025-06-25,2025-09-22,89,0,61-90 days
25653,3099.97,2025-05-13,null,null,0,No Repeat
25656,7519.12,2025-03-13,2025-11-17,249,0,90+ days
25665,5171.38,2025-11-20,2026-01-03,44,0,31-60 days
25668,5021.73,2025-03-14,2025-03-26,12,1,8-30 days
25669,6678.88,2025-06-08,2026-01-29,235,0,90+ days
25670,10609.04,2025-03-04,2025-07-20,138,0,90+ days
25693,10334.29,2025-07-18,2025-09-30,74,0,61-90 days
25696,5728.27,2025-04-01,2025-08-03,124,0,90+ days
25697,6389.88,2025-05-07,2025-06-10,34,0,31-60 days
25710,4280.08,2025-08-17,2025-12-04,109,0,90+ days
25713,9513.04,2025-11-13,2026-02-11,90,0,61-90 days
25726,4949.64,2025-08-24,2025-10-02,39,0,31-60 days
25733,1951.99,2025-08-30,null,null,0,No Repeat
25734,2605.77,2026-02-10,null,null,0,No Repeat
25737,944.74,2025-10-14,null,null,0,No Repeat
25750,1506.92,2025-12-27,null,null,0,No Repeat
25754,5523.81,2025-06-10,2026-01-12,216,0,90+ days
25761,2832.02,2025-07-17,2025-09-26,71,0,61-90 days
25763,1975.73,2025-06-20,null,null,0,No Repeat
25764,8108.67,2025-03-13,2025-05-03,51,0,31-60 days
25778,8012.55,2025-03-08,2025-11-05,242,0,90+ days
25780,2253.41,2025-07-21,null,null,0,No Repeat
25783,11347.51,2025-06-12,2025-10-03,113,0,90+ days
25786,5925.55,2025-07-30,2025-11-07,100,0,90+ days
25804,9846.66,2025-03-17,2025-05-08,52,0,31-60 days
25807,9357.51,2025-05-16,2025-11-07,175,0,90+ days
25810,375.76,2025-09-23,null,null,0,No Repeat
25814,1304.46,2025-09-12,2025-10-01,19,1,8-30 days
25817,1493.35,2025-07-28,null,null,0,No Repeat
25824,1843.15,2025-08-24,null,null,0,No Repeat
25830,1510.23,2025-09-01,null,null,0,No Repeat
25853,4081.56,2026-01-12,null,null,0,No Repeat
25854,4341.63,2025-07-25,2025-09-08,45,0,31-60 days
25857,456.9,2025-12-21,null,null,0,No Repeat
25860,15600.33,2025-04-16,2025-06-18,63,0,61-90 days
25875,7672.88,2025-06-09,2025-06-17,8,1,8-30 days
25883,1087.48,2025-05-08,2025-09-22,137,0,90+ days
25898,6994.04,2025-04-16,2025-10-01,168,0,90+ days
25907,11271.91,2025-08-08,2025-08-19,11,1,8-30 days
25910,7914.95,2025-03-11,2025-07-15,126,0,90+ days
25921,4239.68,2025-07-30,2025-08-28,29,1,8-30 days
25924,6004.96,2025-07-10,2025-11-16,129,0,90+ days
25938,7217.16,2025-10-14,2025-10-21,7,1,0-7 days
25940,4712.21,2025-12-21,null,null,0,No Repeat
25947,5954.87,2025-07-25,2025-10-23,90,0,61-90 days
25964,8401.92,2025-12-20,2026-01-28,39,0,31-60 days
25967,10939.16,2025-07-12,2025-11-19,130,0,90+ days
25968,1852.19,2025-07-27,null,null,0,No Repeat
25977,7503.19,2025-05-01,2025-05-12,11,1,8-30 days
25983,6913.96,2025-03-17,2025-09-02,169,0,90+ days
25988,10684.75,2025-03-02,2025-05-26,85,0,61-90 days
25993,2655.12,2025-12-07,null,null,0,No Repeat
25994,3059.62,2025-11-26,null,null,0,No Repeat
25998,1064.89,2025-10-10,null,null,0,No Repeat
26003,5623.71,2025-08-21,2025-12-05,106,0,90+ days
26010,924.96,2025-05-15,null,null,0,No Repeat
26016,3582.61,2025-03-22,2025-03-30,8,1,8-30 days
26021,3926.02,2025-06-05,null,null,0,No Repeat
26024,1402.15,2025-08-24,null,null,0,No Repeat
26027,4936.58,2025-08-03,null,null,0,No Repeat
26063,3437.58,2025-06-09,2025-09-11,94,0,90+ days
26067,3462.42,2025-08-08,null,null,0,No Repeat
26072,7020.25,2025-05-13,2025-08-15,94,0,90+ days
26079,2937.96,2025-05-31,null,null,0,No Repeat
26102,8529.52,2025-05-15,2025-06-25,41,0,31-60 days
26122,5510.96,2025-11-16,2026-01-12,57,0,31-60 days
26123,4083.68,2025-11-01,null,null,0,No Repeat
26126,4569.42,2025-04-29,2025-07-15,77,0,61-90 days
26134,437.74,2025-12-16,null,null,0,No Repeat
26142,14226.04,2025-04-10,2025-05-27,47,0,31-60 days
26147,10164.99,2025-05-01,2025-05-07,6,1,0-7 days
26150,4180.84,2025-07-09,2025-12-09,153,0,90+ days
26153,5815.02,2025-05-13,2025-06-18,36,0,31-60 days
26167,8271.32,2025-03-05,2025-04-19,45,0,31-60 days
26173,8570.93,2025-07-18,2025-08-22,35,0,31-60 days
26177,3357.67,2026-01-20,2026-02-09,20,1,8-30 days
26200,8623.31,2025-04-19,2025-04-20,1,1,0-7 days
26214,3791.28,2025-04-01,2025-09-01,153,0,90+ days
26216,14655.17,2025-07-03,2025-07-10,7,1,0-7 days
26218,6505.96,2025-05-06,2025-06-07,32,0,31-60 days
26222,9645.53,2025-04-25,2025-06-13,49,0,31-60 days
26235,1298.44,2025-08-22,null,null,0,No Repeat
26236,6264.23,2025-07-18,2026-02-02,199,0,90+ days
26237,5866.63,2025-03-30,2025-08-28,151,0,90+ days
26242,7679.18,2025-06-15,2025-12-12,180,0,90+ days
26244,664.2,2025-07-05,null,null,0,No Repeat
26250,6365.63,2025-04-04,2025-10-04,183,0,90+ days
26253,3599.43,2025-05-07,null,null,0,No Repeat
26262,3061.79,2025-09-11,null,null,0,No Repeat
26265,1627.28,2025-12-19,2026-01-16,28,1,8-30 days
26269,10192.65,2025-03-07,2025-10-21,228,0,90+ days
26270,1645.42,2026-02-12,null,null,0,No Repeat
26281,1394.31,2025-03-15,null,null,0,No Repeat
26290,1111.42,2025-06-10,2026-01-29,233,0,90+ days
26300,3942.74,2025-05-21,2025-11-01,164,0,90+ days
26307,2192.2,2025-06-22,2025-10-05,105,0,90+ days
26309,6014.11,2025-03-22,2025-07-03,103,0,90+ days
26314,14251.48,2025-07-27,2025-07-31,4,1,0-7 days
26317,6067.57,2025-03-29,2025-08-10,134,0,90+ days
26326,483.1,2025-08-29,null,null,0,No Repeat
26337,3517.1,2025-07-12,2026-01-02,174,0,90+ days
26344,7966.33,2025-07-20,2025-08-29,40,0,31-60 days
26345,2385.08,2025-08-10,null,null,0,No Repeat
26348,11094.54,2025-08-21,2025-09-20,30,1,8-30 days
26356,3738.77,2025-03-08,2025-10-17,223,0,90+ days
26363,10252.04,2025-04-06,2025-05-09,33,0,31-60 days
26364,10356.93,2025-07-01,2025-07-31,30,1,8-30 days
26366,5652.17,2025-03-21,2025-09-17,180,0,90+ days
26367,8529.65,2025-04-18,2025-08-29,133,0,90+ days
26370,6825.74,2025-06-17,2025-12-05,171,0,90+ days
26378,9229.74,2025-05-12,2025-07-07,56,0,31-60 days
26381,8180.02,2025-06-20,2025-10-20,122,0,90+ days
26386,6269.61,2025-03-30,2025-07-20,112,0,90+ days
26387,875.14,2025-03-12,null,null,0,No Repeat
26391,17118.03,2025-04-30,2025-05-06,6,1,0-7 days
26394,5720.56,2025-08-21,2025-11-21,92,0,90+ days
26407,230.29,2026-02-20,null,null,0,No Repeat
26413,2303.07,2025-11-14,null,null,0,No Repeat
26415,6980.18,2025-03-10,2025-06-20,102,0,90+ days
26417,4538.09,2025-10-02,null,null,0,No Repeat
26423,1782.26,2026-01-30,null,null,0,No Repeat
26425,10009.06,2025-04-02,2025-06-17,76,0,61-90 days
26427,3964.95,2025-09-27,null,null,0,No Repeat
26428,3158.16,2025-05-28,null,null,0,No Repeat
26435,5384.71,2025-04-03,2026-02-28,331,0,90+ days
26438,1009.86,2026-02-22,null,null,0,No Repeat
26441,8969.95,2025-04-08,2025-08-24,138,0,90+ days
26442,5944.28,2025-06-07,2025-08-10,64,0,61-90 days
26447,4895.64,2025-03-25,null,null,0,No Repeat
26451,6273.51,2025-10-23,2026-02-20,120,0,90+ days
26458,7954.95,2025-09-17,2025-12-01,75,0,61-90 days
26471,3389.84,2025-07-22,2025-07-27,5,1,0-7 days
26472,2574.62,2025-04-23,2025-08-06,105,0,90+ days
26476,10377.55,2025-03-26,2025-06-02,68,0,61-90 days
26482,3510.72,2026-02-13,null,null,0,No Repeat
26488,2524.29,2026-01-03,null,null,0,No Repeat
26492,6637.84,2025-05-31,2025-06-23,23,1,8-30 days
26501,7037.4,2025-09-15,2025-10-20,35,0,31-60 days
26508,6027.89,2025-07-31,2025-10-12,73,0,61-90 days
26511,6848.69,2025-06-26,2025-08-25,60,0,31-60 days
26517,10134.9,2025-05-05,2025-08-08,95,0,90+ days
26525,26542.49,2025-06-11,2025-06-29,18,1,8-30 days
26537,679.99,2026-02-12,null,null,0,No Repeat
26539,4792.97,2025-08-05,2025-11-10,97,0,90+ days
26544,1662.17,2026-02-06,null,null,0,No Repeat
26545,4343.53,2026-02-20,null,null,0,No Repeat
26550,5837.67,2025-07-31,2025-09-25,56,0,31-60 days
26561,4096.53,2026-01-19,null,null,0,No Repeat
26564,1605.01,2025-07-15,2026-01-01,170,0,90+ days
26567,3471.99,2025-06-29,2025-09-06,69,0,61-90 days
26570,5994.81,2025-05-27,2025-09-24,120,0,90+ days
26575,6545.99,2025-04-13,2025-06-07,55,0,31-60 days
26580,8169.21,2025-10-07,2025-11-25,49,0,31-60 days
26591,6207.04,2025-05-10,2025-07-18,69,0,61-90 days
26592,1463.98,2025-07-07,null,null,0,No Repeat
26597,4402.91,2025-10-24,2025-11-09,16,1,8-30 days
26598,6672.5,2025-06-21,2025-10-21,122,0,90+ days
26600,5566.51,2025-05-22,2025-09-01,102,0,90+ days
26601,1374.54,2025-08-01,null,null,0,No Repeat
26615,4614.76,2026-01-10,null,null,0,No Repeat
26620,9761,2025-03-12,2025-05-15,64,0,61-90 days
26623,5184.07,2025-03-10,2025-06-02,84,0,61-90 days
26631,5971.75,2025-05-02,2025-11-16,198,0,90+ days
26639,829.04,2025-12-04,null,null,0,No Repeat
26647,1438.46,2026-01-12,null,null,0,No Repeat
26652,2680.32,2025-09-16,null,null,0,No Repeat
26656,4062.16,2026-01-12,null,null,0,No Repeat
26657,3284.77,2025-04-20,null,null,0,No Repeat
26663,400.13,2025-03-03,null,null,0,No Repeat
26664,1310.6,2025-07-25,null,null,0,No Repeat
26665,3595.49,2025-06-12,2025-09-01,81,0,61-90 days
26668,7020.11,2025-06-08,2025-09-23,107,0,90+ days
26670,1493.83,2025-07-21,null,null,0,No Repeat
26674,4351.57,2025-04-28,2025-09-26,151,0,90+ days
26677,1591.34,2025-11-06,null,null,0,No Repeat
26679,4354.62,2025-03-21,2025-07-04,105,0,90+ days
26689,1621.85,2025-12-06,null,null,0,No Repeat
26694,4358.86,2025-12-31,null,null,0,No Repeat
26701,1727.67,2026-01-11,null,null,0,No Repeat
26705,6205.92,2025-03-02,2025-03-22,20,1,8-30 days
26712,257.16,2025-03-11,null,null,0,No Repeat
26722,2997.29,2025-12-09,null,null,0,No Repeat
26727,18263.34,2025-04-11,2025-05-28,47,0,31-60 days
26739,4484.16,2025-08-30,null,null,0,No Repeat
26757,12573.8,2025-07-26,2026-01-13,171,0,90+ days
26760,1305.75,2025-10-12,null,null,0,No Repeat
26761,335.49,2025-08-05,null,null,0,No Repeat
26762,3303.6,2025-10-01,null,null,0,No Repeat
26773,8816.5,2025-04-20,2025-05-10,20,1,8-30 days
26774,2427.97,2025-04-23,2025-09-12,142,0,90+ days
26779,3031.11,2026-01-01,null,null,0,No Repeat
26788,9881.84,2025-08-23,2025-09-25,33,0,31-60 days
26794,3929.47,2025-11-20,2026-02-18,90,0,61-90 days
26808,3589.31,2026-01-23,null,null,0,No Repeat
26811,1961.32,2026-02-08,null,null,0,No Repeat
26817,1640.59,2025-05-15,null,null,0,No Repeat
26819,7414.13,2025-06-21,2025-07-02,11,1,8-30 days
26845,4647.35,2026-01-14,2026-01-14,0,1,0-7 days
26847,4958.99,2025-04-06,2025-08-12,128,0,90+ days
26849,2019.94,2025-09-09,null,null,0,No Repeat
26850,5122.91,2025-03-15,2025-12-24,284,0,90+ days
26857,6039.61,2025-03-08,2025-04-06,29,1,8-30 days
26866,3773.41,2025-07-02,2025-09-06,66,0,61-90 days
26868,3963.35,2025-09-16,null,null,0,No Repeat
26882,3273.58,2025-08-24,null,null,0,No Repeat
26885,5436.75,2025-06-09,2025-08-03,55,0,31-60 days
26888,7644.99,2025-03-06,2025-05-06,61,0,61-90 days
26895,5325.96,2025-05-02,2025-05-12,10,1,8-30 days
26896,1975.83,2025-05-16,2025-06-17,32,0,31-60 days
26905,444.24,2026-01-24,null,null,0,No Repeat
26914,2997.11,2025-12-21,null,null,0,No Repeat
26917,2967.68,2025-10-02,null,null,0,No Repeat
26918,14740.16,2025-09-06,2025-09-18,12,1,8-30 days
26920,4168.24,2025-05-08,2025-05-14,6,1,0-7 days
26926,4205.29,2025-12-12,null,null,0,No Repeat
26927,12872.46,2025-03-15,2025-08-18,156,0,90+ days
26934,12393.42,2025-03-17,2025-03-20,3,1,0-7 days
26938,6358.3,2025-10-02,2025-12-28,87,0,61-90 days
26939,5760.32,2025-04-28,2025-07-23,86,0,61-90 days
26944,754.66,2025-06-02,null,null,0,No Repeat
26946,15215.05,2025-04-29,2025-05-20,21,1,8-30 days
26948,7549.45,2025-12-15,2026-01-04,20,1,8-30 days
26951,7102.97,2025-03-08,2025-07-03,117,0,90+ days
26959,8611.95,2025-04-17,2025-06-14,58,0,31-60 days
26965,10011.4,2025-05-12,2025-06-12,31,0,31-60 days
26970,3433.82,2025-07-12,null,null,0,No Repeat
26971,1476.08,2025-03-16,null,null,0,No Repeat
26972,2306.64,2025-10-19,null,null,0,No Repeat
26974,4601.83,2025-05-29,2026-02-19,266,0,90+ days
26978,1223.01,2025-03-08,null,null,0,No Repeat
26987,7516.63,2025-05-03,2025-11-01,182,0,90+ days
26990,6375.65,2025-06-06,2025-06-11,5,1,0-7 days
27002,11248.58,2025-04-13,2025-06-25,73,0,61-90 days
27014,3107.87,2025-10-10,null,null,0,No Repeat
27024,2643.23,2025-07-08,null,null,0,No Repeat
27025,5045.13,2025-03-25,2025-10-20,209,0,90+ days
27026,2221.15,2025-09-04,null,null,0,No Repeat
27033,10069.82,2025-05-12,2025-05-31,19,1,8-30 days
27034,6201.49,2025-07-08,2026-01-17,193,0,90+ days
27044,4691.21,2025-03-07,2025-07-16,131,0,90+ days
27057,10332.89,2025-07-07,2025-10-05,90,0,61-90 days
27059,563.56,2026-01-02,null,null,0,No Repeat
27061,9086.16,2025-10-07,2025-12-04,58,0,31-60 days
27073,5550.2,2025-07-18,2025-09-07,51,0,31-60 days
27088,4208.53,2025-06-12,null,null,0,No Repeat
27103,814.87,2025-09-13,null,null,0,No Repeat
27106,3144.07,2025-11-29,null,null,0,No Repeat
27108,5182.77,2025-03-02,2025-03-15,13,1,8-30 days
27113,12525.18,2025-04-18,2025-05-28,40,0,31-60 days
27115,2317.54,2025-06-04,null,null,0,No Repeat
27119,4260.72,2025-07-16,null,null,0,No Repeat
27123,1163.4,2025-07-06,null,null,0,No Repeat
27125,3412.29,2025-04-03,null,null,0,No Repeat
27127,15411.3,2025-03-07,2025-04-16,40,0,31-60 days
27130,8734.74,2025-04-27,2025-04-28,1,1,0-7 days
27135,5517.68,2025-05-14,2025-06-02,19,1,8-30 days
27136,5759.1,2025-09-08,2026-02-03,148,0,90+ days
27145,4684.74,2025-10-01,2025-11-05,35,0,31-60 days
27149,4619.37,2025-11-13,2026-01-25,73,0,61-90 days
27152,11626.19,2025-04-01,2025-06-13,73,0,61-90 days
27157,3660.05,2025-03-03,null,null,0,No Repeat
27158,5793.56,2025-03-11,2025-09-30,203,0,90+ days
27161,2635.4,2025-05-20,null,null,0,No Repeat
27163,9944.09,2025-04-21,2025-08-29,130,0,90+ days
27168,3058.1,2025-03-16,2026-02-17,338,0,90+ days
27171,7006.86,2025-07-06,2025-09-21,77,0,61-90 days
27179,11021.05,2025-05-04,2025-07-01,58,0,31-60 days
27180,3794.56,2025-05-04,null,null,0,No Repeat
27183,1570.13,2025-04-21,2026-02-19,304,0,90+ days
27188,1968.03,2025-07-12,null,null,0,No Repeat
27208,3371.71,2025-11-07,2025-12-18,41,0,31-60 days
27214,4419.23,2025-08-20,null,null,0,No Repeat
27222,8230.51,2025-04-27,2025-08-06,101,0,90+ days
27223,6939.96,2025-03-28,2025-12-04,251,0,90+ days
27224,4161.16,2025-10-21,null,null,0,No Repeat
27229,7533.98,2025-11-26,2026-02-26,92,0,90+ days
27230,6539.03,2025-05-16,2025-07-14,59,0,31-60 days
27231,5689.94,2025-07-24,2025-11-16,115,0,90+ days
27245,2645.88,2025-06-09,null,null,0,No Repeat
27247,2909.28,2025-06-15,2025-08-05,51,0,31-60 days
27249,2290.08,2025-11-02,null,null,0,No Repeat
27250,1974.38,2025-04-27,2025-07-06,70,0,61-90 days
27261,3701.8,2026-02-24,null,null,0,No Repeat
27262,23306,2025-03-22,2025-04-01,10,1,8-30 days
27271,4107.59,2025-06-21,null,null,0,No Repeat
27280,6457.09,2025-07-05,2025-09-03,60,0,31-60 days
27309,7142.18,2025-03-13,2025-03-16,3,1,0-7 days
27320,1992.44,2026-02-15,null,null,0,No Repeat
27325,4361.56,2025-06-24,2025-08-30,67,0,61-90 days
27340,6263.63,2025-04-27,2025-10-25,181,0,90+ days
27341,1155.94,2025-03-21,null,null,0,No Repeat
27347,4019.81,2025-12-01,null,null,0,No Repeat
27351,4065.61,2025-10-31,2025-11-14,14,1,8-30 days
27356,1667.42,2025-05-05,2025-12-03,212,0,90+ days
27373,2675.36,2026-02-01,null,null,0,No Repeat
27382,8149.59,2025-03-01,2025-10-26,239,0,90+ days
27386,10455.4,2025-08-27,2025-12-29,124,0,90+ days
27395,5925.97,2025-07-26,2025-09-05,41,0,31-60 days
27399,3491.7,2025-04-06,2025-07-06,91,0,90+ days
27402,1572.23,2026-01-08,null,null,0,No Repeat
27405,6990.05,2025-03-23,2025-04-22,30,1,8-30 days
27406,7209.57,2025-03-27,2025-12-10,258,0,90+ days
27409,5644.29,2025-12-18,2026-01-20,33,0,31-60 days
27412,2962.1,2025-11-24,null,null,0,No Repeat
27413,8016.81,2025-04-01,2025-06-03,63,0,61-90 days
27425,5264.18,2025-07-15,2025-09-20,67,0,61-90 days
27427,769.84,2025-06-13,null,null,0,No Repeat
27434,4702.41,2025-09-16,2025-10-27,41,0,31-60 days
27439,3047.37,2025-08-07,null,null,0,No Repeat
27447,2036.8,2026-01-10,null,null,0,No Repeat
27459,203.28,2025-03-14,null,null,0,No Repeat
27461,2569.79,2025-09-11,null,null,0,No Repeat
27464,4322.89,2025-11-04,null,null,0,No Repeat
27469,1306.73,2025-09-11,null,null,0,No Repeat
27470,5636.97,2025-07-24,2025-11-01,100,0,90+ days
27473,6511.49,2025-07-26,2026-02-11,200,0,90+ days
27474,16468.64,2025-03-20,2025-04-08,19,1,8-30 days
27475,5773.56,2025-05-22,2025-11-20,182,0,90+ days
27480,12061.73,2025-03-26,2025-09-11,169,0,90+ days
27482,4078.79,2025-09-30,null,null,0,No Repeat
27484,7134.35,2025-06-24,2026-02-07,228,0,90+ days
27488,2324.92,2025-05-28,null,null,0,No Repeat
27503,3114.46,2025-03-16,2025-04-12,27,1,8-30 days
27504,935.42,2025-03-24,null,null,0,No Repeat
27506,1390.84,2025-03-24,2025-04-01,8,1,8-30 days
27513,2909.97,2025-11-12,2026-02-21,101,0,90+ days
27515,5688.88,2025-05-19,2025-07-28,70,0,61-90 days
27519,6686.56,2025-06-27,2025-07-24,27,1,8-30 days
27521,3747.53,2025-05-18,2026-02-26,284,0,90+ days
27522,8719.83,2025-04-26,2025-06-17,52,0,31-60 days
27532,3392.1,2025-03-12,null,null,0,No Repeat
27538,5309.06,2025-08-25,2025-10-05,41,0,31-60 days
27540,4640.87,2025-06-26,2025-08-21,56,0,31-60 days
27541,1156.85,2026-02-22,null,null,0,No Repeat
27559,7060.52,2025-06-26,2026-02-05,224,0,90+ days
27563,6194.39,2025-07-10,2025-11-01,114,0,90+ days
27564,8694.55,2025-03-01,2025-06-21,112,0,90+ days
27568,12151.64,2025-04-22,2025-07-29,98,0,90+ days
27569,9355.32,2025-04-21,2025-04-24,3,1,0-7 days
27571,4276.06,2025-09-26,2026-01-14,110,0,90+ days
27579,5045.49,2025-12-20,2026-02-21,63,0,61-90 days
27603,3095.31,2026-01-17,null,null,0,No Repeat
27630,4157.44,2025-05-26,2025-10-26,153,0,90+ days
27631,4965.41,2025-03-02,2025-09-12,194,0,90+ days
27645,5677.83,2025-04-25,2025-07-04,70,0,61-90 days
27654,2405.48,2026-01-18,null,null,0,No Repeat
27655,892.63,2025-03-15,2025-11-08,238,0,90+ days
27658,735.43,2025-09-28,null,null,0,No Repeat
27660,338.9,2025-07-29,null,null,0,No Repeat
27671,2124.93,2025-08-10,null,null,0,No Repeat
27673,8856.45,2025-10-01,2025-10-13,12,1,8-30 days
27685,1327.74,2025-05-20,null,null,0,No Repeat
27691,3263.92,2025-06-06,2025-12-07,184,0,90+ days
27698,2465.03,2025-07-17,null,null,0,No Repeat
27700,3580.78,2025-04-16,null,null,0,No Repeat
27703,222.03,2026-01-16,null,null,0,No Repeat
27707,1260.97,2025-07-06,null,null,0,No Repeat
27713,2052.1,2026-01-29,null,null,0,No Repeat
27714,8745.99,2025-11-18,2026-02-02,76,0,61-90 days
27715,3090.41,2025-04-24,null,null,0,No Repeat
27716,2485.54,2026-02-10,null,null,0,No Repeat
27721,6371.99,2025-04-13,2025-08-09,118,0,90+ days
27734,4816.05,2025-12-13,2026-02-12,61,0,61-90 days
27744,5361.93,2025-03-01,2025-04-24,54,0,31-60 days
27756,8787.46,2025-03-01,2025-04-05,35,0,31-60 days
27760,2918.71,2025-08-26,null,null,0,No Repeat
27768,2184.9,2025-09-21,null,null,0,No Repeat
27777,6294.61,2025-03-24,2025-08-04,133,0,90+ days
27779,9967.82,2025-06-17,2025-07-18,31,0,31-60 days
27780,4133.09,2026-02-11,null,null,0,No Repeat
27783,6338.85,2025-08-05,2025-12-07,124,0,90+ days
27795,845.36,2025-07-10,2025-08-13,34,0,31-60 days
27809,2310.85,2025-04-01,null,null,0,No Repeat
27810,4201.87,2025-11-17,null,null,0,No Repeat
27812,13199.29,2025-09-27,2025-11-20,54,0,31-60 days
27817,4480.17,2025-03-06,null,null,0,No Repeat
27818,6062.29,2025-04-13,2025-06-25,73,0,61-90 days
27821,6644.47,2025-10-16,2025-12-29,74,0,61-90 days
27829,4357.1,2025-06-25,null,null,0,No Repeat
27842,6050.1,2025-05-26,2025-12-16,204,0,90+ days
27850,9747.01,2025-05-04,2025-09-21,140,0,90+ days
27851,498.72,2025-10-16,null,null,0,No Repeat
27852,6994.61,2025-03-15,2026-02-28,350,0,90+ days
27853,3219.4,2025-06-12,2025-11-30,171,0,90+ days
27854,8286.23,2025-08-07,2025-11-16,101,0,90+ days
27865,4484.31,2025-05-06,null,null,0,No Repeat
27868,2193.01,2025-04-25,2025-05-30,35,0,31-60 days
27871,4501.72,2025-03-06,null,null,0,No Repeat
27872,6273.06,2025-04-24,2025-11-02,192,0,90+ days
27911,10685.6,2025-04-19,2025-06-11,53,0,31-60 days
27919,12994.14,2025-03-19,2025-07-04,107,0,90+ days
27951,1875.98,2025-08-19,2026-01-14,148,0,90+ days
27972,8305.39,2025-03-06,2025-06-29,115,0,90+ days
27978,7818.08,2025-03-13,2025-04-12,30,1,8-30 days
27994,1473.94,2025-07-16,2025-12-22,159,0,90+ days
27995,7753.09,2025-04-30,2025-06-01,32,0,31-60 days
28013,6938.01,2025-03-07,2025-08-24,170,0,90+ days
28022,4939.98,2025-05-03,2025-11-02,183,0,90+ days
28025,6940.69,2025-04-07,2025-07-26,110,0,90+ days
28041,1327.62,2025-11-05,null,null,0,No Repeat
28042,1296.33,2026-01-30,null,null,0,No Repeat
28044,14269.56,2025-03-28,2025-10-10,196,0,90+ days
28056,638.68,2025-03-08,null,null,0,No Repeat
28057,4534.22,2025-10-22,null,null,0,No Repeat
28066,2937.48,2025-05-30,2025-12-05,189,0,90+ days
28076,4865.13,2025-11-05,2025-12-19,44,0,31-60 days
28078,2201.88,2025-10-09,null,null,0,No Repeat
28099,6705.05,2025-06-23,2025-09-22,91,0,90+ days
28110,588.62,2025-11-08,2025-11-16,8,1,8-30 days
28113,6189.38,2025-07-08,2025-10-28,112,0,90+ days
28118,9948.56,2026-01-03,2026-02-19,47,0,31-60 days
28120,4419.71,2025-10-12,null,null,0,No Repeat
28127,7638.01,2025-09-26,2026-01-11,107,0,90+ days
28134,6896.02,2025-04-29,2025-05-25,26,1,8-30 days
28145,8299.47,2025-03-02,2025-04-01,30,1,8-30 days
28150,10792.03,2025-03-14,2025-04-13,30,1,8-30 days
28153,1262.62,2025-08-08,null,null,0,No Repeat
28154,5817.64,2025-03-07,2025-08-11,157,0,90+ days
28161,6543.7,2025-07-31,2025-08-10,10,1,8-30 days
28167,945.15,2025-12-18,null,null,0,No Repeat
28170,1121.63,2025-09-23,null,null,0,No Repeat
28191,4792.75,2025-11-20,null,null,0,No Repeat
28193,299.37,2026-02-05,null,null,0,No Repeat
28198,10997.89,2025-03-20,2025-06-26,98,0,90+ days
28200,3410.41,2025-03-25,null,null,0,No Repeat
28201,2517.88,2025-03-17,2026-02-21,341,0,90+ days
28209,538.37,2025-09-11,null,null,0,No Repeat
28219,4588.43,2025-08-21,2025-09-29,39,0,31-60 days
28220,8495.65,2025-06-03,2025-07-04,31,0,31-60 days
28225,1310.04,2026-01-18,null,null,0,No Repeat
28227,1850.46,2025-07-20,null,null,0,No Repeat
28231,1475.1,2025-10-11,null,null,0,No Repeat
28252,2333.75,2025-12-06,null,null,0,No Repeat
28258,8390.31,2025-03-21,2025-05-12,52,0,31-60 days
28266,4761,2025-07-12,2026-01-07,179,0,90+ days
28267,9044.44,2025-07-10,2025-11-03,116,0,90+ days
28279,9349.92,2025-04-10,2025-04-21,11,1,8-30 days
28289,6356.09,2025-04-01,2025-10-26,208,0,90+ days
28306,588.54,2025-08-03,null,null,0,No Repeat
28317,5780.92,2025-04-09,2025-04-25,16,1,8-30 days
28319,932.49,2025-06-05,null,null,0,No Repeat
28333,3625.76,2025-08-03,null,null,0,No Repeat
28337,6968.18,2025-05-03,2025-11-22,203,0,90+ days
28338,4140.47,2025-04-17,null,null,0,No Repeat
28340,2704.47,2025-07-16,null,null,0,No Repeat
28343,6270.67,2025-03-04,2025-09-18,198,0,90+ days
28353,8949.57,2025-07-12,2025-10-18,98,0,90+ days
28366,4057.76,2025-03-11,null,null,0,No Repeat
28368,16397.73,2025-04-01,2025-06-13,73,0,61-90 days
28370,5450.83,2025-03-11,2025-05-28,78,0,61-90 days
28376,11037.3,2025-07-24,2025-10-28,96,0,90+ days
28377,4464.44,2026-01-31,2026-02-14,14,1,8-30 days
28378,4050.4,2025-07-06,null,null,0,No Repeat
28379,2989.42,2025-11-23,null,null,0,No Repeat
28390,8494.93,2025-07-31,2025-10-10,71,0,61-90 days
28397,817.26,2025-03-28,null,null,0,No Repeat
28406,3739.33,2025-12-14,null,null,0,No Repeat
28407,13098.39,2025-03-02,2025-05-26,85,0,61-90 days
28408,3782.25,2025-05-16,null,null,0,No Repeat
28415,4189.86,2025-11-27,null,null,0,No Repeat
28430,5952.22,2025-06-16,2025-09-26,102,0,90+ days
28431,6741.49,2025-08-10,2025-12-08,120,0,90+ days
28441,3744.33,2025-04-09,null,null,0,No Repeat
28443,4929.53,2025-05-06,2025-06-03,28,1,8-30 days
28462,9094.98,2025-03-12,2025-09-14,186,0,90+ days
28464,3598.58,2025-08-04,2025-10-02,59,0,31-60 days
28471,3876.04,2025-08-01,null,null,0,No Repeat
28491,1628.03,2025-05-31,2025-07-30,60,0,31-60 days
28492,6069.28,2025-03-14,2025-04-02,19,1,8-30 days
28504,1270.59,2026-02-17,null,null,0,No Repeat
28506,4358.5,2025-03-22,null,null,0,No Repeat
28509,1216.03,2025-03-27,null,null,0,No Repeat
28517,5622.17,2025-04-11,2025-12-09,242,0,90+ days
28520,3551.45,2026-01-14,null,null,0,No Repeat
28540,4385.78,2025-12-26,2026-01-09,14,1,8-30 days
28553,11207.32,2025-05-01,2025-05-26,25,1,8-30 days
28562,948.97,2025-10-06,null,null,0,No Repeat
28568,1340.44,2025-08-02,2026-01-02,153,0,90+ days
28569,7376.65,2025-07-30,2025-10-06,68,0,61-90 days
28577,10424.9,2025-04-22,2025-06-21,60,0,31-60 days
28581,9886.27,2025-05-11,2025-07-08,58,0,31-60 days
28587,4853.98,2025-06-14,null,null,0,No Repeat
28603,5346.07,2025-09-12,2025-12-22,101,0,90+ days
28617,7976.36,2025-05-06,2025-07-15,70,0,61-90 days
28623,7009.22,2025-12-21,2025-12-23,2,1,0-7 days
28629,7572.66,2025-08-31,2025-12-03,94,0,90+ days
28632,5115.7,2026-01-11,2026-02-18,38,0,31-60 days
28637,6075.47,2025-07-09,2026-02-21,227,0,90+ days
28639,4854.1,2025-04-24,2025-12-02,222,0,90+ days
28649,6732.78,2025-06-28,2025-11-07,132,0,90+ days
28657,10713.91,2025-11-17,2025-11-24,7,1,0-7 days
28667,6302.44,2025-11-18,2025-11-19,1,1,0-7 days
28670,3272.14,2025-08-19,null,null,0,No Repeat
28683,7217.11,2025-03-08,2025-04-05,28,1,8-30 days
28686,1084.5,2025-09-14,null,null,0,No Repeat
28688,7971.31,2025-05-03,2025-10-11,161,0,90+ days
28695,1007.12,2025-04-08,2025-10-05,180,0,90+ days
28699,2409.83,2025-11-12,null,null,0,No Repeat
28710,457.74,2025-08-21,null,null,0,No Repeat
28712,1629.58,2025-07-24,null,null,0,No Repeat
28719,809.54,2025-05-22,null,null,0,No Repeat
28725,11385.54,2025-04-12,2025-08-20,130,0,90+ days
28736,10893.81,2025-06-23,2025-07-25,32,0,31-60 days
28737,2162.25,2025-05-26,null,null,0,No Repeat
28740,4538.75,2025-09-28,null,null,0,No Repeat
28745,4163.56,2025-07-09,null,null,0,No Repeat
28750,7364.41,2025-10-20,2025-12-17,58,0,31-60 days
28755,5236.69,2025-04-03,2026-02-04,307,0,90+ days
28757,4267.92,2025-10-25,null,null,0,No Repeat
28766,4934.35,2025-04-06,2025-04-22,16,1,8-30 days
28770,3341.37,2025-12-17,null,null,0,No Repeat
28784,5129.21,2025-04-08,2025-07-18,101,0,90+ days
28793,5818.76,2025-05-15,2025-08-16,93,0,90+ days
28798,4960.75,2026-01-15,null,null,0,No Repeat
28799,1802.93,2025-08-21,2025-08-26,5,1,0-7 days
28806,12180.51,2025-08-13,2025-12-11,120,0,90+ days
28810,7187.07,2025-12-11,2026-01-21,41,0,31-60 days
28813,6730.58,2025-09-19,2026-01-03,106,0,90+ days
28816,4338.07,2025-11-01,null,null,0,No Repeat
28820,2529.77,2025-06-11,2025-10-13,124,0,90+ days
28826,4208,2025-07-06,2026-02-07,216,0,90+ days
28832,6473.59,2025-05-02,2026-01-19,262,0,90+ days
28835,4790.43,2025-07-03,2025-08-06,34,0,31-60 days
28844,4104.35,2025-11-24,null,null,0,No Repeat
28855,1833.78,2025-08-18,null,null,0,No Repeat
28856,2942.18,2026-02-27,null,null,0,No Repeat
28859,11128.01,2025-04-22,2025-04-25,3,1,0-7 days
28862,9137.83,2025-06-15,2025-09-12,89,0,61-90 days
28865,4381.26,2026-02-12,null,null,0,No Repeat
28866,6102.24,2025-12-26,2026-02-10,46,0,31-60 days
28868,3036.81,2025-05-17,2026-02-04,263,0,90+ days
28869,2086.66,2025-07-03,null,null,0,No Repeat
28887,2130.87,2025-10-14,null,null,0,No Repeat
28894,3632.37,2025-06-28,2025-07-08,10,1,8-30 days
28897,4169.95,2025-03-16,2025-06-05,81,0,61-90 days
28903,14993.76,2025-03-12,2025-08-15,156,0,90+ days
28908,276.59,2025-04-25,null,null,0,No Repeat
28923,2364.38,2025-10-27,null,null,0,No Repeat
28927,4725.25,2025-11-23,null,null,0,No Repeat
28929,8905.25,2025-08-08,2026-01-06,151,0,90+ days
28937,1583.11,2025-03-04,2025-04-10,37,0,31-60 days
28939,3030.36,2025-12-18,null,null,0,No Repeat
28941,2789.84,2025-10-22,null,null,0,No Repeat
28945,4091.45,2025-12-31,2026-01-28,28,1,8-30 days
28954,11999.45,2025-09-29,2025-11-10,42,0,31-60 days
28960,6251.67,2025-07-26,2025-08-21,26,1,8-30 days
28961,9762.13,2025-06-17,2025-11-08,144,0,90+ days
28962,12463.75,2025-03-29,2025-08-10,134,0,90+ days
28968,7981.5,2025-04-20,2025-06-17,58,0,31-60 days
28970,1929.27,2025-10-17,2026-02-20,126,0,90+ days
28988,5538.44,2025-07-06,2025-08-27,52,0,31-60 days
28992,832.86,2025-08-27,null,null,0,No Repeat
28996,1637.91,2025-09-24,null,null,0,No Repeat
29003,2308.93,2025-10-01,null,null,0,No Repeat
29022,6750.53,2025-09-02,2025-10-24,52,0,31-60 days
29031,6261.19,2025-09-08,2025-10-08,30,1,8-30 days
29036,5171.34,2025-03-19,2025-11-10,236,0,90+ days
29038,12547.88,2025-05-19,2025-05-23,4,1,0-7 days
29041,4064.74,2025-07-29,null,null,0,No Repeat
29046,2044.39,2025-05-13,null,null,0,No Repeat
29049,11661.83,2025-06-26,2025-08-04,39,0,31-60 days
29052,8175.37,2025-03-22,2026-01-05,289,0,90+ days
29054,3220.03,2025-04-21,2025-06-06,46,0,31-60 days
29068,7845.79,2025-05-01,2025-12-04,217,0,90+ days
29085,2180.71,2025-11-18,2026-01-27,70,0,61-90 days
29090,4495.07,2025-07-18,2026-02-20,217,0,90+ days
29091,4943.38,2025-08-06,2025-08-18,12,1,8-30 days
29097,2039.09,2025-03-30,null,null,0,No Repeat
29104,2153.95,2025-12-22,null,null,0,No Repeat
29116,4993.36,2025-03-15,2025-03-30,15,1,8-30 days
29126,2986.04,2025-06-15,2025-06-20,5,1,0-7 days
29132,2040.84,2025-12-24,null,null,0,No Repeat
29138,6395.63,2025-04-30,2026-01-06,251,0,90+ days
29139,4603.65,2025-05-05,null,null,0,No Repeat
29143,11854,2025-03-21,2025-03-24,3,1,0-7 days
29144,3300.57,2025-05-16,2025-06-25,40,0,31-60 days
29146,3798.99,2025-10-16,2025-10-23,7,1,0-7 days
29158,11343.21,2025-10-07,2025-10-18,11,1,8-30 days
29164,2471.87,2025-07-05,2025-08-08,34,0,31-60 days
29170,6808,2025-09-20,2026-02-07,140,0,90+ days
29176,8606.57,2025-10-04,2025-12-09,66,0,61-90 days
29178,4363.11,2025-03-29,null,null,0,No Repeat
29183,685.92,2025-10-14,null,null,0,No Repeat
29185,1891.57,2025-07-17,null,null,0,No Repeat
29186,1329.87,2025-03-18,null,null,0,No Repeat
29191,3201.4,2025-04-26,null,null,0,No Repeat
29199,954.19,2025-04-09,null,null,0,No Repeat
29215,1338.66,2025-09-16,null,null,0,No Repeat
29216,12166.59,2025-06-29,2025-09-24,87,0,61-90 days
29227,8802.45,2025-08-07,2026-01-02,148,0,90+ days
29231,3654.26,2025-06-24,2025-10-19,117,0,90+ days
29237,4998.88,2025-12-08,null,null,0,No Repeat
29242,2963.72,2025-04-28,2025-11-30,216,0,90+ days
29250,5755.44,2025-04-08,2025-06-11,64,0,61-90 days
29255,4698.37,2025-12-27,null,null,0,No Repeat
29261,632.8,2025-05-21,null,null,0,No Repeat
29263,6595.54,2025-03-06,2025-03-15,9,1,8-30 days
29266,9265.41,2025-10-24,2025-10-28,4,1,0-7 days
29273,3244.87,2025-07-11,2026-01-22,195,0,90+ days
29307,7188.9,2025-04-14,2025-06-08,55,0,31-60 days
29310,3707.12,2025-07-18,2025-09-26,70,0,61-90 days
29311,5989.08,2025-08-31,2025-12-04,95,0,90+ days
29313,8092.41,2025-11-24,2026-01-11,48,0,31-60 days
29320,14656.69,2025-03-30,2025-05-24,55,0,31-60 days
29326,3673,2025-11-30,null,null,0,No Repeat
29328,2303.59,2025-09-28,null,null,0,No Repeat
29329,398.16,2025-12-13,null,null,0,No Repeat
29336,1536.13,2025-11-12,null,null,0,No Repeat
29343,1458.33,2025-06-19,null,null,0,No Repeat
29358,2337.13,2025-07-26,null,null,0,No Repeat
29363,8224.18,2025-08-08,2025-09-16,39,0,31-60 days
29394,4432.73,2025-03-17,2025-06-06,81,0,61-90 days
29396,1243.41,2025-08-01,null,null,0,No Repeat
29398,8033.05,2025-07-17,2025-09-27,72,0,61-90 days
29408,350.28,2025-09-22,null,null,0,No Repeat
29414,6929.07,2025-08-03,2026-02-21,202,0,90+ days
29417,4200.05,2026-01-05,null,null,0,No Repeat
29423,12893.59,2025-05-07,2025-06-24,48,0,31-60 days
29438,7750.58,2025-07-06,2025-08-04,29,1,8-30 days
29447,6841.68,2025-09-24,2025-11-12,49,0,31-60 days
29448,535.11,2025-05-20,null,null,0,No Repeat
29461,3473.55,2025-06-04,null,null,0,No Repeat
29463,1883.2,2026-02-10,null,null,0,No Repeat
29464,8275.66,2025-11-22,2025-11-25,3,1,0-7 days
29473,11471.39,2025-03-09,2025-08-14,158,0,90+ days
29477,2847.16,2025-03-19,null,null,0,No Repeat
29478,2885.36,2025-05-06,2026-02-25,295,0,90+ days
29481,2058.18,2025-05-02,null,null,0,No Repeat
29490,5590.95,2025-09-05,2026-02-18,166,0,90+ days
29492,9235.99,2025-03-27,2025-04-21,25,1,8-30 days
29507,1615,2025-10-25,null,null,0,No Repeat
29511,7224.67,2025-03-14,2025-11-17,248,0,90+ days
29513,656.52,2025-11-29,null,null,0,No Repeat
29517,3333.58,2025-09-11,null,null,0,No Repeat
29546,817.19,2025-12-16,null,null,0,No Repeat
29551,4852.13,2025-08-29,2025-12-07,100,0,90+ days
29559,4945.38,2025-08-19,null,null,0,No Repeat
29579,6370.96,2025-10-23,2025-11-10,18,1,8-30 days
29585,3690.87,2025-09-16,null,null,0,No Repeat
29589,7873.68,2025-03-13,2025-03-16,3,1,0-7 days
29616,5996.02,2025-03-12,2025-06-30,110,0,90+ days
29635,5326.24,2025-08-12,2025-09-26,45,0,31-60 days
29648,3848.51,2025-11-24,2026-02-24,92,0,90+ days
29649,2835.46,2025-04-20,2025-05-13,23,1,8-30 days
29651,1601.1,2026-02-24,null,null,0,No Repeat
29657,4712.64,2025-10-24,2026-02-15,114,0,90+ days
29663,3277.15,2025-11-14,null,null,0,No Repeat
29671,826.29,2025-08-16,null,null,0,No Repeat
29677,2886.26,2025-10-03,null,null,0,No Repeat
29683,4003,2026-02-14,null,null,0,No Repeat
29686,11295.1,2025-09-11,2025-09-22,11,1,8-30 days
29688,2810.49,2025-05-25,2026-01-27,247,0,90+ days
29696,12164.67,2025-03-02,2025-11-04,247,0,90+ days
29700,6784.79,2025-11-02,2025-11-07,5,1,0-7 days
29717,8287.06,2025-11-10,2026-02-16,98,0,90+ days
29719,4677.39,2025-10-31,2026-01-22,83,0,61-90 days
29726,5859.44,2025-03-14,2025-05-30,77,0,61-90 days
29727,2608.37,2025-06-03,null,null,0,No Repeat
29735,1489.16,2025-09-24,2025-10-21,27,1,8-30 days
29740,8969.3,2025-03-27,2025-06-30,95,0,90+ days
29743,1863.6,2025-08-06,2025-10-03,58,0,31-60 days
29750,11059.55,2025-07-20,2025-08-06,17,1,8-30 days
29759,8918.59,2025-07-10,2025-12-22,165,0,90+ days
29760,9475.7,2025-09-06,2025-09-11,5,1,0-7 days
29762,5352.65,2025-05-27,2025-06-26,30,1,8-30 days
29764,642.28,2025-12-27,null,null,0,No Repeat
29766,4073.57,2026-01-06,null,null,0,No Repeat
29771,7954.12,2025-05-19,2025-10-10,144,0,90+ days
29775,9093.07,2025-04-29,2025-06-10,42,0,31-60 days
29776,8664.82,2025-04-17,2025-04-24,7,1,0-7 days
29779,4587.85,2025-04-23,2026-01-19,271,0,90+ days
29803,2356.82,2025-12-13,null,null,0,No Repeat
29810,4243.13,2025-10-16,null,null,0,No Repeat
29812,7226.06,2025-07-17,2025-07-28,11,1,8-30 days
29817,3017.7,2025-05-26,2025-10-19,146,0,90+ days
29818,4533.38,2025-06-03,null,null,0,No Repeat
29820,3943.76,2025-03-04,2025-05-23,80,0,61-90 days
29823,3512.49,2025-11-23,2025-12-23,30,1,8-30 days
29843,9603.84,2025-07-31,2025-08-25,25,1,8-30 days
29845,3336.85,2025-03-26,2025-04-11,16,1,8-30 days
29846,4131.52,2025-09-23,null,null,0,No Repeat
29851,4714.94,2025-05-08,2025-08-30,114,0,90+ days
29852,6979.59,2025-03-09,2025-12-11,277,0,90+ days
29858,9980.86,2025-06-01,2025-06-24,23,1,8-30 days
29862,4572.75,2026-01-01,null,null,0,No Repeat
29870,6375.11,2025-09-07,2025-11-24,78,0,61-90 days
29878,4529.52,2025-08-20,2025-12-04,106,0,90+ days
29880,6208.67,2025-07-05,2025-07-12,7,1,0-7 days
29894,6456.96,2025-06-27,2025-07-09,12,1,8-30 days
29898,6010.93,2025-05-25,2025-12-14,203,0,90+ days
29906,12664.12,2025-03-25,2025-09-12,171,0,90+ days
29917,250.96,2025-03-27,null,null,0,No Repeat
29928,11364.08,2025-03-31,2025-05-05,35,0,31-60 days
29942,3175.69,2025-05-01,2025-05-16,15,1,8-30 days
29945,13726.59,2025-03-05,2025-03-17,12,1,8-30 days
29947,2551.2,2025-08-24,2025-09-08,15,1,8-30 days
29960,14140.26,2025-06-15,2025-07-06,21,1,8-30 days
29961,8784.34,2025-04-06,2025-05-11,35,0,31-60 days
29962,5389.44,2025-03-03,2025-09-15,196,0,90+ days
29965,8710.57,2025-08-09,2026-02-07,182,0,90+ days
29966,2584.89,2026-02-21,null,null,0,No Repeat
29983,10792.13,2025-05-25,2025-06-28,34,0,31-60 days
29989,3423.13,2025-11-12,null,null,0,No Repeat
29990,5504.12,2025-05-08,2025-12-04,210,0,90+ days
30001,3464.69,2025-04-08,null,null,0,No Repeat
30005,5468.46,2025-05-19,2025-09-14,118,0,90+ days
30007,7863.01,2025-08-08,2025-11-18,102,0,90+ days
30024,4305.48,2025-08-03,null,null,0,No Repeat
30028,873.6,2025-08-12,null,null,0,No Repeat
30052,6079.19,2025-04-14,2026-02-02,294,0,90+ days
30054,3376.47,2025-06-24,null,null,0,No Repeat
30056,4799.41,2025-07-10,2025-10-28,110,0,90+ days
30059,10431.05,2025-06-29,2025-07-01,2,1,0-7 days
30060,6863.47,2025-10-12,2025-12-12,61,0,61-90 days
30070,2478.02,2025-09-22,null,null,0,No Repeat
30074,1505.42,2025-11-16,null,null,0,No Repeat
30076,11800.32,2025-04-05,2025-07-28,114,0,90+ days
30084,7415.66,2025-04-16,2025-05-08,22,1,8-30 days
30086,8773.68,2025-07-28,2025-08-25,28,1,8-30 days
30089,4448.91,2025-12-25,2026-01-12,18,1,8-30 days
30091,2856.51,2025-04-27,2025-08-15,110,0,90+ days
30096,7660.3,2025-04-21,2025-08-31,132,0,90+ days
30104,6693.92,2025-04-12,2025-06-06,55,0,31-60 days
30105,1965.79,2026-01-26,null,null,0,No Repeat
30112,1117.83,2026-02-06,null,null,0,No Repeat
30113,2431.21,2025-08-22,null,null,0,No Repeat
30116,1238.44,2025-10-02,null,null,0,No Repeat
30120,2039.74,2026-01-13,null,null,0,No Repeat
30124,6636.6,2025-04-09,2025-10-02,176,0,90+ days
30131,7079.38,2025-07-19,2025-08-19,31,0,31-60 days
30133,9445.6,2025-03-02,2025-03-14,12,1,8-30 days
30144,7535.76,2025-05-09,2025-09-01,115,0,90+ days
30145,4756.23,2025-12-07,null,null,0,No Repeat
30148,4549.5,2025-06-24,2025-10-16,114,0,90+ days
30162,5356.73,2025-05-19,2025-07-13,55,0,31-60 days
30167,3397.5,2025-03-01,null,null,0,No Repeat
30168,1622.64,2025-05-16,2025-12-11,209,0,90+ days
30176,5430.03,2025-03-23,2025-09-03,164,0,90+ days
30188,2951.95,2025-10-18,null,null,0,No Repeat
30201,14061.09,2025-07-23,2025-07-28,5,1,0-7 days
30214,2608.43,2025-10-20,null,null,0,No Repeat
30232,4373.8,2025-12-09,2026-01-07,29,1,8-30 days
30253,2023.46,2025-11-11,2026-01-11,61,0,61-90 days
30255,12244.98,2025-04-03,2025-04-06,3,1,0-7 days
30261,15809.82,2025-03-06,2025-04-22,47,0,31-60 days
30277,1415.2,2025-11-30,null,null,0,No Repeat
30280,9168.21,2025-06-28,2025-09-24,88,0,61-90 days
30281,8500.42,2025-06-14,2026-02-06,237,0,90+ days
30282,1113.97,2025-04-26,null,null,0,No Repeat
30289,8927.67,2025-08-15,2025-09-23,39,0,31-60 days
30297,3667.04,2025-03-16,null,null,0,No Repeat
30310,6166.01,2026-01-24,2026-02-05,12,1,8-30 days
30314,5477.94,2025-10-16,2025-10-23,7,1,0-7 days
30317,5399.65,2025-05-04,2026-01-30,271,0,90+ days
30326,13447.66,2025-05-23,2025-06-24,32,0,31-60 days
30327,5112.13,2025-05-18,2025-11-10,176,0,90+ days
30335,1157.56,2025-12-15,null,null,0,No Repeat
30340,26148.86,2025-04-29,2025-05-12,13,1,8-30 days
30343,6286.71,2025-09-06,2025-12-05,90,0,61-90 days
30344,1231.27,2025-09-12,null,null,0,No Repeat
30358,5501.44,2025-04-06,2025-07-13,98,0,90+ days
30360,6157.12,2025-04-16,2025-05-12,26,1,8-30 days
30373,2952.46,2025-12-21,null,null,0,No Repeat
30379,4651.11,2025-04-13,2025-08-03,112,0,90+ days
30396,7565.04,2025-05-09,2025-07-10,62,0,61-90 days
30402,6701.11,2025-05-09,2025-06-19,41,0,31-60 days
30403,4427.49,2025-07-27,null,null,0,No Repeat
30409,3577.72,2025-06-12,2025-08-26,75,0,61-90 days
30415,7456.51,2025-07-01,2025-07-20,19,1,8-30 days
30418,11936.16,2025-09-20,2025-11-16,57,0,31-60 days
30427,3468.5,2026-01-14,null,null,0,No Repeat
30430,5949.3,2025-06-22,2026-01-16,208,0,90+ days
30431,4636.69,2025-05-01,2025-06-06,36,0,31-60 days
30444,313.15,2026-01-07,null,null,0,No Repeat
30447,780.94,2026-01-15,null,null,0,No Repeat
30458,1975.39,2025-09-13,2026-01-01,110,0,90+ days
30468,5753.77,2025-03-15,2026-01-28,319,0,90+ days
30469,1295.73,2025-05-29,2025-09-10,104,0,90+ days
30482,8141.32,2025-07-27,2025-11-27,123,0,90+ days
30490,16212.37,2025-08-13,2025-08-23,10,1,8-30 days
30494,3486.14,2025-10-23,2025-11-11,19,1,8-30 days
30507,9862.34,2025-05-28,2025-06-22,25,1,8-30 days
30511,4885.6,2025-06-15,null,null,0,No Repeat
30514,1265.44,2025-04-29,null,null,0,No Repeat
30518,10337.67,2025-04-07,2025-04-18,11,1,8-30 days
30529,6301.75,2025-03-02,2026-01-25,329,0,90+ days
30531,11140.39,2025-10-14,2025-12-23,70,0,61-90 days
30563,6906.24,2025-08-26,2026-01-04,131,0,90+ days
30568,1305.52,2025-10-01,null,null,0,No Repeat
30575,1492.4,2025-07-13,null,null,0,No Repeat
30576,3513.52,2025-11-28,null,null,0,No Repeat
30588,5044.29,2025-04-30,2025-09-01,124,0,90+ days
30589,2269.16,2025-11-22,null,null,0,No Repeat
30591,5177.9,2025-03-13,2025-12-10,272,0,90+ days
30592,4719.58,2026-02-24,null,null,0,No Repeat
30596,7933.7,2025-03-04,2025-03-15,11,1,8-30 days
30611,5627.72,2025-03-09,2025-09-25,200,0,90+ days
30613,3561.32,2025-09-30,2026-02-21,144,0,90+ days
30626,3973.97,2025-06-02,null,null,0,No Repeat
30629,1987.53,2025-08-15,null,null,0,No Repeat
30636,2600.72,2025-05-10,2025-12-13,217,0,90+ days
30637,6025.63,2025-03-01,2026-01-13,318,0,90+ days
30646,4416.31,2025-05-13,2025-05-17,4,1,0-7 days
30650,8630.66,2025-04-24,2025-08-12,110,0,90+ days
30653,5675.55,2025-03-27,2026-02-08,318,0,90+ days
30656,3010.05,2025-12-21,null,null,0,No Repeat
30657,7383.1,2025-07-12,2025-10-01,81,0,61-90 days
30665,5230.36,2025-09-25,2025-10-24,29,1,8-30 days
30667,1256.72,2025-12-30,null,null,0,No Repeat
30671,1226.7,2025-10-10,null,null,0,No Repeat
30676,3986.72,2025-04-15,null,null,0,No Repeat
30679,2062.54,2026-01-31,null,null,0,No Repeat
30687,1580.4,2025-08-20,null,null,0,No Repeat
30699,2484.28,2025-10-24,2025-11-04,11,1,8-30 days
30708,3485.53,2025-10-12,null,null,0,No Repeat
30746,1288.26,2025-09-14,2025-09-22,8,1,8-30 days
30749,10077.45,2025-03-28,2025-11-16,233,0,90+ days
30750,3733.17,2025-05-04,2025-10-19,168,0,90+ days
30751,6163.6,2025-07-11,2025-07-14,3,1,0-7 days
30752,3583.98,2025-12-29,null,null,0,No Repeat
30776,2595.4,2025-06-09,null,null,0,No Repeat
30781,4557.93,2025-11-15,2025-12-08,23,1,8-30 days
30796,1146.31,2026-02-06,null,null,0,No Repeat
30805,2143.16,2026-01-17,null,null,0,No Repeat
30807,1624.34,2026-02-18,null,null,0,No Repeat
30810,6909.11,2025-12-24,2026-02-08,46,0,31-60 days
30817,6733.7,2025-06-04,2025-08-11,68,0,61-90 days
30819,2282.73,2025-09-16,null,null,0,No Repeat
30831,1046.03,2025-08-16,null,null,0,No Repeat
30846,4841.5,2025-05-16,null,null,0,No Repeat
30852,2677.46,2025-11-15,null,null,0,No Repeat
30854,10845.1,2025-06-15,2025-10-27,134,0,90+ days
30861,5372.27,2026-01-01,2026-01-05,4,1,0-7 days
30867,16211.14,2025-05-06,2025-05-10,4,1,0-7 days
30868,13423,2025-03-10,2025-04-27,48,0,31-60 days
30877,4704.34,2025-03-01,2025-05-05,65,0,61-90 days
30878,1605.76,2025-05-16,null,null,0,No Repeat
30883,12968.89,2025-09-26,2025-12-12,77,0,61-90 days
30886,8656.52,2026-02-07,2026-02-16,9,1,8-30 days
30887,5559.73,2025-08-31,2025-09-11,11,1,8-30 days
30895,1207.15,2025-03-22,null,null,0,No Repeat
30896,622.12,2025-10-20,null,null,0,No Repeat
30934,452.81,2025-08-29,null,null,0,No Repeat
30939,4840.25,2025-03-27,2025-04-11,15,1,8-30 days
30953,3065.81,2025-09-27,2026-02-21,147,0,90+ days
30955,1819.12,2026-02-02,null,null,0,No Repeat
30964,1742.18,2025-07-13,2025-08-09,27,1,8-30 days
30967,1232.78,2025-03-25,null,null,0,No Repeat
30969,253.69,2025-05-07,null,null,0,No Repeat
30970,8507.37,2025-04-24,2025-09-04,133,0,90+ days
30982,3475.1,2025-07-14,2026-01-27,197,0,90+ days
30983,5230.65,2025-04-09,2026-02-01,298,0,90+ days
30985,5173.93,2025-04-15,2025-07-05,81,0,61-90 days
30987,6024.66,2025-06-22,2026-01-02,194,0,90+ days
31001,231.63,2025-12-24,null,null,0,No Repeat
31019,9988.2,2025-08-05,2025-11-26,113,0,90+ days
31020,4888.84,2025-10-15,null,null,0,No Repeat
31023,7188.32,2025-03-13,2025-09-22,193,0,90+ days
31026,7456.56,2025-05-31,2025-11-10,163,0,90+ days
31027,6851.12,2025-06-04,2025-12-05,184,0,90+ days
31041,4330.16,2025-12-07,2025-12-21,14,1,8-30 days
31044,4270.25,2025-04-16,2025-10-30,197,0,90+ days
31045,2395.26,2025-03-03,null,null,0,No Repeat
31052,2527.52,2025-08-16,null,null,0,No Repeat
31063,5519.99,2025-03-01,2025-04-12,42,0,31-60 days
31075,368.55,2025-12-28,null,null,0,No Repeat
31081,11459.84,2025-03-14,2025-07-18,126,0,90+ days
31084,2268.1,2025-07-13,null,null,0,No Repeat
31087,7611.1,2025-04-28,2025-11-15,201,0,90+ days
31088,12558.1,2025-10-13,2025-11-02,20,1,8-30 days
31093,6584.55,2025-03-12,2025-06-20,100,0,90+ days
31094,8754.93,2025-07-07,2025-08-15,39,0,31-60 days
31097,11843.44,2025-05-23,2025-06-12,20,1,8-30 days
31100,6162.63,2025-09-19,2026-01-09,112,0,90+ days
31102,8804.54,2025-05-12,2025-08-29,109,0,90+ days
31112,2577.74,2025-03-01,2025-03-03,2,1,0-7 days
31123,742.67,2025-12-05,null,null,0,No Repeat
31127,2504.93,2025-04-28,2025-11-22,208,0,90+ days
31129,1542.07,2025-06-15,null,null,0,No Repeat
31130,6558.83,2025-03-01,2025-08-02,154,0,90+ days
31134,6154.26,2025-06-05,2025-06-29,24,1,8-30 days
31153,2712.45,2025-07-22,null,null,0,No Repeat
31157,7097.95,2025-12-28,2026-01-25,28,1,8-30 days
31166,2635.59,2025-03-30,null,null,0,No Repeat
31168,4781.82,2025-11-28,2025-12-14,16,1,8-30 days
31184,2878.41,2026-01-18,null,null,0,No Repeat
31191,3183.94,2025-07-23,null,null,0,No Repeat
31211,4974.36,2025-04-10,2025-07-16,97,0,90+ days
31213,4810.61,2025-04-03,2025-11-20,231,0,90+ days
31221,2054.04,2025-08-28,null,null,0,No Repeat
31226,1046.48,2025-05-13,null,null,0,No Repeat
31227,805.2,2025-12-20,null,null,0,No Repeat
31234,1466.05,2025-12-19,null,null,0,No Repeat
31236,678.51,2025-11-20,null,null,0,No Repeat
31245,9393.46,2025-06-01,2025-06-13,12,1,8-30 days
31246,9551.87,2025-10-02,2025-10-26,24,1,8-30 days
31247,6033.89,2025-04-02,2025-12-28,270,0,90+ days
31249,657.22,2026-01-13,null,null,0,No Repeat
31250,2470.31,2025-09-08,2025-12-18,101,0,90+ days
31253,6073.62,2025-03-02,2025-04-04,33,0,31-60 days
31254,3209.56,2025-12-31,null,null,0,No Repeat
31286,3476.47,2025-03-15,2025-10-17,216,0,90+ days
31293,6147.77,2025-07-20,2025-10-13,85,0,61-90 days
31298,2471.3,2025-03-12,null,null,0,No Repeat
31309,6732.29,2025-05-05,2025-05-24,19,1,8-30 days
31316,22874.13,2025-06-28,2025-07-02,4,1,0-7 days
31324,5194.61,2025-08-03,2025-12-11,130,0,90+ days
31327,9691.39,2025-05-29,2025-11-06,161,0,90+ days
31332,1898.99,2025-12-16,null,null,0,No Repeat
31334,7781.62,2025-05-27,2025-10-13,139,0,90+ days
31336,3661.47,2026-01-09,null,null,0,No Repeat
31351,4188.79,2025-03-29,2025-08-27,151,0,90+ days
31352,8217.01,2025-03-28,2025-09-04,160,0,90+ days
31353,11423.81,2025-04-03,2025-05-08,35,0,31-60 days
31357,1080.76,2025-04-25,null,null,0,No Repeat
31361,9827.62,2025-03-05,2025-05-05,61,0,61-90 days
31367,5095.47,2025-04-15,2025-12-15,244,0,90+ days
31382,3623.06,2025-10-06,null,null,0,No Repeat
31383,4146.11,2025-03-25,2025-09-03,162,0,90+ days
31388,6771.81,2025-03-26,2025-04-20,25,1,8-30 days
31395,5786.92,2025-07-25,2025-12-02,130,0,90+ days
31400,2754.51,2025-08-03,2025-08-08,5,1,0-7 days
31416,2004.13,2025-07-06,null,null,0,No Repeat
31418,6462.11,2025-11-24,2026-01-07,44,0,31-60 days
31419,3754.16,2025-05-06,2025-09-27,144,0,90+ days
31426,4659.69,2025-07-06,2025-08-03,28,1,8-30 days
31427,2226.23,2025-10-25,null,null,0,No Repeat
31430,3513.84,2025-03-13,null,null,0,No Repeat
31443,1454.55,2025-08-12,null,null,0,No Repeat
31447,2898.18,2025-05-19,null,null,0,No Repeat
31454,6794.42,2025-08-18,2025-11-04,78,0,61-90 days
31460,2600.74,2025-07-31,2026-01-26,179,0,90+ days
31461,5921.17,2025-07-20,2026-02-17,212,0,90+ days
31462,4312.5,2026-01-30,null,null,0,No Repeat
31464,8234.18,2025-03-03,2025-08-23,173,0,90+ days
31474,1667.46,2025-10-15,2026-02-11,119,0,90+ days
31479,5720.7,2025-04-21,2025-10-26,188,0,90+ days
31484,5934.88,2025-03-20,2025-09-16,180,0,90+ days
31488,1190.14,2025-11-08,null,null,0,No Repeat
31498,4489.34,2025-04-11,null,null,0,No Repeat
31499,2102.52,2026-02-02,null,null,0,No Repeat
31500,1715.73,2025-07-19,null,null,0,No Repeat
31507,8811.22,2025-07-25,2025-07-28,3,1,0-7 days
31520,1794.85,2025-07-30,2025-09-15,47,0,31-60 days
31522,1480.38,2025-04-10,null,null,0,No Repeat
31533,2672.08,2026-01-31,null,null,0,No Repeat
31538,2132.97,2025-07-03,2025-09-01,60,0,31-60 days
31540,3811.78,2025-08-14,null,null,0,No Repeat
31544,3132.89,2025-12-08,null,null,0,No Repeat
31550,4050.37,2025-08-08,2025-10-17,70,0,61-90 days
31554,4356.45,2025-04-10,2025-07-01,82,0,61-90 days
31556,6187.06,2025-12-13,2026-01-21,39,0,31-60 days
31561,3081.59,2025-03-02,2025-11-15,258,0,90+ days
31562,4789.91,2025-03-20,null,null,0,No Repeat
31565,6376.28,2025-06-05,2025-10-14,131,0,90+ days
31573,4875.64,2025-05-16,2025-07-19,64,0,61-90 days
31581,7848.99,2025-03-09,2025-07-22,135,0,90+ days
31583,3908.02,2025-12-06,2026-01-03,28,1,8-30 days
31595,1670.2,2025-11-06,null,null,0,No Repeat
31603,11392.86,2025-08-30,2025-09-02,3,1,0-7 days
31609,10345.37,2025-05-16,2025-06-03,18,1,8-30 days
31612,3596.37,2025-05-10,2026-01-01,236,0,90+ days
31622,7848.63,2025-07-09,2025-07-28,19,1,8-30 days
31642,4911.78,2025-09-12,null,null,0,No Repeat
31648,9483.92,2025-03-11,2025-11-09,243,0,90+ days
31650,8262.97,2025-07-09,2025-07-11,2,1,0-7 days
31656,2919.66,2025-07-03,null,null,0,No Repeat
31658,3954.53,2025-05-30,null,null,0,No Repeat
31662,5286.7,2025-09-26,2026-02-13,140,0,90+ days
31667,7124.4,2025-08-16,2025-10-26,71,0,61-90 days
31674,2953.01,2025-04-30,null,null,0,No Repeat
31681,4902.89,2025-12-26,null,null,0,No Repeat
31706,6267.35,2025-04-11,2025-07-12,92,0,90+ days
31707,4868.18,2026-02-27,null,null,0,No Repeat
31713,4961.93,2025-10-22,null,null,0,No Repeat
31717,2474.02,2025-11-21,2026-02-27,98,0,90+ days
31718,3793.31,2025-05-14,2026-01-14,245,0,90+ days
31727,13897.64,2025-05-25,2025-06-29,35,0,31-60 days
31733,3956.87,2025-04-07,null,null,0,No Repeat
31751,8216.51,2025-07-07,2025-07-30,23,1,8-30 days
31756,803.67,2025-07-27,null,null,0,No Repeat
31757,1278.16,2026-01-14,null,null,0,No Repeat
31759,15990.24,2025-06-07,2025-08-26,80,0,61-90 days
31770,12697.77,2025-04-03,2025-06-15,73,0,61-90 days
31779,8020.52,2025-04-20,2025-08-20,122,0,90+ days
31782,11666.16,2025-09-08,2025-10-05,27,1,8-30 days
31787,2783.91,2025-03-06,2026-01-07,307,0,90+ days
31797,4318.65,2025-11-29,null,null,0,No Repeat
31800,12583.84,2025-06-12,2025-08-29,78,0,61-90 days
31807,1236.29,2025-08-31,null,null,0,No Repeat
31816,595.4,2025-11-06,null,null,0,No Repeat
31831,609.42,2025-07-15,null,null,0,No Repeat
31843,3378.3,2025-04-06,2025-08-27,143,0,90+ days
31844,6549.67,2025-05-21,2025-09-30,132,0,90+ days
31850,4901.09,2025-07-30,2025-08-30,31,0,31-60 days
31868,7075.61,2025-03-29,2025-12-18,264,0,90+ days
31871,4484.54,2025-07-07,null,null,0,No Repeat
31872,3017.98,2025-06-24,null,null,0,No Repeat
31874,11422.01,2025-03-10,2025-04-04,25,1,8-30 days
31880,15785.81,2025-03-09,2025-03-25,16,1,8-30 days
31905,4635.74,2025-05-06,null,null,0,No Repeat
31912,4112.15,2025-03-01,2026-01-31,336,0,90+ days
31914,782.59,2025-08-16,null,null,0,No Repeat
31918,3581.21,2025-06-30,null,null,0,No Repeat
31921,3937.01,2025-04-07,null,null,0,No Repeat
31929,17306.97,2025-03-30,2025-07-12,104,0,90+ days
31945,11658.11,2025-05-15,2025-11-20,189,0,90+ days
31949,7662.22,2025-11-17,2025-12-17,30,1,8-30 days
31952,603.89,2025-06-28,null,null,0,No Repeat
31967,9565.92,2025-03-09,2025-08-17,161,0,90+ days
31968,4618.66,2025-10-02,null,null,0,No Repeat
31973,5654.36,2025-03-11,2025-07-20,131,0,90+ days
31975,10295.48,2025-04-14,2025-04-29,15,1,8-30 days
31979,5603.98,2025-03-30,2025-08-23,146,0,90+ days
31981,4501.06,2025-08-05,2026-01-03,151,0,90+ days
31989,10391.87,2025-04-03,2025-04-07,4,1,0-7 days
32004,4020.11,2025-06-03,null,null,0,No Repeat
32022,7429.99,2025-04-02,2025-07-01,90,0,61-90 days
32034,960.27,2025-03-19,null,null,0,No Repeat
32035,4865.5,2025-10-07,2025-12-11,65,0,61-90 days
32036,7631.67,2025-08-03,2025-10-26,84,0,61-90 days
32050,7213.2,2025-07-19,2025-10-27,100,0,90+ days
32064,8420.85,2025-03-19,2025-03-21,2,1,0-7 days
32066,2267.26,2025-10-24,null,null,0,No Repeat
32068,3816.72,2025-09-17,null,null,0,No Repeat
32070,8670.76,2025-04-07,2025-12-01,238,0,90+ days
32072,4026.1,2025-12-24,2026-02-20,58,0,31-60 days
32076,1841.81,2025-10-13,2026-01-22,101,0,90+ days
32089,1622.71,2025-08-29,null,null,0,No Repeat
32092,7035.57,2025-07-06,2025-09-09,65,0,61-90 days
32097,2156.54,2025-05-28,null,null,0,No Repeat
32106,4496.34,2026-02-10,null,null,0,No Repeat
32107,2547.08,2025-12-06,null,null,0,No Repeat
32117,8132.11,2025-09-27,2026-02-20,146,0,90+ days
32119,3110.69,2025-07-02,2025-11-26,147,0,90+ days
32136,4590.8,2025-07-04,2025-07-26,22,1,8-30 days
32140,854.33,2025-06-11,null,null,0,No Repeat
32147,4683.37,2025-07-08,2025-10-17,101,0,90+ days
32173,1041.88,2026-01-21,null,null,0,No Repeat
32181,12304.11,2025-08-12,2025-09-14,33,0,31-60 days
32185,1350.11,2025-06-10,null,null,0,No Repeat
32209,8975.33,2025-03-07,2025-04-14,38,0,31-60 days
32221,5119.99,2025-08-31,2026-02-23,176,0,90+ days
32222,1647.31,2025-04-18,2025-07-18,91,0,90+ days
32230,6229.75,2025-06-23,2025-11-20,150,0,90+ days
32233,6690.24,2025-06-20,2025-10-30,132,0,90+ days
32246,4691.32,2025-06-08,null,null,0,No Repeat
32250,4613.59,2025-09-10,null,null,0,No Repeat
32251,4890.77,2025-08-17,null,null,0,No Repeat
32262,5993.76,2025-08-25,2025-11-12,79,0,61-90 days
32263,1183.2,2025-05-20,2025-12-06,200,0,90+ days
32269,5191.02,2025-10-20,2025-10-22,2,1,0-7 days
32273,2639.81,2025-03-15,null,null,0,No Repeat
32277,2145.55,2025-08-31,null,null,0,No Repeat
32285,4516.78,2025-10-28,null,null,0,No Repeat
32287,7841.64,2025-09-16,2025-12-07,82,0,61-90 days
32299,5138.67,2025-07-19,2026-01-28,193,0,90+ days
32315,1986.1,2025-03-06,null,null,0,No Repeat
32319,9224.69,2025-07-06,2025-10-16,102,0,90+ days
32321,1471.78,2026-02-07,null,null,0,No Repeat
32322,9239.82,2025-04-20,2025-07-22,93,0,90+ days
32333,3895.92,2025-05-03,2026-02-28,301,0,90+ days
32335,3647.21,2025-05-15,null,null,0,No Repeat
32349,4255.79,2026-01-29,null,null,0,No Repeat
32354,797.34,2025-07-17,null,null,0,No Repeat
32357,9196.37,2025-07-11,2025-08-07,27,1,8-30 days
32359,8217.45,2025-04-28,2025-05-06,8,1,8-30 days
32372,2854.85,2025-05-14,null,null,0,No Repeat
32379,4405.29,2025-04-05,null,null,0,No Repeat
32382,3687.17,2025-10-27,2025-10-31,4,1,0-7 days
32383,1640.97,2025-12-01,null,null,0,No Repeat
32385,3242.71,2025-04-28,2025-05-07,9,1,8-30 days
32400,4837.97,2026-01-27,null,null,0,No Repeat
32410,2589.67,2025-09-02,null,null,0,No Repeat
32416,6092.96,2025-03-14,2025-09-27,197,0,90+ days
32420,5411.03,2025-12-08,2026-01-21,44,0,31-60 days
32426,5298.55,2025-03-12,2025-09-17,189,0,90+ days
32432,18977.44,2025-05-25,2025-06-04,10,1,8-30 days
32435,11380.68,2025-04-27,2025-05-05,8,1,8-30 days
32439,5726.12,2025-06-18,2025-10-20,124,0,90+ days
32446,9129.79,2025-05-24,2025-06-27,34,0,31-60 days
32447,286.57,2025-05-12,null,null,0,No Repeat
32449,4923.09,2025-05-17,2025-09-13,119,0,90+ days
32452,375.83,2025-12-05,null,null,0,No Repeat
32458,9677.96,2025-04-20,2025-06-27,68,0,61-90 days
32462,6208.12,2025-06-06,2025-06-25,19,1,8-30 days
32465,9182.73,2025-04-14,2025-08-04,112,0,90+ days
32467,4893.25,2026-01-25,null,null,0,No Repeat
32469,4642.3,2025-05-11,2025-06-08,28,1,8-30 days
32472,1730.78,2025-08-11,null,null,0,No Repeat
32490,7874.38,2025-10-20,2026-02-02,105,0,90+ days
32502,2952.75,2025-04-07,null,null,0,No Repeat
32504,3658.5,2025-12-19,null,null,0,No Repeat
32509,3574.9,2025-03-15,2025-10-25,224,0,90+ days
32513,3840.92,2026-01-13,null,null,0,No Repeat
32528,2101.25,2025-10-06,null,null,0,No Repeat
32531,3174.68,2025-05-23,null,null,0,No Repeat
32533,6600.78,2025-03-12,2025-07-28,138,0,90+ days
32535,4459.16,2025-12-11,2026-01-06,26,1,8-30 days
32540,5536.16,2025-08-31,2026-01-09,131,0,90+ days
32569,9658.6,2025-04-15,2025-05-13,28,1,8-30 days
32571,4936.58,2025-09-24,null,null,0,No Repeat
32619,1516.61,2025-04-07,null,null,0,No Repeat
32622,5077.37,2025-08-06,2025-08-28,22,1,8-30 days
32625,7824.33,2025-03-06,2025-03-11,5,1,0-7 days
32628,7567.07,2025-12-17,2026-01-30,44,0,31-60 days
32643,762.45,2025-07-27,null,null,0,No Repeat
32644,3314.94,2025-05-05,null,null,0,No Repeat
32648,6483.18,2025-06-23,2026-02-26,248,0,90+ days
32649,3525.55,2025-04-08,2026-01-24,291,0,90+ days
32651,6772.86,2025-05-16,2025-12-14,212,0,90+ days
32664,2175.72,2025-05-19,2025-06-04,16,1,8-30 days
32670,1965.99,2025-03-23,null,null,0,No Repeat
32678,499.41,2026-01-18,null,null,0,No Repeat
32693,3606.13,2025-04-03,null,null,0,No Repeat
32697,8515.51,2025-06-06,2025-09-09,95,0,90+ days
32709,3436.42,2026-02-24,null,null,0,No Repeat
32710,1156.74,2025-04-04,null,null,0,No Repeat
32711,2351.57,2025-12-12,null,null,0,No Repeat
32717,945.46,2025-05-27,null,null,0,No Repeat
32725,1366.8,2025-10-07,null,null,0,No Repeat
32726,7372.71,2025-05-05,2025-07-02,58,0,31-60 days
32728,2651.28,2025-04-06,null,null,0,No Repeat
32738,4463.53,2025-05-28,null,null,0,No Repeat
32751,4881.52,2025-09-12,null,null,0,No Repeat
32754,5400.14,2025-03-31,2025-12-03,247,0,90+ days
32755,1883.58,2025-09-15,null,null,0,No Repeat
32780,4657.99,2026-01-12,null,null,0,No Repeat
32784,9901.11,2025-03-17,2025-04-14,28,1,8-30 days
32795,11664.22,2025-04-11,2025-06-07,57,0,31-60 days
32810,242.12,2025-10-03,null,null,0,No Repeat
32818,1592.71,2025-05-20,null,null,0,No Repeat
32820,12718.76,2025-03-15,2025-05-31,77,0,61-90 days
32824,2862.98,2025-03-13,null,null,0,No Repeat
32828,1620.06,2025-06-01,null,null,0,No Repeat
32835,2332.3,2025-08-09,null,null,0,No Repeat
32838,489.61,2025-05-21,null,null,0,No Repeat
32843,7944.79,2025-07-09,2025-10-20,103,0,90+ days
32848,1525.72,2025-12-02,null,null,0,No Repeat
32855,3077.98,2025-03-09,2025-07-22,135,0,90+ days
32857,6237.85,2025-09-29,2025-11-25,57,0,31-60 days
32865,7889.03,2025-05-18,2026-01-03,230,0,90+ days
32867,7197,2025-09-25,2025-12-17,83,0,61-90 days
32871,2071.71,2026-02-02,null,null,0,No Repeat
32885,4202.76,2025-05-30,null,null,0,No Repeat
32887,3127.74,2025-06-05,2025-07-08,33,0,31-60 days
32890,5873.08,2025-05-16,2026-01-19,248,0,90+ days
32903,4476.71,2025-07-04,null,null,0,No Repeat
32904,9407.13,2025-05-17,2025-09-24,130,0,90+ days
32905,2814.38,2025-08-03,2026-02-16,197,0,90+ days
32909,2330.07,2025-12-19,null,null,0,No Repeat
32936,4459.62,2025-06-20,null,null,0,No Repeat
32937,1294.88,2025-10-01,null,null,0,No Repeat
32942,1070.04,2026-01-22,null,null,0,No Repeat
32950,4759.62,2025-03-07,2025-06-09,94,0,90+ days
32953,7988.66,2025-04-13,2025-06-02,50,0,31-60 days
32976,3188.22,2025-06-04,2025-09-19,107,0,90+ days
32980,4339.13,2025-06-03,null,null,0,No Repeat
33001,4033.17,2026-02-05,null,null,0,No Repeat
33025,12200.81,2025-03-07,2025-10-04,211,0,90+ days
33041,7185.9,2025-04-11,2026-01-04,268,0,90+ days
33042,16803.21,2025-06-04,2025-06-09,5,1,0-7 days
33043,1810.29,2025-09-30,null,null,0,No Repeat
33061,4250.78,2025-05-04,2026-01-11,252,0,90+ days
33063,3842.71,2025-08-30,2025-12-26,118,0,90+ days
33066,5194.86,2025-04-03,2025-07-12,100,0,90+ days
33071,3655,2026-01-01,null,null,0,No Repeat
33072,8487.63,2025-06-16,2026-01-27,225,0,90+ days
33080,3196.68,2026-01-12,null,null,0,No Repeat
33084,7720.24,2025-04-28,2025-05-05,7,1,0-7 days
33089,7510.21,2025-08-23,2026-02-17,178,0,90+ days
33091,12282.41,2025-06-22,2025-07-08,16,1,8-30 days
33092,1337.85,2025-12-14,2026-01-21,38,0,31-60 days
33096,6212.44,2025-06-30,2025-12-17,170,0,90+ days
33104,6113.58,2025-08-01,2026-01-05,157,0,90+ days
33114,2224.66,2025-10-04,null,null,0,No Repeat
33116,1510.54,2025-09-11,2025-12-21,101,0,90+ days
33124,3379.74,2025-03-08,null,null,0,No Repeat
33125,8577.23,2025-04-15,2025-10-02,170,0,90+ days
33126,9172.49,2025-06-10,2025-08-27,78,0,61-90 days
33136,15175.07,2025-04-01,2025-05-04,33,0,31-60 days
33140,5664.1,2025-05-20,2025-07-01,42,0,31-60 days
33141,12158.83,2025-03-04,2025-10-16,226,0,90+ days
33149,2961.62,2025-06-27,null,null,0,No Repeat
33155,6901.98,2025-04-03,2025-11-21,232,0,90+ days
33156,4373.95,2026-01-27,null,null,0,No Repeat
33157,1496.04,2025-06-15,null,null,0,No Repeat
33159,2231.02,2025-11-22,null,null,0,No Repeat
33161,3803.84,2025-06-16,2025-11-10,147,0,90+ days
33163,3559.41,2025-09-15,2025-09-30,15,1,8-30 days
33182,3098,2026-01-07,null,null,0,No Repeat
33185,10679.7,2025-10-15,2025-11-17,33,0,31-60 days
33189,4309.24,2025-04-30,2025-07-11,72,0,61-90 days
33199,10913.75,2025-03-08,2025-04-23,46,0,31-60 days
33202,8466.34,2025-09-27,2025-11-10,44,0,31-60 days
33204,1789.87,2025-08-14,2025-09-08,25,1,8-30 days
33208,567.21,2025-05-01,2026-02-28,303,0,90+ days
33213,1207.36,2025-11-14,null,null,0,No Repeat
33217,1382.74,2025-07-01,null,null,0,No Repeat
33219,7711.41,2025-03-19,2025-08-01,135,0,90+ days
33234,6540.47,2025-07-27,2025-11-25,121,0,90+ days
33242,1115.74,2025-03-11,null,null,0,No Repeat
33246,696.2,2025-05-18,null,null,0,No Repeat
33251,4063.1,2025-03-16,2025-12-07,266,0,90+ days
33263,7079.86,2025-05-10,2025-06-29,50,0,31-60 days
33264,4882.74,2025-10-31,null,null,0,No Repeat
33289,4350.77,2025-11-11,null,null,0,No Repeat
33292,5016.81,2025-06-30,2025-07-30,30,1,8-30 days
33306,725.06,2026-01-02,null,null,0,No Repeat
33317,3053.53,2025-05-12,null,null,0,No Repeat
33319,2397.31,2025-03-03,2025-05-18,76,0,61-90 days
33321,1453.62,2025-09-20,null,null,0,No Repeat
33323,1715.54,2025-03-27,null,null,0,No Repeat
33326,1307.4,2025-11-17,2026-02-02,77,0,61-90 days
33328,2650.51,2026-01-12,null,null,0,No Repeat
33329,3942.81,2025-05-15,2025-06-05,21,1,8-30 days
33338,3954.9,2025-05-04,null,null,0,No Repeat
33341,574.74,2025-12-13,null,null,0,No Repeat
33353,8178.71,2025-03-15,2025-05-30,76,0,61-90 days
33360,12299.24,2025-03-21,2025-06-04,75,0,61-90 days
33369,7291.11,2025-12-29,2026-01-22,24,1,8-30 days
33373,4810.43,2025-09-06,null,null,0,No Repeat
33378,553.95,2025-08-27,null,null,0,No Repeat
33382,2860.32,2025-05-27,null,null,0,No Repeat
33383,9567.07,2025-03-11,2025-05-31,81,0,61-90 days
33385,10933.97,2025-04-21,2025-06-08,48,0,31-60 days
33396,1648.34,2025-12-30,null,null,0,No Repeat
33398,2348.77,2025-04-08,null,null,0,No Repeat
33404,3945.9,2025-10-22,2025-12-27,66,0,61-90 days
33433,1536.13,2025-05-02,null,null,0,No Repeat
33435,1573.92,2026-01-21,null,null,0,No Repeat
33442,1183.75,2025-12-08,null,null,0,No Repeat
33445,1300.85,2025-07-27,null,null,0,No Repeat
33448,6435.26,2025-03-10,2025-06-30,112,0,90+ days
33452,3888.09,2025-10-07,null,null,0,No Repeat
33458,8749.1,2025-04-07,2025-11-01,208,0,90+ days
33460,1351.46,2025-04-09,null,null,0,No Repeat
33470,2482.16,2025-10-16,2025-12-16,61,0,61-90 days
33472,2655.08,2025-10-07,2026-01-10,95,0,90+ days
33474,7279.62,2025-04-28,2026-01-28,275,0,90+ days
33479,3644.26,2025-11-15,2025-12-11,26,1,8-30 days
33483,4075.95,2026-02-02,null,null,0,No Repeat
33484,2954.73,2025-08-17,null,null,0,No Repeat
33501,6239.38,2025-03-18,2025-08-03,138,0,90+ days
33507,6109.55,2025-05-27,2026-02-23,272,0,90+ days
33508,4891.22,2025-06-17,null,null,0,No Repeat
33513,2836.61,2025-03-16,null,null,0,No Repeat
33516,11348.55,2025-04-08,2025-04-26,18,1,8-30 days
33522,3670.1,2025-06-25,null,null,0,No Repeat
33533,1142.55,2025-11-12,null,null,0,No Repeat
33547,11427.19,2025-03-26,2025-04-06,11,1,8-30 days
33560,558.54,2025-11-26,null,null,0,No Repeat
33567,1648.07,2026-01-25,null,null,0,No Repeat
33571,3791.49,2025-06-20,2025-08-19,60,0,31-60 days
33580,6245.62,2025-04-18,2025-07-09,82,0,61-90 days
33595,15335.21,2025-03-21,2025-08-06,138,0,90+ days
33597,7568.02,2025-07-24,2025-08-28,35,0,31-60 days
33601,9907.44,2025-03-11,2025-04-08,28,1,8-30 days
33603,3680.88,2025-09-07,null,null,0,No Repeat
33619,2533.28,2025-05-07,2026-01-13,251,0,90+ days
33622,3663.96,2025-04-15,2026-01-13,273,0,90+ days
33630,1630.38,2025-04-22,2025-10-18,179,0,90+ days
33641,3653.25,2025-03-03,2025-03-12,9,1,8-30 days
33642,9613.35,2025-04-10,2025-05-27,47,0,31-60 days
33651,2854.69,2025-10-18,null,null,0,No Repeat
33653,2410.95,2025-07-02,null,null,0,No Repeat
33658,6939.46,2025-07-30,2025-11-30,123,0,90+ days
33664,5252.06,2025-05-30,2025-08-09,71,0,61-90 days
33669,3843.01,2025-11-17,null,null,0,No Repeat
33673,4604.67,2025-05-29,null,null,0,No Repeat
33688,17374.59,2025-03-14,2025-05-16,63,0,61-90 days
33695,275.56,2026-01-03,null,null,0,No Repeat
33706,4120.11,2025-10-05,null,null,0,No Repeat
33707,1224.47,2025-11-15,null,null,0,No Repeat
33713,7539.8,2025-05-09,2025-09-01,115,0,90+ days
33719,1246.1,2025-04-24,2025-08-17,115,0,90+ days
33727,11384.83,2025-11-17,2026-01-25,69,0,61-90 days
33733,16608.9,2025-03-10,2025-10-11,215,0,90+ days
33741,6873.08,2025-09-01,2026-02-14,166,0,90+ days
33743,578.54,2025-08-23,null,null,0,No Repeat
33744,2515.64,2025-09-14,null,null,0,No Repeat
33749,12484.48,2025-04-19,2025-06-18,60,0,31-60 days
33763,729.15,2025-03-20,null,null,0,No Repeat
33781,3587.53,2025-04-02,2025-07-01,90,0,61-90 days
33782,6553.11,2025-08-15,2025-12-01,108,0,90+ days
33799,6571.77,2025-03-05,2025-05-24,80,0,61-90 days
33801,11027.49,2025-03-25,2025-06-27,94,0,90+ days
33807,3910.87,2026-02-11,null,null,0,No Repeat
33811,7389.92,2025-03-04,2025-08-03,152,0,90+ days
33844,5669.03,2025-05-29,2025-12-26,211,0,90+ days
33849,3011.51,2026-02-03,null,null,0,No Repeat
33852,3561.74,2025-03-05,2025-08-23,171,0,90+ days
33854,5500.36,2026-01-07,2026-02-16,40,0,31-60 days
33857,8066.76,2025-06-08,2025-09-24,108,0,90+ days
33866,6750.85,2025-04-22,2025-07-04,73,0,61-90 days
33886,3162.47,2025-06-06,2025-06-23,17,1,8-30 days
33888,7071.09,2025-03-12,2025-03-21,9,1,8-30 days
33897,8833.28,2025-08-01,2025-09-01,31,0,31-60 days
33908,6803.97,2025-05-24,2025-08-03,71,0,61-90 days
33915,4332.95,2025-05-12,null,null,0,No Repeat
33918,12521.71,2025-08-22,2025-10-23,62,0,61-90 days
33922,2098.43,2025-07-05,null,null,0,No Repeat
33935,879.22,2025-10-26,null,null,0,No Repeat
33937,9790.02,2025-04-14,2025-06-21,68,0,61-90 days
33940,4755.74,2025-12-22,null,null,0,No Repeat
33948,1631.24,2025-03-01,null,null,0,No Repeat
33958,2559.83,2025-03-24,2025-08-01,130,0,90+ days
33966,3922.17,2025-05-10,null,null,0,No Repeat
33972,4675.88,2025-07-30,2025-08-10,11,1,8-30 days
33973,5076.92,2025-05-13,2025-05-13,0,1,0-7 days
33991,3785.17,2025-05-25,2025-10-13,141,0,90+ days
33992,1788.85,2025-07-08,null,null,0,No Repeat
34000,2213.37,2025-12-07,null,null,0,No Repeat
34003,6416.34,2025-03-13,2025-10-12,213,0,90+ days
34009,3865.43,2025-03-21,null,null,0,No Repeat
34010,6711.28,2025-06-07,2025-07-25,48,0,31-60 days
34016,3205.06,2025-07-26,2025-07-29,3,1,0-7 days
34027,6538.51,2025-03-10,2025-05-01,52,0,31-60 days
34034,2308.47,2025-07-13,null,null,0,No Repeat
34036,4255.59,2025-09-12,null,null,0,No Repeat
34052,1080.84,2026-01-30,null,null,0,No Repeat
34071,3530.69,2026-01-09,null,null,0,No Repeat
34074,1724.56,2025-11-25,null,null,0,No Repeat
34080,13608.19,2025-04-18,2025-09-11,146,0,90+ days
34081,8312.18,2025-04-03,2025-04-29,26,1,8-30 days
34087,10718,2025-06-19,2025-07-06,17,1,8-30 days
34090,4371.36,2025-10-13,null,null,0,No Repeat
34096,5549.68,2025-06-01,2025-11-05,157,0,90+ days
34100,4279.97,2025-08-18,2025-09-15,28,1,8-30 days
34108,19426,2025-05-31,2025-06-24,24,1,8-30 days
34124,7966.42,2025-11-04,2025-11-21,17,1,8-30 days
34125,4865.49,2025-11-18,null,null,0,No Repeat
34132,976.43,2025-05-17,null,null,0,No Repeat
34133,3393.12,2025-06-01,2025-07-31,60,0,31-60 days
34140,4062.25,2025-08-30,2025-09-28,29,1,8-30 days
34146,6287.19,2025-04-13,2025-12-10,241,0,90+ days
34150,5224.34,2025-04-24,2025-08-02,100,0,90+ days
34161,2995.42,2025-05-21,null,null,0,No Repeat
34162,6694.29,2025-03-03,2025-06-01,90,0,61-90 days
34166,11556.6,2025-05-05,2025-07-20,76,0,61-90 days
34168,4869.32,2025-08-16,2025-10-07,52,0,31-60 days
34180,6010.24,2025-03-02,2025-05-19,78,0,61-90 days
34182,3095.26,2025-04-10,2025-05-31,51,0,31-60 days
34184,9060.84,2025-08-26,2025-09-26,31,0,31-60 days
34185,11025.04,2025-04-30,2025-07-22,83,0,61-90 days
34186,1552.11,2026-01-15,null,null,0,No Repeat
34195,6471.93,2025-07-09,2025-08-29,51,0,31-60 days
34212,6749.61,2025-10-31,2026-01-02,63,0,61-90 days
34226,6148.07,2025-05-01,2025-06-29,59,0,31-60 days
34230,2347.85,2026-01-05,null,null,0,No Repeat
34236,7169.56,2025-03-14,2025-08-21,160,0,90+ days
34239,5616.5,2025-09-07,2026-02-05,151,0,90+ days
34250,5901.44,2025-09-05,2025-09-13,8,1,8-30 days
34255,4317.91,2025-03-03,2025-03-06,3,1,0-7 days
34258,4866.65,2025-03-12,null,null,0,No Repeat
34273,1831.83,2025-11-13,null,null,0,No Repeat
34278,11079.17,2025-05-23,2025-07-28,66,0,61-90 days
34283,3346.93,2025-08-14,null,null,0,No Repeat
34285,9668.65,2025-04-21,2025-05-16,25,1,8-30 days
34292,8449.36,2025-04-24,2025-05-13,19,1,8-30 days
34298,2523.69,2025-11-12,2025-12-05,23,1,8-30 days
34299,6683.38,2025-12-21,2025-12-30,9,1,8-30 days
34307,3500.36,2025-08-01,null,null,0,No Repeat
34316,2059.29,2025-12-17,null,null,0,No Repeat
34319,5124.03,2025-04-15,2025-06-21,67,0,61-90 days
34325,551.64,2025-09-12,null,null,0,No Repeat
34337,4423.08,2025-10-08,null,null,0,No Repeat
34352,3859.53,2025-08-14,2026-01-13,152,0,90+ days
34361,3602.81,2026-02-21,null,null,0,No Repeat
34369,6256.39,2025-08-06,2026-02-06,184,0,90+ days
34371,3138.95,2025-05-30,null,null,0,No Repeat
34375,6828.15,2025-03-03,2025-10-09,220,0,90+ days
34389,4013.1,2026-01-03,null,null,0,No Repeat
34401,2294.05,2025-11-25,null,null,0,No Repeat
34402,5283.03,2025-09-18,2025-10-03,15,1,8-30 days
34404,3456.21,2025-07-14,2026-01-26,196,0,90+ days
34405,3166.62,2025-12-19,null,null,0,No Repeat
34416,7140.86,2025-08-02,2025-12-07,127,0,90+ days
34422,528,2025-06-21,null,null,0,No Repeat
34427,1955.12,2025-10-18,null,null,0,No Repeat
34433,1725.94,2025-07-20,null,null,0,No Repeat
34434,10673.47,2025-03-03,2025-04-23,51,0,31-60 days
34435,8731.71,2025-06-03,2025-06-22,19,1,8-30 days
34440,6064.1,2025-03-04,2025-05-04,61,0,61-90 days
34449,5747.22,2025-07-07,2025-07-28,21,1,8-30 days
34454,4892.31,2025-04-06,2025-11-24,232,0,90+ days
34458,1536.47,2025-12-27,null,null,0,No Repeat
34462,3446.72,2025-10-04,2026-02-26,145,0,90+ days
34464,8003.88,2025-04-28,2025-12-03,219,0,90+ days
34465,5203.69,2025-05-09,2026-02-09,276,0,90+ days
34477,6067.67,2025-03-19,2025-04-25,37,0,31-60 days
34481,6628.53,2025-05-31,2025-11-27,180,0,90+ days
34484,8640.23,2025-07-19,2025-12-25,159,0,90+ days
34501,1879.44,2025-05-05,2025-08-16,103,0,90+ days
34508,4056.1,2025-04-13,null,null,0,No Repeat
34520,1205.13,2025-07-23,null,null,0,No Repeat
34521,4216.11,2025-04-18,null,null,0,No Repeat
34523,11923.09,2025-05-26,2025-10-08,135,0,90+ days
34529,4722.89,2026-01-27,null,null,0,No Repeat
34532,1794.89,2025-04-24,2025-12-15,235,0,90+ days
34559,2022.84,2025-09-25,null,null,0,No Repeat
34562,3435.28,2025-04-26,null,null,0,No Repeat
34571,5568.63,2025-11-27,2026-01-22,56,0,31-60 days
34578,5632.35,2025-03-29,2025-08-22,146,0,90+ days
34579,3524.63,2025-10-15,null,null,0,No Repeat
34590,7322.96,2025-11-23,2026-01-07,45,0,31-60 days
34593,4321.65,2025-05-23,null,null,0,No Repeat
34616,8075.63,2025-12-24,2026-01-26,33,0,31-60 days
34619,6127.66,2025-06-30,2026-01-02,186,0,90+ days
34624,4385.54,2025-12-28,null,null,0,No Repeat
34631,6564.25,2025-11-21,2025-11-22,1,1,0-7 days
34633,4057.85,2025-09-22,2026-02-23,154,0,90+ days
34635,9017.08,2025-06-02,2025-08-21,80,0,61-90 days
34670,2864.1,2026-02-06,null,null,0,No Repeat
34674,5767.05,2025-08-01,2026-02-07,190,0,90+ days
34696,3752.23,2025-09-16,2026-02-09,146,0,90+ days
34704,3073.75,2025-09-21,null,null,0,No Repeat
34707,4425.09,2025-09-04,null,null,0,No Repeat
34710,9708.06,2025-03-13,2025-10-24,225,0,90+ days
34716,11187.51,2025-05-17,2025-09-08,114,0,90+ days
34726,11179.96,2025-05-17,2025-06-15,29,1,8-30 days
34730,6231.6,2025-03-12,2025-09-07,179,0,90+ days
34735,3222.91,2025-10-02,null,null,0,No Repeat
34744,4817.58,2025-06-16,2025-07-05,19,1,8-30 days
34745,4053.01,2025-08-08,null,null,0,No Repeat
34747,2194.49,2025-05-09,null,null,0,No Repeat
34749,628.42,2025-03-28,null,null,0,No Repeat
34752,12637.27,2025-03-14,2025-05-17,64,0,61-90 days
34775,6463.11,2025-06-15,2026-01-25,224,0,90+ days
34777,3472.33,2025-06-10,2025-09-13,95,0,90+ days
34809,3522.67,2025-06-11,2025-12-28,200,0,90+ days
34815,7482.38,2026-02-20,2026-02-28,8,1,8-30 days
34820,2905.28,2025-07-04,null,null,0,No Repeat
34821,2800.54,2025-08-02,null,null,0,No Repeat
34831,2075.31,2025-11-21,null,null,0,No Repeat
34838,4488.16,2025-12-14,null,null,0,No Repeat
34842,3742.47,2025-06-30,null,null,0,No Repeat
34848,426.79,2025-11-06,null,null,0,No Repeat
34850,203.69,2026-02-17,null,null,0,No Repeat
34858,1823.88,2025-05-23,2025-06-24,32,0,31-60 days
34863,739.8,2026-02-09,null,null,0,No Repeat
34870,6080.2,2025-05-05,2025-09-24,142,0,90+ days
34871,1540.58,2025-05-17,null,null,0,No Repeat
34877,7005.51,2025-06-16,2025-07-01,15,1,8-30 days
34880,6196.04,2025-06-18,2026-02-02,229,0,90+ days
34883,6532.99,2025-03-09,2025-08-03,147,0,90+ days
34885,2104.72,2025-05-01,null,null,0,No Repeat
34886,8638.17,2025-03-31,2025-05-27,57,0,31-60 days
34896,2106.08,2025-03-06,null,null,0,No Repeat
34899,643.25,2025-04-06,null,null,0,No Repeat
34902,2095.94,2025-04-14,null,null,0,No Repeat
34917,1632.79,2025-09-13,null,null,0,No Repeat
34923,3597.67,2025-07-31,2025-08-11,11,1,8-30 days
34924,5843.17,2025-03-08,2025-04-28,51,0,31-60 days
34928,4523.07,2025-09-26,null,null,0,No Repeat
34935,4909.55,2025-10-09,2026-01-31,114,0,90+ days
34936,9125.66,2025-12-28,2026-02-24,58,0,31-60 days
34955,4363.35,2026-02-11,null,null,0,No Repeat
34956,3999.55,2025-07-07,null,null,0,No Repeat
34964,9809.44,2025-08-23,2025-10-30,68,0,61-90 days
34968,8547.39,2025-05-22,2025-07-08,47,0,31-60 days
34978,7454.69,2025-03-11,2025-06-03,84,0,61-90 days
34985,7589.36,2025-11-14,2025-11-16,2,1,0-7 days
34988,3104.55,2025-05-01,2025-09-17,139,0,90+ days
34989,4171.27,2025-06-11,2025-06-26,15,1,8-30 days
35008,4048.39,2025-03-21,2025-12-31,285,0,90+ days
35019,1105.4,2025-09-01,null,null,0,No Repeat
35037,9933.25,2025-04-24,2025-07-02,69,0,61-90 days
35041,5807.32,2025-06-21,2025-07-25,34,0,31-60 days
35044,4722.74,2025-03-12,2025-03-23,11,1,8-30 days
35056,1430.14,2026-01-08,null,null,0,No Repeat
35061,4044.1,2026-02-18,null,null,0,No Repeat
35064,8353.19,2025-04-27,2025-09-03,129,0,90+ days
35070,2065.35,2025-03-03,null,null,0,No Repeat
35071,5144.94,2026-01-01,2026-02-20,50,0,31-60 days
35074,4760.59,2025-06-23,null,null,0,No Repeat
35075,3508.31,2026-01-14,null,null,0,No Repeat
35078,9393.84,2025-04-10,2025-05-03,23,1,8-30 days
35080,3771.57,2025-11-02,2026-01-31,90,0,61-90 days
35081,7652.15,2025-07-19,2026-02-27,223,0,90+ days
35104,2885.9,2025-09-08,null,null,0,No Repeat
35111,8909.79,2025-10-06,2025-12-12,67,0,61-90 days
35133,8195.44,2025-03-01,2026-02-14,350,0,90+ days
35138,257.71,2025-05-11,null,null,0,No Repeat
35140,8015.42,2025-05-13,2025-07-14,62,0,61-90 days
35141,4641.83,2025-09-01,2025-09-25,24,1,8-30 days
35146,3472.51,2025-06-14,null,null,0,No Repeat
35147,3270.98,2025-07-24,null,null,0,No Repeat
35148,2382.03,2025-09-19,null,null,0,No Repeat
35153,9693,2025-06-07,2025-06-24,17,1,8-30 days
35165,5235.25,2025-05-26,2026-01-06,225,0,90+ days
35166,2710.49,2026-02-25,null,null,0,No Repeat
35187,15891.48,2025-05-09,2025-05-09,0,1,0-7 days
35190,1633.96,2025-07-22,null,null,0,No Repeat
35193,1636.32,2025-08-08,2025-09-04,27,1,8-30 days
35195,12692.94,2025-04-08,2025-05-04,26,1,8-30 days
35207,1337.22,2025-09-24,null,null,0,No Repeat
35211,3862.65,2026-02-07,2026-02-24,17,1,8-30 days
35214,12398.4,2025-05-15,2025-05-21,6,1,0-7 days
35225,4434.73,2025-05-20,null,null,0,No Repeat
35233,834.47,2025-10-05,null,null,0,No Repeat
35234,2967.57,2025-08-27,null,null,0,No Repeat
35239,6338.99,2025-03-31,2025-06-12,73,0,61-90 days
35247,9416.61,2025-07-10,2025-08-01,22,1,8-30 days
35248,7757.78,2025-03-24,2025-12-07,258,0,90+ days
35251,11931.43,2025-05-06,2025-05-29,23,1,8-30 days
35256,2206.57,2025-04-05,2025-08-19,136,0,90+ days
35265,10464.09,2025-03-16,2025-04-29,44,0,31-60 days
35268,4626.45,2025-12-12,null,null,0,No Repeat
35270,7361.37,2025-12-02,2025-12-11,9,1,8-30 days
35271,10135.74,2025-03-10,2025-05-08,59,0,31-60 days
35274,4815.39,2025-07-08,2025-08-06,29,1,8-30 days
35275,7452.24,2025-09-03,2026-02-17,167,0,90+ days
35278,5140.84,2025-07-27,2026-01-14,171,0,90+ days
35280,3524.02,2025-05-15,null,null,0,No Repeat
35287,16326.47,2025-05-04,2025-05-22,18,1,8-30 days
35293,6659.16,2025-08-25,2025-10-05,41,0,31-60 days
35297,4115.47,2025-09-07,2025-10-30,53,0,31-60 days
35301,7970.58,2025-09-30,2025-09-30,0,1,0-7 days
35306,8922.61,2025-04-21,2025-11-13,206,0,90+ days
35312,2302.33,2025-04-20,null,null,0,No Repeat
35314,1180.8,2025-05-17,null,null,0,No Repeat
35320,9234.68,2025-04-09,2025-04-16,7,1,0-7 days
35324,3769.17,2025-03-24,null,null,0,No Repeat
35330,305.16,2025-09-14,null,null,0,No Repeat
35331,2736.28,2025-10-22,null,null,0,No Repeat
35332,7170.61,2025-06-23,2025-10-13,112,0,90+ days
35334,1280.36,2025-03-04,null,null,0,No Repeat
35351,923.42,2025-05-19,null,null,0,No Repeat
35358,8655.52,2025-12-16,2025-12-21,5,1,0-7 days
35359,4278.78,2025-10-26,null,null,0,No Repeat
35373,5828.96,2026-01-17,2026-02-02,16,1,8-30 days
35383,977.68,2025-10-21,null,null,0,No Repeat
35387,3344.66,2025-11-10,null,null,0,No Repeat
35390,7996.35,2025-09-09,2026-02-20,164,0,90+ days
35393,14977.8,2025-05-13,2025-06-11,29,1,8-30 days
35401,4172.03,2025-10-13,null,null,0,No Repeat
35402,380.27,2025-10-20,null,null,0,No Repeat
35406,7496.79,2025-03-08,2025-07-09,123,0,90+ days
35414,4192.78,2025-11-01,2026-02-14,105,0,90+ days
35417,3857.25,2026-01-28,null,null,0,No Repeat
35418,11013.37,2025-03-07,2025-04-17,41,0,31-60 days
35424,4183.52,2025-04-06,null,null,0,No Repeat
35433,952.49,2025-09-10,null,null,0,No Repeat
35437,434.51,2026-01-02,null,null,0,No Repeat
35438,4933.8,2025-03-04,2025-09-27,207,0,90+ days
35440,4693.03,2025-05-29,null,null,0,No Repeat
35444,776.64,2025-05-07,null,null,0,No Repeat
35460,6758.8,2025-05-27,2025-10-31,157,0,90+ days
35461,8632.43,2025-03-24,2025-08-27,156,0,90+ days
35469,5190.64,2025-08-26,2025-12-15,111,0,90+ days
35480,7487.68,2025-07-10,2025-08-28,49,0,31-60 days
35509,773.06,2025-09-06,null,null,0,No Repeat
35510,7877.44,2025-10-23,2025-12-27,65,0,61-90 days
35524,6886.87,2025-06-24,2025-07-06,12,1,8-30 days
35525,6797.7,2025-05-16,2025-06-02,17,1,8-30 days
35527,5841.16,2025-07-02,2025-10-12,102,0,90+ days
35532,1288.53,2025-03-15,null,null,0,No Repeat
35545,4862.02,2025-12-27,null,null,0,No Repeat
35563,5119.96,2025-06-13,2025-09-29,108,0,90+ days
35600,8759.8,2025-07-17,2025-09-01,46,0,31-60 days
35610,7334.66,2025-03-02,2025-07-16,136,0,90+ days
35620,4814.22,2025-04-28,2026-02-23,301,0,90+ days
35621,1528.2,2026-01-25,null,null,0,No Repeat
35624,4001.63,2025-04-12,null,null,0,No Repeat
35632,804.61,2025-10-11,null,null,0,No Repeat
35633,296.82,2025-09-15,null,null,0,No Repeat
35637,4805.9,2025-08-22,2025-09-09,18,1,8-30 days
35640,5657.38,2025-04-12,2025-06-16,65,0,61-90 days
35642,3342.03,2025-06-16,null,null,0,No Repeat
35645,4265.23,2026-02-23,null,null,0,No Repeat
35646,5806.48,2025-05-29,2025-11-23,178,0,90+ days
35657,12015.41,2026-01-06,2026-01-30,24,1,8-30 days
35658,8141.43,2025-04-18,2025-10-16,181,0,90+ days
35671,4871.31,2025-07-01,null,null,0,No Repeat
35673,4340.54,2025-11-13,2025-11-27,14,1,8-30 days
35685,4331.09,2025-07-10,2025-11-05,118,0,90+ days
35698,2879.95,2025-12-08,null,null,0,No Repeat
35703,6584.72,2025-06-16,2025-08-11,56,0,31-60 days
35712,4774.11,2026-02-14,null,null,0,No Repeat
35717,5184.22,2025-03-12,2025-08-17,158,0,90+ days
35724,7463.52,2025-12-18,2026-01-31,44,0,31-60 days
35725,4142.07,2025-12-28,null,null,0,No Repeat
35726,6755.98,2025-03-19,2025-05-02,44,0,31-60 days
35727,4865.72,2025-09-20,null,null,0,No Repeat
35740,7416.46,2025-04-02,2025-05-16,44,0,31-60 days
35751,851.64,2025-08-23,null,null,0,No Repeat
35766,5808.45,2025-04-13,2025-10-19,189,0,90+ days
35768,5914.93,2025-07-14,2025-08-19,36,0,31-60 days
35782,4708.82,2025-05-14,null,null,0,No Repeat
35793,1470.05,2025-12-14,null,null,0,No Repeat
35797,3627.65,2025-08-05,null,null,0,No Repeat
35815,3295.88,2025-04-10,2025-12-28,262,0,90+ days
35820,922.71,2026-02-21,null,null,0,No Repeat
35824,4940.51,2025-03-02,2025-05-29,88,0,61-90 days
35833,952.53,2025-10-23,null,null,0,No Repeat
35838,4257.21,2025-10-07,null,null,0,No Repeat
35856,4511.91,2025-04-13,2025-11-04,205,0,90+ days
35858,11905.79,2025-05-16,2025-05-21,5,1,0-7 days
35862,2597.48,2026-01-02,null,null,0,No Repeat
35866,6750.06,2025-04-03,2025-06-13,71,0,61-90 days
35867,8214.87,2025-06-16,2025-07-18,32,0,31-60 days
35870,1191.43,2025-12-09,null,null,0,No Repeat
35880,8920.79,2025-06-25,2025-07-29,34,0,31-60 days
35882,9797.57,2025-08-18,2025-11-12,86,0,61-90 days
35893,312.75,2025-08-22,null,null,0,No Repeat
35895,5705.6,2025-05-21,2025-05-23,2,1,0-7 days
35898,8477.72,2025-03-03,2025-05-24,82,0,61-90 days
35904,4336.02,2025-07-31,null,null,0,No Repeat
35906,9168.63,2025-09-16,2025-11-03,48,0,31-60 days
35918,4164.45,2025-11-16,2025-12-31,45,0,31-60 days
35919,1379.78,2025-08-01,null,null,0,No Repeat
35922,2916.4,2025-06-24,null,null,0,No Repeat
35924,4644.61,2025-04-15,2025-08-27,134,0,90+ days
35933,835.75,2025-07-12,2025-08-26,45,0,31-60 days
35939,6158.61,2025-03-13,2025-06-10,89,0,61-90 days
35940,6163.92,2025-07-16,2025-08-20,35,0,31-60 days
35949,5305.94,2025-11-15,2026-02-08,85,0,61-90 days
35956,8975.2,2025-10-11,2026-01-12,93,0,90+ days
35960,7131.19,2025-10-24,2025-11-22,29,1,8-30 days
35961,8355.69,2025-06-05,2026-01-29,238,0,90+ days
35962,3763.28,2025-07-19,2025-11-03,107,0,90+ days
35966,2486.79,2025-09-30,2025-11-14,45,0,31-60 days
35970,4030.48,2025-03-28,null,null,0,No Repeat
35985,643.1,2025-04-15,null,null,0,No Repeat
35989,7379.26,2025-10-23,2026-01-26,95,0,90+ days
35990,2492.08,2025-09-27,null,null,0,No Repeat
35992,235.24,2025-12-21,null,null,0,No Repeat
35993,5635.78,2025-06-01,2025-06-09,8,1,8-30 days
36003,940.14,2025-04-16,null,null,0,No Repeat
36005,3516.52,2025-05-26,2026-01-25,244,0,90+ days
36007,10417.25,2025-05-30,2025-06-18,19,1,8-30 days
36008,6476.28,2025-04-03,2025-09-27,177,0,90+ days
36009,1354.31,2025-08-02,null,null,0,No Repeat
36017,2684.8,2025-04-04,null,null,0,No Repeat
36018,17062.79,2025-04-14,2025-04-19,5,1,0-7 days
36032,7275.1,2025-06-10,2025-08-24,75,0,61-90 days
36044,2623.61,2025-03-24,null,null,0,No Repeat
36045,3907.68,2025-07-15,null,null,0,No Repeat
36058,5814.18,2025-08-18,2025-11-08,82,0,61-90 days
36066,299.41,2025-11-29,null,null,0,No Repeat
36071,2052.42,2025-11-20,2026-01-25,66,0,61-90 days
36073,8257.29,2025-10-08,2026-01-17,101,0,90+ days
36077,14057.71,2025-03-08,2025-06-07,91,0,90+ days
36079,3202.52,2025-09-09,2025-11-12,64,0,61-90 days
36085,1947.64,2026-01-11,null,null,0,No Repeat
36088,6702.96,2025-05-22,2025-12-02,194,0,90+ days
36089,1352.32,2025-05-10,null,null,0,No Repeat
36092,992.45,2025-06-22,null,null,0,No Repeat
36096,4574.4,2025-06-02,2025-10-18,138,0,90+ days
36097,12937.64,2025-04-18,2025-10-10,175,0,90+ days
36103,2070.05,2025-06-30,null,null,0,No Repeat
36110,7163.75,2025-08-09,2025-12-24,137,0,90+ days
36118,6050.23,2025-03-22,2025-10-29,221,0,90+ days
36119,4827.98,2025-08-31,null,null,0,No Repeat
36133,488.32,2025-08-13,null,null,0,No Repeat
36134,3406.5,2025-03-30,2025-12-01,246,0,90+ days
36140,2513.75,2025-06-18,2026-01-31,227,0,90+ days
36141,10378.13,2025-03-26,2025-04-01,6,1,0-7 days
36150,7343.13,2025-05-25,2025-09-17,115,0,90+ days
36157,14089.9,2025-05-23,2025-09-01,101,0,90+ days
36162,4155.44,2025-07-30,null,null,0,No Repeat
36177,3352.39,2026-02-14,null,null,0,No Repeat
36178,2914.79,2026-01-17,2026-01-28,11,1,8-30 days
36180,7164.89,2025-06-23,2025-10-11,110,0,90+ days
36199,3482.51,2025-12-31,2026-01-19,19,1,8-30 days
36205,3066.01,2025-05-10,null,null,0,No Repeat
36226,3936.98,2025-09-22,null,null,0,No Repeat
36235,4117.34,2025-06-10,null,null,0,No Repeat
36248,567.07,2025-08-17,null,null,0,No Repeat
36254,1622.16,2025-04-23,2025-09-28,158,0,90+ days
36259,5192.98,2025-03-15,2025-05-19,65,0,61-90 days
36265,2135.13,2025-03-13,2025-09-09,180,0,90+ days
36266,8216.03,2025-04-12,2025-09-30,171,0,90+ days
36267,4091.98,2025-05-01,null,null,0,No Repeat
36307,3623.52,2026-01-14,null,null,0,No Repeat
36324,3487.83,2025-05-08,2025-12-26,232,0,90+ days
36327,4845.34,2025-11-19,null,null,0,No Repeat
36328,6720.73,2025-03-06,2025-10-05,213,0,90+ days
36331,6960.84,2025-03-17,2025-08-01,137,0,90+ days
36332,7588.45,2025-03-30,2025-06-14,76,0,61-90 days
36345,1308.06,2025-03-16,2025-06-04,80,0,61-90 days
36347,13674.94,2025-05-07,2025-08-30,115,0,90+ days
36354,2680.19,2025-05-21,2025-07-28,68,0,61-90 days
36355,4605.98,2025-04-19,2026-01-26,282,0,90+ days
36357,2933.08,2025-12-09,null,null,0,No Repeat
36363,5501.44,2025-05-04,2025-06-15,42,0,31-60 days
36369,3352.51,2025-06-20,2025-09-13,85,0,61-90 days
36377,5104.13,2025-04-25,2025-08-23,120,0,90+ days
36384,2979.13,2025-07-24,2025-09-26,64,0,61-90 days
36387,3096.25,2025-07-21,null,null,0,No Repeat
36389,2827.7,2025-03-07,2025-10-25,232,0,90+ days
36395,2148.54,2025-06-07,null,null,0,No Repeat
36404,7173.53,2025-04-17,2025-04-27,10,1,8-30 days
36406,2454.93,2025-04-19,null,null,0,No Repeat
36410,4413.57,2025-03-12,2026-01-18,312,0,90+ days
36425,8569.1,2025-03-29,2025-05-17,49,0,31-60 days
36429,9451.33,2025-03-09,2025-08-28,172,0,90+ days
36434,4889.78,2025-05-02,null,null,0,No Repeat
36437,1982.27,2025-09-22,2026-01-02,102,0,90+ days
36442,7350.41,2025-04-04,2025-08-04,122,0,90+ days
36447,6196.62,2025-04-29,2026-02-17,294,0,90+ days
36451,7053.1,2025-03-11,2026-01-25,320,0,90+ days
36464,2612.5,2026-02-09,null,null,0,No Repeat
36468,8109.14,2025-06-01,2026-02-16,260,0,90+ days
36470,2094.75,2025-05-29,null,null,0,No Repeat
36474,1947.97,2025-07-17,2025-08-15,29,1,8-30 days
36483,1803.13,2025-12-13,null,null,0,No Repeat
36493,7181.69,2025-05-22,2025-11-24,186,0,90+ days
36503,4143.63,2025-06-13,2025-06-21,8,1,8-30 days
36506,2333.44,2025-06-02,2025-07-03,31,0,31-60 days
36510,5277.78,2025-04-16,2025-08-07,113,0,90+ days
36513,7222.03,2025-08-22,2025-09-16,25,1,8-30 days
36517,6609.64,2025-08-14,2025-10-15,62,0,61-90 days
36520,5028.38,2025-07-04,2025-10-24,112,0,90+ days
36530,3999.21,2025-10-06,null,null,0,No Repeat
36535,3066.7,2025-07-21,2025-10-29,100,0,90+ days
36536,8031.51,2025-08-29,2026-01-17,141,0,90+ days
36541,7654.59,2025-03-15,2025-06-03,80,0,61-90 days
36546,4342.4,2025-11-08,2025-12-12,34,0,31-60 days
36548,9291.69,2025-11-04,2026-02-26,114,0,90+ days
36558,280.9,2025-10-09,null,null,0,No Repeat
36559,7505,2025-05-19,2025-06-04,16,1,8-30 days
36564,1194.65,2025-06-11,2025-12-19,191,0,90+ days
36567,11331.42,2025-08-30,2025-11-19,81,0,61-90 days
36575,3002.01,2025-05-14,null,null,0,No Repeat
36576,4663.15,2025-07-23,null,null,0,No Repeat
36579,4356.62,2025-07-11,null,null,0,No Repeat
36581,5841.89,2025-08-26,2025-12-02,98,0,90+ days
36583,933.58,2025-10-23,null,null,0,No Repeat
36588,4153.07,2025-06-11,null,null,0,No Repeat
36589,6149.51,2025-07-07,2025-07-27,20,1,8-30 days
36590,8507.88,2025-05-14,2026-01-08,239,0,90+ days
36599,8678.46,2025-04-15,2025-05-23,38,0,31-60 days
36610,9624.69,2025-06-17,2025-08-30,74,0,61-90 days
36613,15351.74,2025-03-10,2025-05-04,55,0,31-60 days
36617,3732.24,2025-03-30,2025-06-29,91,0,90+ days
36625,861.7,2025-06-30,null,null,0,No Repeat
36632,1833.27,2025-10-06,null,null,0,No Repeat
36638,9183.9,2025-05-25,2025-09-01,99,0,90+ days
36640,8137.7,2025-06-19,2025-09-04,77,0,61-90 days
36646,5607.79,2025-05-18,2025-11-04,170,0,90+ days
36647,8117.04,2025-08-05,2025-08-22,17,1,8-30 days
36657,1957.33,2025-10-10,null,null,0,No Repeat
36660,13407.16,2025-05-27,2025-07-09,43,0,31-60 days
36665,8538.72,2025-05-27,2025-10-07,133,0,90+ days
36666,5819.58,2025-07-27,2026-01-21,178,0,90+ days
36678,2843.29,2025-12-04,null,null,0,No Repeat
36683,5188.78,2026-01-19,2026-02-04,16,1,8-30 days
36688,7521.39,2025-08-28,2025-09-26,29,1,8-30 days
36702,2284.79,2025-04-06,2025-08-27,143,0,90+ days
36711,845.15,2025-11-22,null,null,0,No Repeat
36726,3218.62,2025-11-14,null,null,0,No Repeat
36727,11686.02,2025-05-25,2025-08-14,81,0,61-90 days
36733,11945.91,2025-04-02,2025-07-21,110,0,90+ days
36742,10797.64,2025-05-23,2025-06-05,13,1,8-30 days
36751,888.9,2025-03-25,null,null,0,No Repeat
36753,13709.61,2025-04-29,2025-07-06,68,0,61-90 days
36766,3320.36,2025-05-06,2025-07-01,56,0,31-60 days
36767,1783.46,2025-05-09,2026-01-02,238,0,90+ days
36768,4381.92,2025-07-26,2025-08-26,31,0,31-60 days
36778,16827.78,2025-03-28,2025-07-03,97,0,90+ days
36782,6159.71,2025-04-16,2026-01-03,262,0,90+ days
36783,768.41,2025-05-27,null,null,0,No Repeat
36788,11018.89,2025-08-18,2025-09-02,15,1,8-30 days
36794,3207.77,2025-06-05,null,null,0,No Repeat
36796,5096.62,2025-03-30,2026-01-16,292,0,90+ days
36799,9094.79,2025-06-12,2025-06-26,14,1,8-30 days
36804,8327.93,2025-06-03,2026-02-08,250,0,90+ days
36822,14811.82,2025-03-26,2025-06-26,92,0,90+ days
36831,6663.12,2025-05-07,2026-02-16,285,0,90+ days
36834,12160.36,2025-07-21,2025-09-04,45,0,31-60 days
36849,7775.07,2025-12-10,2026-02-10,62,0,61-90 days
36851,2137.91,2025-06-25,null,null,0,No Repeat
36869,8793.29,2025-11-06,2025-12-15,39,0,31-60 days
36890,7892.48,2025-04-10,2025-08-09,121,0,90+ days
36896,1488.83,2025-04-29,null,null,0,No Repeat
36899,6802.79,2025-08-19,2025-08-22,3,1,0-7 days
36902,4759.64,2025-09-15,null,null,0,No Repeat
36903,7133.83,2025-05-29,2025-08-25,88,0,61-90 days
36925,2276.31,2025-11-05,null,null,0,No Repeat
36927,8735.14,2025-03-09,2025-05-13,65,0,61-90 days
36935,10860.42,2025-03-28,2025-10-11,197,0,90+ days
36949,4723.24,2025-04-01,2025-04-07,6,1,0-7 days
36951,738.25,2025-10-01,null,null,0,No Repeat
36957,511.05,2025-12-06,null,null,0,No Repeat
36971,16319.04,2025-11-15,2025-11-27,12,1,8-30 days
36982,5820.67,2025-06-12,2025-09-21,101,0,90+ days
36984,3577.12,2025-06-10,null,null,0,No Repeat
36987,379.81,2025-07-04,null,null,0,No Repeat
36989,7309.35,2026-01-09,2026-01-28,19,1,8-30 days
36998,4314.32,2025-03-07,null,null,0,No Repeat
37000,584.99,2026-02-25,null,null,0,No Repeat
37005,2641.64,2025-11-26,null,null,0,No Repeat
37006,11401.31,2025-03-22,2025-07-27,127,0,90+ days
37012,6693.86,2026-01-27,2026-02-11,15,1,8-30 days
37013,5655.27,2025-04-17,2025-06-19,63,0,61-90 days
37033,3439.33,2025-05-20,null,null,0,No Repeat
37035,8369.13,2025-03-16,2025-04-10,25,1,8-30 days
37036,2519.45,2025-09-25,null,null,0,No Repeat
37037,3241.25,2025-03-11,null,null,0,No Repeat
37042,3579.37,2025-03-27,null,null,0,No Repeat
37051,5193.79,2025-04-23,2025-08-26,125,0,90+ days
37055,3798.19,2025-10-23,null,null,0,No Repeat
37057,7622.48,2025-05-19,2025-06-05,17,1,8-30 days
37064,1937.23,2026-02-10,null,null,0,No Repeat
37068,12553.94,2025-05-21,2025-06-20,30,1,8-30 days
37069,1752.61,2025-07-10,2025-12-30,173,0,90+ days
37083,2725.32,2026-01-19,null,null,0,No Repeat
37097,1919.83,2025-04-24,null,null,0,No Repeat
37105,4899.34,2025-05-08,2025-12-01,207,0,90+ days
37109,4776.41,2025-04-13,2025-09-24,164,0,90+ days
37116,4369.36,2026-01-16,null,null,0,No Repeat
37120,2315.29,2025-12-27,null,null,0,No Repeat
37121,11849.47,2025-07-22,2025-10-25,95,0,90+ days
37129,4336.79,2025-11-12,2025-12-01,19,1,8-30 days
37133,1893.36,2026-02-03,null,null,0,No Repeat
37142,5998.39,2025-11-01,2025-12-07,36,0,31-60 days
37148,2452.51,2025-06-20,2025-09-21,93,0,90+ days
37153,9496.28,2025-11-27,2026-01-27,61,0,61-90 days
37161,2225.8,2025-10-22,2026-01-31,101,0,90+ days
37165,4913.8,2025-04-01,2025-05-29,58,0,31-60 days
37170,1501.5,2025-03-03,null,null,0,No Repeat
37177,2323.19,2025-07-29,null,null,0,No Repeat
37190,10341.48,2025-09-05,2025-10-13,38,0,31-60 days
37192,3742.62,2025-10-10,2025-10-27,17,1,8-30 days
37203,12683.4,2025-07-09,2025-07-19,10,1,8-30 days
37210,4211.9,2025-03-23,null,null,0,No Repeat
37211,1336.86,2025-11-28,2026-02-28,92,0,90+ days
37214,7363.69,2025-08-07,2025-09-14,38,0,31-60 days
37227,2954.63,2026-02-10,null,null,0,No Repeat
37237,4788.52,2025-03-21,2025-07-31,132,0,90+ days
37242,5490.16,2025-07-15,2025-10-23,100,0,90+ days
37243,2659.37,2025-05-27,2025-09-10,106,0,90+ days
37249,7158.25,2025-09-02,2025-09-03,1,1,0-7 days
37254,4655.23,2025-08-28,2025-10-31,64,0,61-90 days
37256,4092.53,2025-05-22,2025-06-07,16,1,8-30 days
37266,10084.96,2025-03-05,2025-11-17,257,0,90+ days
37268,5578.18,2025-08-05,2025-12-29,146,0,90+ days
37277,4144.54,2025-04-05,2025-05-21,46,0,31-60 days
37287,6871.73,2025-05-18,2025-07-01,44,0,31-60 days
37289,1766.67,2025-04-04,2025-10-17,196,0,90+ days
37291,16720.95,2025-09-21,2025-12-03,73,0,61-90 days
37296,9389.75,2025-05-31,2025-12-01,184,0,90+ days
37311,2829.91,2025-07-13,null,null,0,No Repeat
37314,6615.1,2025-08-30,2025-11-30,92,0,90+ days
37315,4661.76,2025-07-31,2026-01-22,175,0,90+ days
37320,4066.48,2025-05-02,2025-05-22,20,1,8-30 days
37335,4671.8,2025-10-30,null,null,0,No Repeat
37340,3059.23,2025-04-04,null,null,0,No Repeat
37347,3673.81,2025-08-05,2025-11-04,91,0,90+ days
37353,1539,2025-04-08,null,null,0,No Repeat
37356,12500.55,2025-03-26,2025-06-06,72,0,61-90 days
37365,3810.68,2025-07-07,2025-08-17,41,0,31-60 days
37370,257.23,2025-10-27,null,null,0,No Repeat
37372,858.32,2025-11-28,null,null,0,No Repeat
37373,1226.75,2025-05-23,null,null,0,No Repeat
37386,631.68,2026-01-19,null,null,0,No Repeat
37395,6076.33,2025-12-25,2026-02-05,42,0,31-60 days
37408,4343.29,2025-03-20,2025-12-20,275,0,90+ days
37409,3580.18,2025-07-12,null,null,0,No Repeat
37411,7213.37,2025-07-26,2026-01-20,178,0,90+ days
37423,1180.87,2025-12-28,null,null,0,No Repeat
37430,7999.47,2025-03-12,2025-07-16,126,0,90+ days
37434,3989.45,2025-04-18,2025-10-09,174,0,90+ days
37451,2136.29,2025-09-17,null,null,0,No Repeat
37458,1737.56,2025-07-05,null,null,0,No Repeat
37464,649.22,2025-05-26,null,null,0,No Repeat
37472,16604.39,2025-07-11,2025-09-26,77,0,61-90 days
37474,1974.11,2025-04-27,2025-09-14,140,0,90+ days
37478,325.65,2025-04-14,null,null,0,No Repeat
37482,15047.74,2025-04-05,2025-04-11,6,1,0-7 days
37485,5046.17,2025-12-27,2026-02-22,57,0,31-60 days
37486,3795.29,2025-08-16,null,null,0,No Repeat
37498,4903.25,2025-11-05,null,null,0,No Repeat
37519,3666.7,2025-06-16,null,null,0,No Repeat
37521,5381.15,2025-05-08,2025-12-02,208,0,90+ days
37529,3770.84,2025-04-26,null,null,0,No Repeat
37534,5085.85,2025-10-09,2025-12-01,53,0,31-60 days
37543,6339.35,2025-03-14,2025-07-30,138,0,90+ days
37547,7092.24,2025-05-07,2025-05-29,22,1,8-30 days
37566,6476.62,2025-12-17,2026-02-17,62,0,61-90 days
37572,4272.34,2025-10-02,null,null,0,No Repeat
37577,9012.31,2025-08-07,2026-02-10,187,0,90+ days
37580,11055.8,2025-06-16,2025-09-28,104,0,90+ days
37583,12103.68,2025-10-17,2025-12-12,56,0,31-60 days
37594,2959.76,2025-09-10,2026-01-02,114,0,90+ days
37597,2242.55,2025-05-25,2025-10-05,133,0,90+ days
37606,2041.1,2025-09-20,null,null,0,No Repeat
37612,7718.83,2025-03-28,2025-08-13,138,0,90+ days
37614,5896.23,2025-07-05,2026-01-18,197,0,90+ days
37618,1959.81,2025-06-26,null,null,0,No Repeat
37632,6928.02,2025-10-13,2026-01-23,102,0,90+ days
37634,6418.25,2025-07-12,2025-12-12,153,0,90+ days
37650,2121.53,2025-04-13,null,null,0,No Repeat
37654,7124.21,2025-05-08,2025-07-26,79,0,61-90 days
37656,3236.8,2025-12-13,null,null,0,No Repeat
37657,14011.48,2025-06-25,2025-09-02,69,0,61-90 days
37659,2563.31,2025-08-16,null,null,0,No Repeat
37662,348.22,2025-09-22,null,null,0,No Repeat
37663,814.97,2025-08-23,null,null,0,No Repeat
37666,4332.32,2025-04-05,2025-04-22,17,1,8-30 days
37683,737.83,2026-01-20,null,null,0,No Repeat
37685,13943.06,2025-03-25,2025-09-16,175,0,90+ days
37686,5912.14,2025-05-30,2025-07-19,50,0,31-60 days
37688,8055.51,2025-04-16,2025-09-26,163,0,90+ days
37689,6303.65,2025-03-06,2025-07-03,119,0,90+ days
37697,6720.34,2025-04-14,2025-11-30,230,0,90+ days
37705,2865.12,2025-05-29,null,null,0,No Repeat
37707,2521.75,2025-05-12,2025-10-08,149,0,90+ days
37708,3441.29,2026-01-09,null,null,0,No Repeat
37731,3067.42,2025-08-31,null,null,0,No Repeat
37735,10649.45,2025-03-11,2025-05-01,51,0,31-60 days
37740,11433.42,2025-07-12,2025-09-22,72,0,61-90 days
37743,5840.39,2026-01-31,2026-01-31,0,1,0-7 days
37746,8150.52,2025-08-29,2026-01-06,130,0,90+ days
37748,3083.34,2025-06-25,null,null,0,No Repeat
37750,6865.85,2025-08-19,2025-09-26,38,0,31-60 days
37753,1353.97,2025-08-27,null,null,0,No Repeat
37754,1872.54,2025-11-25,null,null,0,No Repeat
37777,12834.87,2025-03-19,2025-09-16,181,0,90+ days
37778,8027.87,2025-06-11,2025-07-03,22,1,8-30 days
37796,559.02,2025-10-21,null,null,0,No Repeat
37803,6471.2,2025-12-04,2025-12-19,15,1,8-30 days
37807,7693.49,2025-04-12,2025-05-10,28,1,8-30 days
37828,1715.8,2025-08-05,null,null,0,No Repeat
37833,7602.02,2025-04-17,2025-10-22,188,0,90+ days
37836,833.59,2025-03-16,null,null,0,No Repeat
37844,12924.81,2025-04-16,2025-08-15,121,0,90+ days
37849,4089.47,2025-03-12,2025-11-08,241,0,90+ days
37850,3437.81,2025-04-28,2025-10-04,159,0,90+ days
37852,1758.73,2025-11-14,null,null,0,No Repeat
37861,3288.23,2025-10-01,2026-01-02,93,0,90+ days
37866,4460.01,2025-06-08,null,null,0,No Repeat
37876,4322.76,2025-10-13,2025-11-07,25,1,8-30 days
37896,7535.74,2025-03-10,2025-04-26,47,0,31-60 days
37901,4894.52,2025-09-26,null,null,0,No Repeat
37913,949.3,2025-08-07,null,null,0,No Repeat
37915,1328.35,2025-11-03,null,null,0,No Repeat
37916,2279.82,2026-01-21,null,null,0,No Repeat
37919,4056.8,2025-07-31,null,null,0,No Repeat
37922,6292.61,2025-09-07,2025-09-09,2,1,0-7 days
37927,7748.58,2025-05-08,2025-06-19,42,0,31-60 days
37937,4883.85,2025-11-17,null,null,0,No Repeat
37940,518.6,2025-09-06,null,null,0,No Repeat
37950,3969.06,2025-09-06,2025-12-12,97,0,90+ days
37951,1214.34,2025-08-22,null,null,0,No Repeat
37956,12088.62,2025-06-12,2025-07-18,36,0,31-60 days
37958,3241.82,2025-04-15,2025-11-01,200,0,90+ days
37967,3659.29,2025-03-05,2025-09-30,209,0,90+ days
37980,3861.4,2025-11-28,null,null,0,No Repeat
37991,7707.11,2025-06-13,2025-09-14,93,0,90+ days
37994,3220.29,2026-02-04,null,null,0,No Repeat
38004,469.89,2026-01-14,null,null,0,No Repeat
38008,1837.08,2025-12-22,null,null,0,No Repeat
38010,6624.6,2025-03-20,2025-07-02,104,0,90+ days
38015,3395.9,2025-06-08,2025-09-01,85,0,61-90 days
38023,2859.92,2025-08-28,null,null,0,No Repeat
38024,10447.08,2025-08-01,2025-09-26,56,0,31-60 days
38043,739.15,2025-08-14,null,null,0,No Repeat
38044,2264.34,2025-05-03,null,null,0,No Repeat
38049,14861.88,2025-03-08,2025-11-21,258,0,90+ days
38052,4924.17,2025-09-14,2025-10-14,30,1,8-30 days
38056,3148.95,2025-06-25,2026-01-14,203,0,90+ days
38057,6705.62,2025-07-01,2025-10-25,116,0,90+ days
38068,5495.55,2025-08-06,2026-02-25,203,0,90+ days
38096,16819.71,2025-04-22,2025-05-17,25,1,8-30 days
38100,7765.25,2025-06-20,2025-11-28,161,0,90+ days
38110,14470.77,2025-04-01,2025-05-13,42,0,31-60 days
38119,6913.43,2025-03-11,2025-06-19,100,0,90+ days
38120,3753.6,2025-12-16,null,null,0,No Repeat
38125,6243.21,2025-06-01,2025-10-30,151,0,90+ days
38127,6733.59,2025-04-08,2025-06-22,75,0,61-90 days
38133,1372.46,2025-07-18,null,null,0,No Repeat
38142,15598.19,2025-03-20,2025-05-19,60,0,31-60 days
38152,1128.74,2025-07-04,null,null,0,No Repeat
38163,1834.58,2025-08-14,2026-02-04,174,0,90+ days
38168,7589.82,2025-05-31,2025-10-24,146,0,90+ days
38181,4889.66,2025-04-10,2025-04-22,12,1,8-30 days
38189,5021.64,2025-03-01,2025-11-16,260,0,90+ days
38196,3476.43,2025-04-15,null,null,0,No Repeat
38200,4377.43,2026-02-05,null,null,0,No Repeat
38204,2817.17,2025-03-29,2025-05-03,35,0,31-60 days
38209,10369.16,2025-03-02,2025-05-05,64,0,61-90 days
38210,10082.18,2025-05-09,2025-11-15,190,0,90+ days
38216,7021.7,2025-03-20,2025-04-08,19,1,8-30 days
38222,6558.8,2025-09-07,2026-01-09,124,0,90+ days
38225,4450.67,2025-03-23,2025-04-09,17,1,8-30 days
38231,7227.43,2026-01-17,2026-02-24,38,0,31-60 days
38244,3934.04,2025-03-12,2025-05-24,73,0,61-90 days
38245,4226.51,2025-06-11,2025-10-01,112,0,90+ days
38254,3169.98,2025-10-18,null,null,0,No Repeat
38255,5089.81,2025-06-29,2025-09-10,73,0,61-90 days
38256,6944.7,2025-05-17,2025-11-17,184,0,90+ days
38263,4035.01,2025-09-06,null,null,0,No Repeat
38265,7037.56,2025-09-19,2025-11-12,54,0,31-60 days
38267,5301.99,2025-03-19,2025-09-01,166,0,90+ days
38270,4355.57,2025-08-08,null,null,0,No Repeat
38276,2819.83,2025-09-12,null,null,0,No Repeat
38281,2755.65,2025-08-27,2025-09-30,34,0,31-60 days
38286,7393.15,2025-04-20,2025-07-10,81,0,61-90 days
38291,12987.36,2025-04-09,2025-07-12,94,0,90+ days
38308,4446.2,2025-03-29,2025-05-08,40,0,31-60 days
38320,1525.34,2025-10-24,null,null,0,No Repeat
38321,877.77,2025-07-16,null,null,0,No Repeat
38329,536.98,2026-02-21,null,null,0,No Repeat
38340,4742.97,2025-03-25,2025-11-02,222,0,90+ days
38349,4324.81,2025-04-04,null,null,0,No Repeat
38358,3783.01,2025-07-04,null,null,0,No Repeat
38364,4136.85,2025-12-03,null,null,0,No Repeat
38365,5952.54,2025-03-05,2025-11-14,254,0,90+ days
38369,4076.14,2025-07-31,null,null,0,No Repeat
38379,6565.51,2025-11-18,2026-02-23,97,0,90+ days
38383,10970.58,2025-08-01,2025-08-01,0,1,0-7 days
38389,4524.61,2026-01-06,null,null,0,No Repeat
38394,4545.14,2025-07-15,null,null,0,No Repeat
38396,9472.81,2025-10-01,2025-12-05,65,0,61-90 days
38398,4821.92,2025-10-24,2025-11-04,11,1,8-30 days
38400,4577.6,2025-08-01,2025-11-03,94,0,90+ days
38414,6322.55,2025-11-29,2025-12-06,7,1,0-7 days
38415,3765.81,2025-03-12,null,null,0,No Repeat
38433,2813.91,2025-08-04,null,null,0,No Repeat
38444,6394.48,2025-03-26,2025-07-25,121,0,90+ days
38445,2971.94,2025-07-25,2025-07-27,2,1,0-7 days
38449,4214.89,2025-04-17,null,null,0,No Repeat
38503,4322.58,2025-06-03,null,null,0,No Repeat
38509,6843.81,2025-08-06,2026-01-06,153,0,90+ days
38523,4750.56,2025-06-21,2025-09-22,93,0,90+ days
38525,6750.92,2025-05-13,2025-08-25,104,0,90+ days
38533,2259.51,2025-09-27,null,null,0,No Repeat
38535,3922.22,2025-10-20,2026-02-13,116,0,90+ days
38537,4723.6,2026-02-27,null,null,0,No Repeat
38545,207.82,2025-12-25,null,null,0,No Repeat
38546,15370.85,2025-03-24,2025-04-06,13,1,8-30 days
38570,2373.52,2025-04-01,null,null,0,No Repeat
38584,2478.47,2025-04-15,null,null,0,No Repeat
38585,5854.57,2025-10-19,2025-12-31,73,0,61-90 days
38594,402.81,2025-05-06,null,null,0,No Repeat
38597,2293.39,2026-02-08,null,null,0,No Repeat
38598,7482.81,2025-05-08,2025-08-15,99,0,90+ days
38610,1865.62,2025-12-24,null,null,0,No Repeat
38615,716.53,2025-03-17,2026-02-21,341,0,90+ days
38625,1397.88,2025-07-10,2025-12-01,144,0,90+ days
38632,393.55,2025-03-08,null,null,0,No Repeat
38636,6840.3,2025-11-06,2025-11-13,7,1,0-7 days
38645,10069.1,2025-08-26,2025-09-06,11,1,8-30 days
38646,2926.6,2025-03-10,2025-10-12,216,0,90+ days
38647,1210.62,2025-11-18,null,null,0,No Repeat
38650,321.05,2026-01-30,null,null,0,No Repeat
38659,3274.68,2025-10-30,null,null,0,No Repeat
38678,4720.47,2025-12-18,2026-01-20,33,0,31-60 days
38679,15959.57,2025-05-22,2025-09-22,123,0,90+ days
38680,4889.02,2025-03-07,2025-05-18,72,0,61-90 days
38688,2284.01,2025-04-19,null,null,0,No Repeat
38700,1985.77,2025-10-18,null,null,0,No Repeat
38711,3091.37,2025-10-01,2026-01-29,120,0,90+ days
38729,4295.9,2025-04-23,null,null,0,No Repeat
38734,8265.68,2025-07-08,2025-09-24,78,0,61-90 days
38735,4636.39,2025-07-18,2025-11-28,133,0,90+ days
38741,4048.54,2025-10-13,2026-02-28,138,0,90+ days
38748,1350.29,2025-06-23,null,null,0,No Repeat
38749,13291.9,2025-03-11,2025-09-20,193,0,90+ days
38763,1218.02,2025-05-14,null,null,0,No Repeat
38775,4322.29,2025-10-08,2025-11-22,45,0,31-60 days
38780,3872.11,2025-08-10,null,null,0,No Repeat
38796,4890.8,2025-06-05,2025-09-04,91,0,90+ days
38801,2223.56,2025-07-26,null,null,0,No Repeat
38807,1050.85,2025-04-22,null,null,0,No Repeat
38816,6836.83,2025-04-17,2026-02-15,304,0,90+ days
38824,4473.81,2025-06-25,2025-07-08,13,1,8-30 days
38840,1243.2,2025-03-03,null,null,0,No Repeat
38841,9169.28,2025-03-03,2025-05-29,87,0,61-90 days
38844,10053.28,2025-06-30,2025-11-21,144,0,90+ days
38855,9062.39,2025-04-14,2025-05-14,30,1,8-30 days
38859,3842.84,2025-03-15,null,null,0,No Repeat
38868,1834.22,2025-08-03,2026-01-20,170,0,90+ days
38875,5211.92,2025-03-02,2025-07-23,143,0,90+ days
38883,4813.12,2025-08-01,2025-09-28,58,0,31-60 days
38893,8196.88,2025-05-31,2025-10-14,136,0,90+ days
38899,2362.7,2026-01-25,null,null,0,No Repeat
38900,9469.4,2025-04-26,2025-06-08,43,0,31-60 days
38912,3686.7,2025-04-06,2026-01-31,300,0,90+ days
38913,3132.19,2025-06-28,null,null,0,No Repeat
38915,5428.79,2025-08-02,2025-12-05,125,0,90+ days
38920,3697.43,2025-08-06,2026-01-29,176,0,90+ days
38926,2296.88,2025-12-20,null,null,0,No Repeat
38929,4263.57,2026-01-12,2026-02-13,32,0,31-60 days
38931,10853.3,2025-04-08,2025-04-15,7,1,0-7 days
38932,7170.51,2025-06-17,2026-01-07,204,0,90+ days
38937,9575.04,2025-03-19,2025-08-19,153,0,90+ days
38946,2027.84,2025-06-25,2026-02-18,238,0,90+ days
38970,4321.43,2025-05-23,2026-02-26,279,0,90+ days
38974,7454.39,2025-11-07,2025-11-13,6,1,0-7 days
38975,2773.68,2025-05-31,2025-07-06,36,0,31-60 days
38981,6691.9,2025-05-25,2025-10-31,159,0,90+ days
38983,6222.62,2025-09-26,2025-11-06,41,0,31-60 days
38986,2390.99,2025-09-12,null,null,0,No Repeat
38994,8007.15,2025-06-28,2025-07-14,16,1,8-30 days
38995,4919.03,2025-03-17,2025-05-05,49,0,31-60 days
38996,3665.03,2025-07-08,null,null,0,No Repeat
39004,2539.63,2025-10-14,null,null,0,No Repeat
39019,5286.33,2025-05-06,2025-12-08,216,0,90+ days
39029,2524.78,2025-09-17,2025-09-20,3,1,0-7 days
39034,2327.03,2025-06-03,null,null,0,No Repeat
39039,3585,2025-10-25,null,null,0,No Repeat
39060,4372.18,2025-04-14,2025-10-11,180,0,90+ days
39062,10006.75,2025-05-04,2025-07-04,61,0,61-90 days
39066,1125.73,2025-10-02,null,null,0,No Repeat
39088,2140.9,2025-08-27,null,null,0,No Repeat
39093,3029.29,2025-04-05,2025-04-24,19,1,8-30 days
39099,701.43,2025-07-22,null,null,0,No Repeat
39108,3878.46,2025-06-14,null,null,0,No Repeat
39109,1271.88,2025-08-10,null,null,0,No Repeat
39110,3798.32,2025-06-09,2026-02-16,252,0,90+ days
39116,10583.29,2025-03-22,2025-08-15,146,0,90+ days
39117,442.85,2025-10-16,null,null,0,No Repeat
39133,5640.14,2025-08-19,2025-10-25,67,0,61-90 days
39143,4451.34,2026-02-09,null,null,0,No Repeat
39153,9519.38,2025-05-09,2025-07-04,56,0,31-60 days
39166,3511.45,2025-05-30,2025-07-14,45,0,31-60 days
39170,6618.27,2025-06-28,2025-07-28,30,1,8-30 days
39177,4315.29,2025-08-30,null,null,0,No Repeat
39188,4028.24,2025-09-14,2026-02-11,150,0,90+ days
39191,10131.21,2025-04-04,2025-04-26,22,1,8-30 days
39199,1117.78,2025-06-10,null,null,0,No Repeat
39204,4382.4,2026-01-18,null,null,0,No Repeat
39209,2896.79,2026-01-06,null,null,0,No Repeat
39212,9881.76,2025-03-16,2025-10-09,207,0,90+ days
39217,443.19,2026-01-24,null,null,0,No Repeat
39224,4019.15,2025-07-17,null,null,0,No Repeat
39228,3476.56,2025-07-02,2025-09-19,79,0,61-90 days
39238,2189.09,2025-05-10,null,null,0,No Repeat
39240,1192.66,2025-09-21,null,null,0,No Repeat
39250,6596.41,2025-04-24,2025-11-18,208,0,90+ days
39258,7355.31,2025-09-27,2026-01-01,96,0,90+ days
39259,3764.96,2025-06-02,2025-12-18,199,0,90+ days
39271,2843.75,2025-03-26,null,null,0,No Repeat
39306,7948.93,2025-04-08,2026-01-21,288,0,90+ days
39320,6938.49,2025-09-02,2026-02-08,159,0,90+ days
39321,3831.41,2025-03-11,2025-04-09,29,1,8-30 days
39325,8786.95,2025-06-04,2026-02-02,243,0,90+ days
39326,5856.77,2025-06-02,2025-09-05,95,0,90+ days
39330,2681.59,2025-11-20,2026-01-20,61,0,61-90 days
39331,4602.23,2025-10-29,null,null,0,No Repeat
39335,2942.77,2025-03-30,null,null,0,No Repeat
39337,5228.58,2025-10-21,2025-11-25,35,0,31-60 days
39338,11202.36,2025-04-19,2025-06-10,52,0,31-60 days
39339,4905.89,2025-08-03,null,null,0,No Repeat
39343,4136.29,2025-05-08,2026-01-31,268,0,90+ days
39349,2289.83,2025-04-08,2025-12-22,258,0,90+ days
39351,5503.17,2025-06-30,2025-11-23,146,0,90+ days
39361,4310.28,2026-01-19,null,null,0,No Repeat
39367,5831.79,2025-09-04,2025-09-17,13,1,8-30 days
39377,13037.73,2025-04-17,2025-07-14,88,0,61-90 days
39381,6116.89,2025-05-19,2025-10-18,152,0,90+ days
39382,2722.63,2025-09-07,null,null,0,No Repeat
39384,1967.94,2025-09-08,null,null,0,No Repeat
39389,3312.97,2026-02-15,null,null,0,No Repeat
39392,7022.9,2025-04-22,2025-05-23,31,0,31-60 days
39401,7561.33,2025-06-10,2025-09-13,95,0,90+ days
39410,7012.33,2025-03-29,2025-11-26,242,0,90+ days
39412,2682.67,2026-01-22,null,null,0,No Repeat
39413,3975.6,2025-10-10,null,null,0,No Repeat
39416,4202.94,2025-10-28,null,null,0,No Repeat
39424,4495.89,2025-04-20,null,null,0,No Repeat
39427,8426.42,2025-05-04,2025-10-17,166,0,90+ days
39432,10739.44,2025-04-29,2025-07-21,83,0,61-90 days
39444,9258.31,2025-07-16,2025-08-28,43,0,31-60 days
39473,2968.08,2025-07-17,null,null,0,No Repeat
39495,9662.89,2025-03-06,2025-05-05,60,0,31-60 days
39499,560.05,2025-06-09,null,null,0,No Repeat
39509,6663.39,2025-04-08,2025-09-29,174,0,90+ days
39510,9478.4,2025-11-09,2025-11-20,11,1,8-30 days
39512,773.75,2025-08-09,null,null,0,No Repeat
39514,4764.32,2025-04-09,2025-05-18,39,0,31-60 days
39519,2908.61,2026-01-25,null,null,0,No Repeat
39520,5752.3,2025-05-21,2025-12-14,207,0,90+ days
39527,1950.08,2026-01-22,null,null,0,No Repeat
39529,3909.81,2025-04-15,2025-10-15,183,0,90+ days
39532,10928.17,2025-05-22,2026-02-07,261,0,90+ days
39541,8067.21,2025-08-17,2026-01-07,143,0,90+ days
39544,13050.76,2025-06-17,2025-09-03,78,0,61-90 days
39553,7858.9,2025-04-15,2025-08-14,121,0,90+ days
39557,3691.47,2025-03-28,2026-02-26,335,0,90+ days
39558,3811.21,2026-02-02,null,null,0,No Repeat
39563,2398.63,2025-12-31,2026-01-21,21,1,8-30 days
39564,4350.52,2025-06-15,null,null,0,No Repeat
39570,9449.53,2025-03-29,2025-06-19,82,0,61-90 days
39573,1796.23,2025-03-07,2025-03-25,18,1,8-30 days
39578,9189.36,2025-07-07,2025-07-18,11,1,8-30 days
39579,8990.54,2025-09-29,2026-01-14,107,0,90+ days
39591,2945.13,2025-06-22,null,null,0,No Repeat
39612,5570.83,2025-05-30,2025-08-24,86,0,61-90 days
39616,5725.18,2025-08-11,2025-10-02,52,0,31-60 days
39621,5201.74,2025-03-04,2025-07-19,137,0,90+ days
39632,12410.15,2025-04-02,2025-05-17,45,0,31-60 days
39636,3575.86,2025-05-24,2025-08-19,87,0,61-90 days
39638,6589.33,2025-03-18,2025-11-03,230,0,90+ days
39639,6276.47,2025-11-28,2026-01-14,47,0,31-60 days
39642,1200.36,2025-05-24,null,null,0,No Repeat
39643,11049.68,2025-04-13,2025-08-24,133,0,90+ days
39645,9647.22,2025-03-28,2025-05-15,48,0,31-60 days
39651,9197.09,2025-04-30,2025-09-15,138,0,90+ days
39662,7023.55,2025-04-21,2025-05-12,21,1,8-30 days
39664,4550.84,2025-04-03,2025-08-09,128,0,90+ days
39665,6119.39,2025-09-30,2026-02-05,128,0,90+ days
39667,4937.51,2025-06-20,null,null,0,No Repeat
39668,3591.5,2025-06-26,2025-11-23,150,0,90+ days
39674,9590.66,2025-03-08,2025-06-27,111,0,90+ days
39676,4912.88,2025-05-22,2025-08-31,101,0,90+ days
39688,9410.86,2025-04-21,2025-05-26,35,0,31-60 days
39694,4744.9,2025-11-06,null,null,0,No Repeat
39712,6215.24,2025-08-08,2025-12-10,124,0,90+ days
39717,6530.2,2025-04-30,2025-08-23,115,0,90+ days
39718,4540.52,2025-09-18,null,null,0,No Repeat
39721,10672.16,2025-05-22,2025-07-18,57,0,31-60 days
39732,4964.72,2025-07-05,2025-07-16,11,1,8-30 days
39736,2299.92,2025-05-02,null,null,0,No Repeat
39742,2494.65,2025-11-21,null,null,0,No Repeat
39743,2246.79,2025-05-11,2025-06-08,28,1,8-30 days
39750,3511.49,2025-12-07,null,null,0,No Repeat
39759,12176.93,2025-04-10,2025-07-06,87,0,61-90 days
39761,5066.07,2025-03-06,2025-07-27,143,0,90+ days
39767,1276.51,2025-11-17,null,null,0,No Repeat
39773,4322.26,2025-12-27,null,null,0,No Repeat
39779,5554.03,2025-09-29,2025-12-12,74,0,61-90 days
39782,5681.58,2026-02-09,2026-02-22,13,1,8-30 days
39793,2470.66,2025-07-29,null,null,0,No Repeat
39794,5063.29,2025-12-27,2026-01-19,23,1,8-30 days
39795,922.31,2026-01-22,null,null,0,No Repeat
39796,7476.42,2025-08-20,2025-09-15,26,1,8-30 days
39805,3831.08,2025-07-17,null,null,0,No Repeat
39812,9925.09,2025-04-25,2025-07-30,96,0,90+ days
39818,2478.21,2025-07-30,2025-09-21,53,0,31-60 days
39820,6770.56,2025-10-06,2025-10-17,11,1,8-30 days
39831,7285.83,2025-06-05,2025-07-11,36,0,31-60 days
39844,2215.19,2025-11-30,null,null,0,No Repeat
39869,1955.77,2026-02-13,null,null,0,No Repeat
39879,1302.71,2025-10-02,null,null,0,No Repeat
39880,8663.58,2025-04-25,2025-09-10,138,0,90+ days
39881,8577.12,2025-05-30,2025-08-16,78,0,61-90 days
39884,10778.36,2025-07-25,2025-12-15,143,0,90+ days
39885,6189.94,2025-07-20,2025-07-31,11,1,8-30 days
39890,13362,2025-06-03,2025-07-10,37,0,31-60 days
39893,4733.03,2025-11-16,null,null,0,No Repeat
39909,8578.26,2025-04-24,2025-08-31,129,0,90+ days
39911,2852.91,2026-02-12,null,null,0,No Repeat
39913,4085.76,2025-07-21,null,null,0,No Repeat
39915,2028.42,2025-07-27,2025-08-07,11,1,8-30 days
39920,4262.84,2026-01-27,2026-02-11,15,1,8-30 days
39940,717.61,2025-06-07,null,null,0,No Repeat
39942,4897.17,2025-08-27,null,null,0,No Repeat
39944,3522.77,2026-01-11,null,null,0,No Repeat
39947,4182.02,2025-06-24,2025-10-10,108,0,90+ days
39968,3541.93,2026-02-01,null,null,0,No Repeat
39976,9600.35,2025-10-10,2025-12-30,81,0,61-90 days
39981,2038.18,2025-12-25,null,null,0,No Repeat
39985,6562.87,2025-07-24,2025-08-27,34,0,31-60 days
39992,3114.99,2025-07-01,null,null,0,No Repeat
39998,3801.82,2025-04-30,2025-07-05,66,0,61-90 days
40000,10273.39,2025-04-26,2025-05-11,15,1,8-30 days
40005,7300.8,2025-05-24,2025-09-22,121,0,90+ days
40019,3730.01,2025-07-22,null,null,0,No Repeat
40020,4740.98,2025-05-23,2025-09-13,113,0,90+ days
40021,8033.17,2025-06-15,2025-08-08,54,0,31-60 days
40022,5508.23,2025-03-21,2025-07-26,127,0,90+ days
40029,5097.02,2025-03-07,2025-07-10,125,0,90+ days
40030,4204.77,2025-09-22,null,null,0,No Repeat
40032,427.32,2025-04-24,null,null,0,No Repeat
40037,4587.51,2025-08-14,null,null,0,No Repeat
40046,1477.16,2025-04-02,null,null,0,No Repeat
40050,8307.71,2025-03-13,2026-01-23,316,0,90+ days
40070,12468.84,2025-11-30,2025-12-02,2,1,0-7 days
40076,6512.05,2025-10-17,2025-11-29,43,0,31-60 days
40082,2110.4,2025-08-01,null,null,0,No Repeat
40084,1816.15,2026-01-05,null,null,0,No Repeat
40093,1671.97,2025-12-27,2026-01-28,32,0,31-60 days
40094,10335.01,2025-05-11,2025-06-08,28,1,8-30 days
40104,4942.74,2025-03-26,null,null,0,No Repeat
40105,7200.78,2025-03-08,2025-09-15,191,0,90+ days
40110,7798.64,2025-11-07,2025-12-12,35,0,31-60 days
40111,3828.55,2025-10-07,null,null,0,No Repeat
40119,3254.76,2025-03-11,null,null,0,No Repeat
40126,5219.66,2025-06-03,2025-06-29,26,1,8-30 days
40145,4800.79,2026-01-01,null,null,0,No Repeat
40148,1898.54,2025-04-24,null,null,0,No Repeat
40156,10429.61,2025-03-01,2025-06-10,101,0,90+ days
40166,7232.33,2025-03-08,2025-04-25,48,0,31-60 days
40171,8644.23,2025-05-09,2025-07-30,82,0,61-90 days
40174,2860.87,2025-08-02,null,null,0,No Repeat
40185,3417.82,2025-10-02,null,null,0,No Repeat
40189,6125.97,2025-10-30,2025-11-09,10,1,8-30 days
40195,4973.41,2025-08-07,null,null,0,No Repeat
40204,499.76,2025-08-23,null,null,0,No Repeat
40205,7024.42,2025-03-09,2025-04-08,30,1,8-30 days
40207,5691.37,2025-11-01,2026-01-07,67,0,61-90 days
40218,8658.4,2025-04-24,2026-02-27,309,0,90+ days
40219,12198.97,2025-04-01,2025-11-22,235,0,90+ days
40249,4119.39,2025-08-19,null,null,0,No Repeat
40252,754.46,2025-03-08,null,null,0,No Repeat
40276,12341.05,2025-08-21,2025-08-24,3,1,0-7 days
40289,13517.75,2025-04-24,2025-04-27,3,1,0-7 days
40291,2318.27,2025-06-22,null,null,0,No Repeat
40294,4620.45,2025-12-13,null,null,0,No Repeat
40301,3625.96,2025-06-09,null,null,0,No Repeat
40307,8030.39,2025-03-14,2025-09-01,171,0,90+ days
40328,867.92,2025-04-02,null,null,0,No Repeat
40333,9477.34,2025-10-14,2026-02-08,117,0,90+ days
40346,4351.03,2025-05-20,2025-05-24,4,1,0-7 days
40356,6231.12,2025-09-15,2025-10-14,29,1,8-30 days
40370,411.39,2026-02-13,null,null,0,No Repeat
40371,8716.2,2025-07-15,2025-11-27,135,0,90+ days
40372,3815.8,2025-12-18,null,null,0,No Repeat
40386,2118.98,2025-04-29,2025-10-09,163,0,90+ days
40389,2425.91,2025-06-14,null,null,0,No Repeat
40390,5245.4,2025-05-18,2025-09-25,130,0,90+ days
40417,7748.84,2025-07-29,2025-08-29,31,0,31-60 days
40426,9229.64,2025-04-21,2025-06-16,56,0,31-60 days
40445,8986.92,2025-09-01,2025-11-09,69,0,61-90 days
40447,8203.05,2025-07-09,2025-08-11,33,0,31-60 days
40450,7255.71,2025-05-04,2025-07-18,75,0,61-90 days
40458,2275.28,2025-05-28,null,null,0,No Repeat
40463,4989.48,2025-08-25,null,null,0,No Repeat
40470,6343.5,2025-04-26,2025-12-30,248,0,90+ days
40475,606.94,2026-02-06,null,null,0,No Repeat
40484,10554.62,2025-06-01,2025-06-25,24,1,8-30 days
40485,7156.57,2025-10-29,2025-12-07,39,0,31-60 days
40487,14728.28,2025-03-28,2025-05-11,44,0,31-60 days
40491,4214.99,2026-01-30,null,null,0,No Repeat
40497,9569.52,2025-07-03,2025-10-13,102,0,90+ days
40505,240.54,2025-07-08,null,null,0,No Repeat
40507,4254.83,2025-07-14,2025-11-25,134,0,90+ days
40510,1961.7,2025-06-13,null,null,0,No Repeat
40513,1800.57,2025-07-04,null,null,0,No Repeat
40515,2230.43,2025-11-08,null,null,0,No Repeat
40532,11947.12,2025-03-13,2025-07-02,111,0,90+ days
40534,4604.98,2025-04-12,2026-01-26,289,0,90+ days
40536,4369.2,2025-07-04,null,null,0,No Repeat
40539,9913.88,2025-09-28,2025-11-04,37,0,31-60 days
40541,1845.45,2025-03-04,null,null,0,No Repeat
40545,3739.96,2025-05-15,2025-08-30,107,0,90+ days
40554,895.35,2025-03-30,null,null,0,No Repeat
40558,7266.43,2025-07-05,2025-08-31,57,0,31-60 days
40565,248.5,2025-11-06,null,null,0,No Repeat
40573,11924.41,2025-10-02,2025-10-21,19,1,8-30 days
40575,7055.52,2025-08-22,2025-11-09,79,0,61-90 days
40576,14161.34,2025-04-17,2025-08-04,109,0,90+ days
40577,4597.67,2025-11-08,null,null,0,No Repeat
40581,12922.31,2025-06-26,2025-08-27,62,0,61-90 days
40600,5305.47,2025-05-09,2025-07-26,78,0,61-90 days
40613,3847.69,2025-09-05,null,null,0,No Repeat
40618,5132.27,2025-03-13,2025-03-20,7,1,0-7 days
40620,3776.54,2025-08-08,null,null,0,No Repeat
40631,270.42,2025-05-11,null,null,0,No Repeat
40649,1841.86,2025-10-31,null,null,0,No Repeat
40668,339.25,2025-08-16,null,null,0,No Repeat
40671,4478.66,2025-10-16,null,null,0,No Repeat
40678,14077.75,2025-03-25,2025-04-05,11,1,8-30 days
40683,5132.45,2025-06-27,2026-01-24,211,0,90+ days
40685,4246,2025-09-18,null,null,0,No Repeat
40694,8805.71,2025-04-27,2025-08-26,121,0,90+ days
40698,4118.48,2025-07-17,2025-09-02,47,0,31-60 days
40700,12518.22,2025-04-03,2025-06-18,76,0,61-90 days
40707,5246.5,2025-09-27,2025-12-04,68,0,61-90 days
40709,8017.2,2025-07-09,2025-09-17,70,0,61-90 days
40711,5010.98,2025-10-03,2025-11-19,47,0,31-60 days
40713,1492.78,2025-07-21,null,null,0,No Repeat
40714,5089.34,2025-09-27,2026-02-06,132,0,90+ days
40716,4562.17,2025-10-14,2026-01-01,79,0,61-90 days
40717,16741.69,2025-04-11,2025-06-06,56,0,31-60 days
40719,4548.04,2025-07-12,null,null,0,No Repeat
40735,4368.7,2025-04-28,2026-01-18,265,0,90+ days
40740,5625.64,2025-05-15,2025-10-23,161,0,90+ days
40753,14357.89,2025-03-09,2025-07-23,136,0,90+ days
40759,3222.83,2025-08-23,2026-01-19,149,0,90+ days
40762,5554.44,2025-03-08,2025-09-08,184,0,90+ days
40763,302.76,2025-11-08,null,null,0,No Repeat
40776,1440.09,2025-07-14,null,null,0,No Repeat
40787,15117.19,2025-05-19,2025-09-01,105,0,90+ days
40788,2030.6,2025-12-25,null,null,0,No Repeat
40808,1206.49,2026-01-19,null,null,0,No Repeat
40811,2989.7,2025-07-03,null,null,0,No Repeat
40812,6746.36,2025-05-14,2025-06-25,42,0,31-60 days
40826,979.63,2025-12-17,null,null,0,No Repeat
40832,3978.46,2025-05-04,2025-07-30,87,0,61-90 days
40835,11047.14,2025-08-18,2025-11-09,83,0,61-90 days
40840,4890.88,2025-04-13,null,null,0,No Repeat
40841,334.27,2025-08-18,null,null,0,No Repeat
40850,8584.53,2025-03-12,2025-09-17,189,0,90+ days
40855,15917.74,2025-03-26,2025-04-23,28,1,8-30 days
40865,276.55,2025-04-25,null,null,0,No Repeat
40870,938.28,2025-04-18,null,null,0,No Repeat
40871,6869.55,2025-04-25,2026-02-13,294,0,90+ days
40874,6095.12,2025-11-09,2026-02-04,87,0,61-90 days
40875,10018.97,2025-03-23,2025-06-12,81,0,61-90 days
40878,3921.77,2025-11-14,2026-01-18,65,0,61-90 days
40884,3588.79,2025-03-24,null,null,0,No Repeat
40895,4054.64,2025-12-31,null,null,0,No Repeat
40899,5395.86,2025-08-19,2026-02-12,177,0,90+ days
40904,9117.61,2025-03-03,2025-12-18,290,0,90+ days
40913,9081.07,2025-03-08,2025-03-21,13,1,8-30 days
40915,4724.64,2025-03-20,2025-04-20,31,0,31-60 days
40930,4237.51,2025-07-23,2025-09-29,68,0,61-90 days
40933,3927.48,2025-03-09,2026-01-21,318,0,90+ days
40940,4420.25,2025-04-29,2025-06-30,62,0,61-90 days
40944,5222.03,2025-06-02,2025-08-17,76,0,61-90 days
40947,4176.62,2025-10-25,2025-11-04,10,1,8-30 days
40950,4877.43,2025-05-28,2025-11-13,169,0,90+ days
40955,6927.77,2025-08-28,2025-11-07,71,0,61-90 days
40960,2666.36,2025-09-26,null,null,0,No Repeat
40962,6299.2,2025-08-24,2026-01-21,150,0,90+ days
40963,4417.72,2025-07-25,null,null,0,No Repeat
40964,6074.21,2025-12-22,2026-02-25,65,0,61-90 days
40967,4011.44,2025-07-28,2025-12-23,148,0,90+ days
40974,5801.62,2025-03-22,2025-06-30,100,0,90+ days
40975,8747.35,2025-03-15,2025-05-24,70,0,61-90 days
40977,1137,2025-08-01,null,null,0,No Repeat
41000,5743.59,2025-06-28,2026-02-04,221,0,90+ days
41001,3863.33,2025-04-08,2025-06-20,73,0,61-90 days
41003,987.92,2026-02-01,null,null,0,No Repeat
41004,6110.66,2025-05-12,2025-12-17,219,0,90+ days
41013,867.61,2025-12-28,null,null,0,No Repeat
41019,5867.9,2025-07-22,2025-08-29,38,0,31-60 days
41022,1184.01,2025-08-31,null,null,0,No Repeat
41038,8837.8,2025-04-06,2025-07-15,100,0,90+ days
41045,4314.4,2025-06-23,null,null,0,No Repeat
41051,1275.5,2025-06-06,null,null,0,No Repeat
41055,257.56,2025-11-21,null,null,0,No Repeat
41060,4787.2,2025-03-16,null,null,0,No Repeat
41066,1722.73,2025-09-02,null,null,0,No Repeat
41068,3909.2,2025-04-21,2025-11-11,204,0,90+ days
41071,10760.34,2025-06-29,2025-09-12,75,0,61-90 days
41075,5382.37,2025-08-28,2025-11-29,93,0,90+ days
41096,3216.01,2025-09-26,2025-12-09,74,0,61-90 days
41119,416.61,2025-12-06,null,null,0,No Repeat
41121,10001.48,2025-06-25,2026-01-08,197,0,90+ days
41126,1826.89,2025-05-28,null,null,0,No Repeat
41130,6816.75,2025-04-01,2025-06-12,72,0,61-90 days
41135,11043.02,2025-03-24,2025-09-12,172,0,90+ days
41139,16158.82,2025-07-01,2025-08-10,40,0,31-60 days
41146,11411.81,2025-03-04,2025-04-10,37,0,31-60 days
41151,4624.55,2025-08-19,null,null,0,No Repeat
41155,6565.15,2025-07-09,2025-12-12,156,0,90+ days
41162,3612.14,2025-11-17,null,null,0,No Repeat
41168,962.94,2025-05-05,null,null,0,No Repeat
41181,3732.79,2025-12-21,null,null,0,No Repeat
41182,10041.55,2025-06-19,2025-11-15,149,0,90+ days
41191,1518.24,2025-11-11,null,null,0,No Repeat
41194,10472.45,2025-04-15,2025-04-16,1,1,0-7 days
41195,7098.99,2025-03-01,2025-05-02,62,0,61-90 days
41205,3279.37,2025-04-09,null,null,0,No Repeat
41209,12924.08,2025-06-09,2025-12-12,186,0,90+ days
41212,7201.26,2025-09-30,2025-10-20,20,1,8-30 days
41214,4966.16,2025-08-22,2026-02-22,184,0,90+ days
41223,4126.78,2025-04-12,2025-12-18,250,0,90+ days
41226,8234.43,2025-07-24,2026-01-03,163,0,90+ days
41227,6515.53,2025-08-13,2025-08-22,9,1,8-30 days
41230,4506.48,2025-08-07,null,null,0,No Repeat
41242,2207.59,2025-07-29,null,null,0,No Repeat
41275,6248.54,2025-10-19,2025-11-18,30,1,8-30 days
41291,6795.9,2025-05-13,2025-08-25,104,0,90+ days
41294,6699.61,2025-04-03,2025-10-03,183,0,90+ days
41306,6289.45,2025-07-22,2025-08-25,34,0,31-60 days
41313,2889.93,2025-10-19,null,null,0,No Repeat
41328,2254.62,2025-09-28,2026-02-16,141,0,90+ days
41335,4808.13,2025-06-26,null,null,0,No Repeat
41344,2278.88,2025-03-17,null,null,0,No Repeat
41358,4615.31,2025-07-04,null,null,0,No Repeat
41370,3847.93,2025-06-25,2025-08-24,60,0,31-60 days
41372,9720.75,2025-06-10,2025-06-17,7,1,0-7 days
41374,7940.57,2025-03-05,2025-11-15,255,0,90+ days
41376,4745.42,2025-08-05,null,null,0,No Repeat
41382,6555.62,2025-03-29,2025-09-01,156,0,90+ days
41392,6180.2,2025-05-24,2025-06-11,18,1,8-30 days
41394,4858.28,2026-02-04,null,null,0,No Repeat
41398,350.43,2025-08-31,null,null,0,No Repeat
41405,7335.06,2025-11-24,2025-12-20,26,1,8-30 days
41414,12620.36,2025-05-09,2025-12-19,224,0,90+ days
41417,5402.56,2025-07-01,2026-01-12,195,0,90+ days
41429,2003.79,2025-03-09,null,null,0,No Repeat
41444,9420.5,2025-03-30,2025-09-08,162,0,90+ days
41445,3324.43,2025-07-07,null,null,0,No Repeat
41446,3268.91,2026-01-14,null,null,0,No Repeat
41449,4276.11,2025-06-30,null,null,0,No Repeat
41452,1796.9,2025-11-11,null,null,0,No Repeat
41455,1123.06,2025-04-13,null,null,0,No Repeat
41461,4564.02,2025-06-18,2025-07-01,13,1,8-30 days
41463,5993.25,2025-03-22,2025-05-30,69,0,61-90 days
41471,4251.91,2025-09-12,2025-11-21,70,0,61-90 days
41474,4007.07,2025-09-26,2025-10-18,22,1,8-30 days
41494,4379.6,2025-03-02,2025-11-14,257,0,90+ days
41498,9648.47,2025-05-17,2025-06-20,34,0,31-60 days
41510,9100.39,2025-10-30,2025-11-07,8,1,8-30 days
41511,6316.71,2025-12-20,2026-01-24,35,0,31-60 days
41532,5145.22,2025-04-08,2025-07-18,101,0,90+ days
41535,3817.37,2025-07-11,2025-11-19,131,0,90+ days
41542,3869.06,2025-05-14,null,null,0,No Repeat
41570,1139.63,2025-12-19,null,null,0,No Repeat
41574,3691.66,2025-10-10,null,null,0,No Repeat
41592,4737.21,2025-05-28,null,null,0,No Repeat
41600,2453.1,2025-09-11,null,null,0,No Repeat
41612,1513.05,2025-06-07,null,null,0,No Repeat
41630,1478.37,2025-05-16,null,null,0,No Repeat
41648,12475.16,2025-04-11,2025-04-14,3,1,0-7 days
41654,14814.69,2025-08-02,2025-08-09,7,1,0-7 days
41657,5413.74,2025-05-26,2025-07-15,50,0,31-60 days
41663,4062.7,2025-12-30,null,null,0,No Repeat
41674,2710.85,2026-01-08,null,null,0,No Repeat
41675,5312.97,2025-05-24,2025-07-31,68,0,61-90 days
41678,4729.3,2025-08-25,null,null,0,No Repeat
41684,9107.62,2025-05-28,2025-10-18,143,0,90+ days
41687,8601.56,2025-04-27,2025-06-07,41,0,31-60 days
41701,3856.22,2025-09-02,2025-11-06,65,0,61-90 days
41703,8023.04,2025-05-02,2026-02-27,301,0,90+ days
41710,4179.08,2025-06-13,2025-06-30,17,1,8-30 days
41718,7453.26,2025-04-24,2025-09-13,142,0,90+ days
41722,2243.22,2025-12-25,null,null,0,No Repeat
41727,5896.57,2025-11-01,2025-12-07,36,0,31-60 days
41734,4225.64,2025-04-28,2025-07-01,64,0,61-90 days
41743,327.93,2025-07-18,null,null,0,No Repeat
41764,4238.68,2025-03-16,2025-05-07,52,0,31-60 days
41779,7343.8,2025-03-06,2025-03-29,23,1,8-30 days
41788,1418.98,2025-10-12,2026-02-08,119,0,90+ days
41792,3583.64,2025-12-30,null,null,0,No Repeat
41801,8334.74,2025-04-14,2025-04-30,16,1,8-30 days
41811,5193.64,2025-04-19,2025-05-28,39,0,31-60 days
41831,4165.35,2026-01-14,2026-02-14,31,0,31-60 days
41836,7983.78,2025-03-06,2025-04-30,55,0,31-60 days
41863,9753.12,2025-03-16,2025-10-13,211,0,90+ days
41870,1236.1,2026-01-19,2026-02-28,40,0,31-60 days
41880,2852.91,2025-12-22,2025-12-29,7,1,0-7 days
41883,9336.63,2025-05-11,2025-06-18,38,0,31-60 days
41885,8997.43,2025-10-01,2026-01-02,93,0,90+ days
41886,6512.66,2025-05-12,2025-12-22,224,0,90+ days
41894,4431.43,2025-06-08,null,null,0,No Repeat
41896,2138.8,2026-01-29,null,null,0,No Repeat
41902,4371.52,2025-06-12,null,null,0,No Repeat
41931,2229.57,2025-06-23,null,null,0,No Repeat
41940,6172.23,2025-10-18,2026-01-30,104,0,90+ days
41941,9751.91,2025-04-11,2025-04-17,6,1,0-7 days
41959,7007.24,2025-04-13,2025-10-08,178,0,90+ days
41970,587.63,2025-06-23,null,null,0,No Repeat
41975,1536.11,2026-01-14,null,null,0,No Repeat
41982,3282.76,2025-11-29,null,null,0,No Repeat
41983,13941.58,2025-06-25,2025-07-28,33,0,31-60 days
41993,4705.74,2025-10-17,null,null,0,No Repeat
42003,7381.12,2025-04-28,2025-04-28,0,1,0-7 days
42006,4199.23,2025-06-26,2025-07-27,31,0,31-60 days
42014,2077.3,2025-09-20,null,null,0,No Repeat
42015,3704.52,2025-11-19,null,null,0,No Repeat
42037,3586.69,2025-10-08,null,null,0,No Repeat
42039,6158.89,2025-10-15,2025-10-20,5,1,0-7 days
42060,6316.9,2025-10-13,2025-11-16,34,0,31-60 days
42063,1289.62,2025-11-06,2025-11-30,24,1,8-30 days
42068,5692.6,2025-05-11,2025-06-22,42,0,31-60 days
42079,5016.89,2025-03-19,2025-09-14,179,0,90+ days
42083,8986.32,2025-06-09,2025-12-12,186,0,90+ days
42103,10933.12,2025-05-25,2025-11-12,171,0,90+ days
42105,5150.52,2025-09-01,2025-12-10,100,0,90+ days
42109,4761.67,2025-03-16,2025-12-16,275,0,90+ days
42112,8280.31,2025-04-10,2025-11-17,221,0,90+ days
42118,9026.4,2025-05-05,2025-07-26,82,0,61-90 days
42125,6670.01,2025-04-12,2025-11-21,223,0,90+ days
42128,3432.98,2025-04-30,2026-02-13,289,0,90+ days
42132,4008.59,2025-08-03,null,null,0,No Repeat
42136,489.09,2026-01-26,null,null,0,No Repeat
42140,5767.64,2025-03-17,2025-05-05,49,0,31-60 days
42141,4338.64,2025-07-12,2025-09-03,53,0,31-60 days
42149,3367.4,2026-02-06,null,null,0,No Repeat
42156,4806.96,2025-08-31,2026-02-20,173,0,90+ days
42157,4012.71,2025-12-26,null,null,0,No Repeat
42170,10823.72,2025-03-28,2025-09-30,186,0,90+ days
42174,2270.76,2025-04-13,2025-07-30,108,0,90+ days
42205,6073.49,2025-11-02,2025-12-01,29,1,8-30 days
42207,2952.76,2026-02-08,null,null,0,No Repeat
42209,5750.49,2025-05-08,2025-09-26,141,0,90+ days
42221,1908.11,2025-10-25,null,null,0,No Repeat
42232,3335.67,2025-11-26,null,null,0,No Repeat
42239,737.3,2025-06-27,null,null,0,No Repeat
42243,4760.62,2026-01-29,null,null,0,No Repeat
42248,3824.88,2025-07-06,null,null,0,No Repeat
42254,4362.16,2025-07-15,2026-01-28,197,0,90+ days
42258,7329.64,2025-03-04,2025-08-16,165,0,90+ days
42263,10227.4,2025-03-24,2025-07-20,118,0,90+ days
42276,342.69,2025-09-01,null,null,0,No Repeat
42281,6090.82,2025-04-25,2025-10-17,175,0,90+ days
42282,4987.18,2025-03-12,2025-04-06,25,1,8-30 days
42289,507.75,2025-11-17,null,null,0,No Repeat
42296,705.22,2025-10-14,null,null,0,No Repeat
42313,2816.04,2026-02-23,null,null,0,No Repeat
42316,5624.87,2025-08-10,2025-11-20,102,0,90+ days
42324,1060.09,2025-06-08,null,null,0,No Repeat
42327,4905.32,2025-03-03,2025-05-30,88,0,61-90 days
42338,1242.66,2025-03-12,2026-02-26,351,0,90+ days
42350,521.5,2025-08-01,null,null,0,No Repeat
42355,2203.6,2025-11-09,null,null,0,No Repeat
42368,4103.44,2025-04-19,2025-06-09,51,0,31-60 days
42376,8563.64,2025-07-13,2025-10-07,86,0,61-90 days
42386,9213.36,2025-03-19,2025-05-06,48,0,31-60 days
42392,6244.23,2025-06-13,2025-12-16,186,0,90+ days
42407,3504.6,2025-03-20,2025-08-31,164,0,90+ days
42415,11790.77,2025-05-09,2025-09-13,127,0,90+ days
42429,2141.91,2025-08-29,null,null,0,No Repeat
42443,5287.91,2025-07-27,2025-08-08,12,1,8-30 days
42458,1311.94,2025-10-10,null,null,0,No Repeat
42459,4276.71,2025-04-20,null,null,0,No Repeat
42469,6564.68,2025-05-19,2025-09-06,110,0,90+ days
42474,8223.04,2025-03-24,2025-05-30,67,0,61-90 days
42486,2077.72,2025-04-21,null,null,0,No Repeat
42490,9817.4,2025-03-09,2025-10-02,207,0,90+ days
42500,5992.25,2025-03-21,2025-07-05,106,0,90+ days
42501,337.31,2025-12-24,null,null,0,No Repeat
42512,10131.22,2025-07-29,2025-11-02,96,0,90+ days
42520,3923.16,2025-06-05,null,null,0,No Repeat
42533,923.37,2025-08-02,null,null,0,No Repeat
42547,5808.47,2025-08-28,2025-09-05,8,1,8-30 days
42564,8936.73,2025-04-24,2025-05-05,11,1,8-30 days
42569,4217.54,2025-07-21,null,null,0,No Repeat
42599,4133.08,2025-08-30,2025-12-13,105,0,90+ days
42603,4169.49,2025-12-20,2026-02-16,58,0,31-60 days
42617,8534.96,2025-04-17,2025-05-04,17,1,8-30 days
42618,621.8,2025-11-21,null,null,0,No Repeat
42619,9060.53,2025-03-08,2025-09-19,195,0,90+ days
42624,13211.04,2025-05-01,2025-05-17,16,1,8-30 days
42628,417.07,2025-10-24,null,null,0,No Repeat
42636,1973.85,2025-11-23,null,null,0,No Repeat
42644,3930.04,2025-03-09,null,null,0,No Repeat
42646,2183.07,2025-03-17,2025-11-17,245,0,90+ days
42647,7608.34,2025-05-23,2025-07-24,62,0,61-90 days
42649,9049.93,2025-03-22,2025-08-03,134,0,90+ days
42652,3641.79,2026-01-04,null,null,0,No Repeat
42659,3058.65,2025-11-18,2025-12-18,30,1,8-30 days
42670,2032.49,2026-02-24,null,null,0,No Repeat
42672,790.52,2025-08-30,null,null,0,No Repeat
42683,10404.19,2025-06-08,2025-07-27,49,0,31-60 days
42693,1892.36,2025-10-03,null,null,0,No Repeat
42705,2660.23,2025-09-11,2026-02-06,148,0,90+ days
42714,4436.9,2025-04-24,2026-01-03,254,0,90+ days
42715,5798.49,2025-05-21,2026-01-29,253,0,90+ days
42718,2035.29,2025-06-26,null,null,0,No Repeat
42722,3307.42,2025-03-16,null,null,0,No Repeat
42729,1168.81,2025-03-22,null,null,0,No Repeat
42744,14600.24,2025-03-10,2025-06-16,98,0,90+ days
42745,2482.78,2025-04-26,2025-11-01,189,0,90+ days
42750,6664.29,2025-12-23,2026-02-22,61,0,61-90 days
42762,5388.61,2025-04-10,2025-08-14,126,0,90+ days
42770,7055.09,2025-06-11,2025-09-13,94,0,90+ days
42773,3089.03,2025-04-24,null,null,0,No Repeat
42774,4268.23,2025-08-07,null,null,0,No Repeat
42776,4864.04,2025-05-04,2025-11-24,204,0,90+ days
42778,993.89,2025-03-19,null,null,0,No Repeat
42779,4564.85,2026-02-09,null,null,0,No Repeat
42780,7038.85,2025-11-09,2025-11-19,10,1,8-30 days
42790,2266.13,2025-05-22,2025-06-26,35,0,31-60 days
42791,7641.85,2025-05-10,2025-08-29,111,0,90+ days
42793,1981.93,2025-12-04,2026-01-24,51,0,31-60 days
42794,882.9,2025-09-17,null,null,0,No Repeat
42797,5132.19,2025-07-26,2025-08-10,15,1,8-30 days
42799,8309.85,2025-12-24,2026-02-07,45,0,31-60 days
42808,673.34,2025-07-29,null,null,0,No Repeat
42815,8779.62,2025-03-19,2025-05-06,48,0,31-60 days
42818,5940.04,2025-07-11,2026-02-18,222,0,90+ days
42824,792.16,2025-09-05,null,null,0,No Repeat
42831,9276.33,2025-05-31,2025-12-16,199,0,90+ days
42836,598.8,2025-05-26,null,null,0,No Repeat
42837,2486.56,2025-09-05,null,null,0,No Repeat
42838,10713.98,2025-07-06,2025-08-23,48,0,31-60 days
42839,3764.69,2025-12-23,2026-02-25,64,0,61-90 days
42842,5232.71,2025-06-16,2025-12-15,182,0,90+ days
42851,3715.89,2025-08-25,2025-12-21,118,0,90+ days
42853,4554.29,2025-09-08,null,null,0,No Repeat
42854,1913.47,2025-12-18,null,null,0,No Repeat
42855,4607.02,2026-01-20,null,null,0,No Repeat
42867,11150.51,2025-03-28,2025-05-09,42,0,31-60 days
42871,3461.29,2025-03-27,2025-07-29,124,0,90+ days
42880,717.94,2026-02-03,null,null,0,No Repeat
42881,4474.05,2025-12-17,null,null,0,No Repeat
42886,1577.78,2025-10-02,null,null,0,No Repeat
42888,9556.01,2025-05-05,2025-05-17,12,1,8-30 days
42889,1715.51,2025-12-09,null,null,0,No Repeat
42891,5393.22,2025-08-13,2026-01-19,159,0,90+ days
42895,2203.46,2025-05-03,null,null,0,No Repeat
42896,640.02,2025-07-29,null,null,0,No Repeat
42899,4891.42,2025-09-03,null,null,0,No Repeat
42900,13159.17,2025-05-13,2025-06-22,40,0,31-60 days
42902,3783.13,2025-11-20,2026-01-28,69,0,61-90 days
42904,14044.71,2025-03-21,2025-10-10,203,0,90+ days
42906,1722.39,2026-01-20,null,null,0,No Repeat
42917,4648.36,2026-01-19,null,null,0,No Repeat
42922,12897.14,2025-03-05,2025-07-04,121,0,90+ days
42925,9086.82,2025-07-11,2025-09-23,74,0,61-90 days
42941,2571.16,2025-06-16,null,null,0,No Repeat
42953,3987.73,2026-01-02,null,null,0,No Repeat
42958,8400.99,2025-06-04,2025-10-27,145,0,90+ days
42964,18260.97,2025-04-07,2025-04-16,9,1,8-30 days
42967,7002.43,2025-10-15,2025-12-28,74,0,61-90 days
42968,5971.87,2025-05-05,2025-07-14,70,0,61-90 days
42973,3441.36,2026-02-12,null,null,0,No Repeat
42975,7810.51,2025-11-09,2025-12-01,22,1,8-30 days
42976,3418.72,2025-05-19,null,null,0,No Repeat
42994,5374.75,2025-06-21,2025-07-09,18,1,8-30 days
42998,2647.76,2025-03-17,null,null,0,No Repeat
43001,3886.32,2026-02-04,null,null,0,No Repeat
43004,227.34,2025-08-07,null,null,0,No Repeat
43006,2870.1,2025-12-21,2026-01-19,29,1,8-30 days
43012,4489.09,2025-07-10,null,null,0,No Repeat
43038,1695.22,2025-07-05,null,null,0,No Repeat
43044,1479.97,2025-11-15,null,null,0,No Repeat
43062,2582.33,2025-12-02,null,null,0,No Repeat
43066,5435.51,2025-07-06,2025-08-01,26,1,8-30 days
43069,2963.95,2025-07-20,null,null,0,No Repeat
43087,6353.05,2025-04-13,2026-01-17,279,0,90+ days
43091,3282.2,2026-02-26,null,null,0,No Repeat
43093,3024.09,2025-07-23,null,null,0,No Repeat
43103,1054.03,2025-04-21,null,null,0,No Repeat
43105,10769.81,2025-03-12,2025-07-29,139,0,90+ days
43120,8269.15,2025-05-03,2026-02-14,287,0,90+ days
43125,487.8,2025-08-18,null,null,0,No Repeat
43128,3113.46,2025-08-08,2025-08-25,17,1,8-30 days
43129,787.93,2025-08-14,null,null,0,No Repeat
43134,651.6,2025-10-14,null,null,0,No Repeat
43138,9025.94,2025-05-03,2025-05-06,3,1,0-7 days
43143,1922.14,2025-06-16,null,null,0,No Repeat
43147,4559.37,2026-02-20,null,null,0,No Repeat
43151,10607.04,2025-04-01,2025-04-07,6,1,0-7 days
43156,2942.85,2025-11-06,null,null,0,No Repeat
43160,6950.28,2025-04-06,2025-07-04,89,0,61-90 days
43163,2372.19,2025-10-11,2025-11-13,33,0,31-60 days
43166,812.5,2025-07-26,2025-12-02,129,0,90+ days
43170,10674.08,2025-03-01,2025-04-22,52,0,31-60 days
43176,3009.21,2026-01-17,null,null,0,No Repeat
43181,11499.67,2025-05-15,2025-06-27,43,0,31-60 days
43187,3193.62,2025-06-13,2025-07-21,38,0,31-60 days
43191,707.94,2025-03-23,null,null,0,No Repeat
43193,3438,2025-11-14,null,null,0,No Repeat
43197,500.38,2025-09-17,null,null,0,No Repeat
43199,9019.23,2025-03-29,2025-05-29,61,0,61-90 days
43204,6876.57,2025-04-12,2025-07-23,102,0,90+ days
43207,4622.98,2025-03-21,null,null,0,No Repeat
43208,6920.7,2025-05-27,2025-12-14,201,0,90+ days
43214,1531.8,2025-09-04,null,null,0,No Repeat
43219,2906.93,2025-12-01,null,null,0,No Repeat
43232,7721.62,2025-04-18,2025-07-27,100,0,90+ days
43233,2663.26,2026-01-08,null,null,0,No Repeat
43242,3681.95,2025-06-28,2026-01-15,201,0,90+ days
43246,5518.71,2025-03-23,2026-02-03,317,0,90+ days
43267,1678.24,2025-03-16,null,null,0,No Repeat
43275,7658.94,2025-06-16,2025-09-14,90,0,61-90 days
43277,3970.98,2025-05-16,null,null,0,No Repeat
43280,6450.33,2026-01-12,2026-02-06,25,1,8-30 days
43284,2806.43,2025-03-08,2025-10-08,214,0,90+ days
43300,1363.24,2025-09-11,null,null,0,No Repeat
43302,5826.49,2025-07-16,2025-11-29,136,0,90+ days
43308,4820.04,2025-07-26,2025-08-08,13,1,8-30 days
43316,4637.69,2025-03-18,2025-09-10,176,0,90+ days
43318,7539.14,2025-09-21,2026-02-09,141,0,90+ days
43325,3699.33,2026-01-28,null,null,0,No Repeat
43327,983.88,2025-11-22,null,null,0,No Repeat
43332,11144.28,2025-05-14,2025-10-16,155,0,90+ days
43334,4490.8,2025-10-02,2025-12-24,83,0,61-90 days
43341,4181.89,2025-10-21,null,null,0,No Repeat
43342,9254.07,2025-07-02,2025-12-20,171,0,90+ days
43351,2257.26,2025-07-06,null,null,0,No Repeat
43353,2091.86,2025-03-13,null,null,0,No Repeat
43355,7486.08,2025-03-24,2025-04-17,24,1,8-30 days
43356,3175.74,2025-09-19,null,null,0,No Repeat
43407,7605.59,2025-07-12,2026-02-27,230,0,90+ days
43413,988.68,2025-08-24,null,null,0,No Repeat
43425,8028.22,2025-03-29,2025-06-20,83,0,61-90 days
43432,2544.19,2025-10-03,2026-02-19,139,0,90+ days
43436,3653.97,2025-08-28,null,null,0,No Repeat
43446,10127.18,2025-03-17,2025-10-15,212,0,90+ days
43448,4405.98,2025-05-11,null,null,0,No Repeat
43451,4230.74,2026-01-30,null,null,0,No Repeat
43452,2370.15,2025-08-04,null,null,0,No Repeat
43460,4442.74,2025-03-21,2025-11-11,235,0,90+ days
43486,11806.91,2025-06-11,2025-07-15,34,0,31-60 days
43489,6889.49,2025-04-26,2025-05-13,17,1,8-30 days
43493,7737.57,2025-10-17,2025-10-24,7,1,0-7 days
43497,4075.99,2025-04-10,2026-01-26,291,0,90+ days
43498,4791.05,2025-06-29,2025-10-29,122,0,90+ days
43511,6431.68,2025-04-11,2025-08-16,127,0,90+ days
43512,5896.25,2025-04-17,2025-08-25,130,0,90+ days
43515,9029.6,2025-10-28,2026-01-05,69,0,61-90 days
43519,8486.73,2025-09-19,2025-09-30,11,1,8-30 days
43520,3939.02,2025-03-18,null,null,0,No Repeat
43521,1041.49,2025-10-08,null,null,0,No Repeat
43528,4990.47,2025-05-03,null,null,0,No Repeat
43533,7195.96,2025-03-09,2025-10-22,227,0,90+ days
43549,909.52,2025-09-07,null,null,0,No Repeat
43587,7006.31,2025-04-18,2025-08-31,135,0,90+ days
43591,4698.84,2025-12-02,2025-12-22,20,1,8-30 days
43600,4910,2025-04-06,null,null,0,No Repeat
43604,5035.12,2025-03-08,2026-01-02,300,0,90+ days
43622,3261.58,2025-08-06,2025-10-12,67,0,61-90 days
43630,6586.83,2025-08-10,2025-12-12,124,0,90+ days
43641,2651.09,2025-08-13,null,null,0,No Repeat
43644,5519.75,2025-12-12,2025-12-14,2,1,0-7 days
43646,4255.39,2025-12-02,2025-12-31,29,1,8-30 days
43659,3360.57,2025-04-20,null,null,0,No Repeat
43667,330.73,2025-11-21,null,null,0,No Repeat
43676,3071.81,2025-04-13,2025-09-11,151,0,90+ days
43679,3180.24,2025-12-20,null,null,0,No Repeat
43683,3616.32,2025-11-30,2025-12-09,9,1,8-30 days
43708,1247.84,2025-11-20,null,null,0,No Repeat
43714,3000.71,2025-05-01,null,null,0,No Repeat
43716,4762.85,2025-04-12,2025-07-22,101,0,90+ days
43724,6999.76,2025-11-24,2026-01-17,54,0,31-60 days
43728,18697.58,2025-03-26,2025-03-29,3,1,0-7 days
43732,7706.2,2025-07-19,2026-01-17,182,0,90+ days
43733,12678.81,2025-07-18,2025-09-12,56,0,31-60 days
43741,1331.13,2025-12-20,null,null,0,No Repeat
43746,10684.58,2025-03-13,2025-07-23,132,0,90+ days
43762,4896.82,2025-10-02,null,null,0,No Repeat
43771,5811.16,2025-05-14,2025-05-17,3,1,0-7 days
43772,4227.83,2025-10-19,null,null,0,No Repeat
43774,4601.37,2026-01-28,null,null,0,No Repeat
43785,466.62,2025-11-08,null,null,0,No Repeat
43794,987.38,2026-01-28,null,null,0,No Repeat
43805,8600.71,2025-06-08,2025-07-09,31,0,31-60 days
43808,12028.71,2025-11-07,2025-11-28,21,1,8-30 days
43813,11116.93,2025-06-20,2025-08-08,49,0,31-60 days
43816,2472.47,2025-11-30,null,null,0,No Repeat
43818,1312.29,2025-06-22,null,null,0,No Repeat
43833,1081.08,2025-06-23,null,null,0,No Repeat
43834,13664.04,2025-03-08,2025-06-15,99,0,90+ days
43836,11098.51,2026-01-03,2026-01-19,16,1,8-30 days
43837,3256.64,2025-03-26,2025-04-16,21,1,8-30 days
43842,8416.05,2025-03-22,2025-04-29,38,0,31-60 days
43852,7525.86,2025-06-27,2025-08-01,35,0,31-60 days
43853,4789.9,2025-07-21,2025-10-06,77,0,61-90 days
43864,2234.37,2025-07-28,null,null,0,No Repeat
43865,3624.6,2025-03-18,null,null,0,No Repeat
43866,4894.98,2025-03-26,2025-05-29,64,0,61-90 days
43872,4180.21,2025-04-16,null,null,0,No Repeat
43874,414.28,2026-01-30,null,null,0,No Repeat
43875,4515.19,2025-07-15,2026-01-04,173,0,90+ days
43879,1987.82,2025-09-25,null,null,0,No Repeat
43882,936.29,2025-08-14,null,null,0,No Repeat
43883,3496.76,2025-07-25,null,null,0,No Repeat
43885,4815.36,2025-03-15,2025-04-14,30,1,8-30 days
43895,9129.77,2025-04-15,2025-05-22,37,0,31-60 days
43902,5908.45,2025-08-20,2025-10-22,63,0,61-90 days
43904,8795.34,2025-07-05,2026-01-11,190,0,90+ days
43911,5734.56,2025-07-05,2025-07-27,22,1,8-30 days
43914,9267.79,2025-05-27,2025-09-29,125,0,90+ days
43916,5559.01,2025-09-19,2025-11-08,50,0,31-60 days
43935,15523.71,2025-08-24,2025-08-25,1,1,0-7 days
43936,17399.05,2025-08-04,2025-08-09,5,1,0-7 days
43947,4509.47,2025-03-01,2025-05-10,70,0,61-90 days
43956,2743.92,2025-06-12,2025-10-07,117,0,90+ days
43959,7310.61,2026-01-03,2026-01-28,25,1,8-30 days
43963,4678.02,2025-06-08,2025-12-11,186,0,90+ days
43972,13840.6,2025-09-15,2025-09-23,8,1,8-30 days
43982,5438.04,2026-01-15,2026-01-16,1,1,0-7 days
43990,3451.32,2025-10-11,null,null,0,No Repeat
43993,3335.33,2025-04-29,2025-11-02,187,0,90+ days
43996,12891.86,2025-06-20,2025-09-19,91,0,90+ days
43997,2015.13,2025-11-04,null,null,0,No Repeat
44006,8797.59,2025-07-24,2026-02-21,212,0,90+ days
44008,3716.18,2025-11-17,2025-12-12,25,1,8-30 days
44012,5995.04,2025-03-07,2025-06-27,112,0,90+ days
44019,4710.98,2025-11-10,null,null,0,No Repeat
44025,12289.21,2025-05-15,2025-11-27,196,0,90+ days
44033,2712.87,2025-03-08,null,null,0,No Repeat
44036,6021.92,2025-03-09,2025-11-06,242,0,90+ days
44041,10699.09,2025-05-16,2025-07-07,52,0,31-60 days
44047,5426.82,2025-04-03,2025-11-19,230,0,90+ days
44048,4860.85,2026-01-06,null,null,0,No Repeat
44058,1890.11,2025-04-19,null,null,0,No Repeat
44070,963.37,2025-04-17,null,null,0,No Repeat
44073,3515.2,2025-07-21,2025-12-03,135,0,90+ days
44085,7110.56,2025-03-18,2025-07-15,119,0,90+ days
44097,2038.07,2025-03-01,null,null,0,No Repeat
44125,16606.1,2025-06-16,2025-06-28,12,1,8-30 days
44130,9068.79,2025-06-05,2025-07-14,39,0,31-60 days
44140,3076.56,2025-12-04,null,null,0,No Repeat
44146,4187.84,2025-10-25,null,null,0,No Repeat
44154,4151.17,2026-01-21,null,null,0,No Repeat
44156,11332.64,2025-05-21,2025-09-26,128,0,90+ days
44158,16618.51,2025-06-14,2025-07-04,20,1,8-30 days
44159,14434.21,2025-03-08,2025-03-16,8,1,8-30 days
44162,7508.38,2025-08-13,2025-08-27,14,1,8-30 days
44174,4510.94,2025-08-20,2025-09-07,18,1,8-30 days
44180,7736.68,2026-01-11,2026-02-24,44,0,31-60 days
44181,7722.25,2025-09-21,2025-10-29,38,0,31-60 days
44182,4618.23,2025-04-30,2025-05-26,26,1,8-30 days
44192,6703.49,2025-09-06,2025-10-08,32,0,31-60 days
44195,9738.07,2025-11-27,2026-01-22,56,0,31-60 days
44197,706.71,2025-12-13,null,null,0,No Repeat
44200,7390.78,2025-03-20,2025-10-15,209,0,90+ days
44209,4611.26,2025-06-02,2025-12-19,200,0,90+ days
44214,3405.64,2025-11-13,null,null,0,No Repeat
44215,6609.23,2025-07-23,2026-01-30,191,0,90+ days
44222,7785.33,2025-04-06,2026-01-16,285,0,90+ days
44227,1739.56,2025-07-22,null,null,0,No Repeat
44228,3294.93,2025-12-09,null,null,0,No Repeat
44230,15996.93,2025-03-17,2025-07-01,106,0,90+ days
44235,1945.28,2025-08-26,null,null,0,No Repeat
44239,9672.27,2025-05-10,2025-07-09,60,0,31-60 days
44247,5415.25,2025-03-13,2025-05-27,75,0,61-90 days
44251,3754.05,2025-04-24,2025-09-29,158,0,90+ days
44257,4081.45,2025-09-17,null,null,0,No Repeat
44267,3582,2025-06-05,null,null,0,No Repeat
44269,2521.2,2025-04-18,2026-02-20,308,0,90+ days
44288,8600.23,2025-05-21,2025-06-15,25,1,8-30 days
44295,12499.17,2025-04-27,2025-06-04,38,0,31-60 days
44311,8418.49,2025-05-29,2025-12-23,208,0,90+ days
44320,3290.69,2025-08-16,2025-10-08,53,0,31-60 days
44321,2793.83,2025-06-27,2025-07-07,10,1,8-30 days
44325,4539.09,2025-04-17,2025-07-14,88,0,61-90 days
44326,4777.99,2026-02-25,null,null,0,No Repeat
44329,3180.61,2025-08-13,null,null,0,No Repeat
44332,2567.5,2025-06-15,2026-01-07,206,0,90+ days
44342,4959.91,2025-04-19,2025-04-27,8,1,8-30 days
44344,3866.58,2025-08-25,null,null,0,No Repeat
44352,2375.92,2026-01-20,2026-01-20,0,1,0-7 days
44354,2893.44,2025-10-05,null,null,0,No Repeat
44358,3151.22,2025-06-01,2025-12-07,189,0,90+ days
44379,1479.49,2025-08-07,null,null,0,No Repeat
44386,16119.41,2025-04-20,2025-07-22,93,0,90+ days
44387,4327.74,2025-04-19,2025-04-27,8,1,8-30 days
44393,7465.61,2025-08-12,2025-09-18,37,0,31-60 days
44407,4355.96,2025-06-14,2025-07-02,18,1,8-30 days
44420,4040.72,2025-11-09,null,null,0,No Repeat
44423,1319.81,2025-03-12,null,null,0,No Repeat
44424,4413.41,2026-02-13,null,null,0,No Repeat
44433,788.14,2025-03-18,null,null,0,No Repeat
44438,6578.81,2025-08-13,2025-10-07,55,0,31-60 days
44440,3946.34,2026-01-17,null,null,0,No Repeat
44449,7979.92,2025-05-07,2025-12-14,221,0,90+ days
44451,727.01,2025-12-08,null,null,0,No Repeat
44452,3067.11,2025-03-10,2026-01-29,325,0,90+ days
44459,2127.37,2025-11-23,2026-02-21,90,0,61-90 days
44464,8974.38,2025-06-24,2025-07-21,27,1,8-30 days
44478,7951.51,2025-03-17,2025-08-27,163,0,90+ days
44482,2280.77,2025-10-13,null,null,0,No Repeat
44485,1468.51,2025-03-29,null,null,0,No Repeat
44488,2631.44,2025-12-20,null,null,0,No Repeat
44492,6031.24,2025-04-13,2025-12-26,257,0,90+ days
44496,17920.74,2025-04-07,2025-05-28,51,0,31-60 days
44506,2936.21,2025-11-25,null,null,0,No Repeat
44525,709.19,2025-10-18,null,null,0,No Repeat
44526,10909.18,2025-06-18,2025-10-11,115,0,90+ days
44529,1657.34,2025-03-12,2026-02-07,332,0,90+ days
44532,6324.35,2025-12-17,2026-01-27,41,0,31-60 days
44540,19883.64,2025-03-19,2025-03-29,10,1,8-30 days
44544,4813.47,2026-01-08,null,null,0,No Repeat
44548,2771.39,2025-03-19,null,null,0,No Repeat
44552,9741.55,2025-11-20,2026-02-02,74,0,61-90 days
44557,3214.81,2025-09-13,2026-02-28,168,0,90+ days
44566,5198.86,2025-03-13,2025-07-24,133,0,90+ days
44567,3551.87,2025-06-09,null,null,0,No Repeat
44583,6192.73,2025-05-14,2025-08-06,84,0,61-90 days
44590,6207.54,2025-07-14,2025-09-14,62,0,61-90 days
44598,9454.94,2025-06-03,2025-06-07,4,1,0-7 days
44600,4954.99,2026-01-16,null,null,0,No Repeat
44616,553.26,2025-03-13,null,null,0,No Repeat
44633,1912.93,2025-03-16,2025-08-01,138,0,90+ days
44634,1313.98,2025-06-11,2025-06-17,6,1,0-7 days
44635,4806.13,2026-01-09,2026-01-24,15,1,8-30 days
44641,2442.39,2025-03-28,null,null,0,No Repeat
44644,1292.99,2025-12-28,null,null,0,No Repeat
44647,11505.3,2025-05-09,2025-09-05,119,0,90+ days
44650,4980.07,2025-05-13,2025-08-15,94,0,90+ days
44662,657.36,2025-09-18,null,null,0,No Repeat
44664,1263.15,2025-07-05,null,null,0,No Repeat
44671,3124.59,2026-01-23,null,null,0,No Repeat
44672,671.04,2025-07-09,null,null,0,No Repeat
44676,4258.43,2025-11-19,null,null,0,No Repeat
44680,3153.63,2025-07-22,2025-10-06,76,0,61-90 days
44683,353.98,2025-05-27,null,null,0,No Repeat
44691,2607.09,2025-10-10,2026-01-11,93,0,90+ days
44697,7112.16,2025-11-02,2026-01-14,73,0,61-90 days
44708,5672.33,2026-01-03,2026-02-08,36,0,31-60 days
44714,13808.33,2025-10-14,2025-11-23,40,0,31-60 days
44729,3145.42,2025-06-22,null,null,0,No Repeat
44736,12123.98,2025-04-17,2025-06-17,61,0,61-90 days
44740,3588.72,2026-01-07,null,null,0,No Repeat
44741,7732.45,2025-10-29,2025-11-29,31,0,31-60 days
44743,3262.61,2025-06-02,null,null,0,No Repeat
44749,6820.96,2025-03-07,2025-04-07,31,0,31-60 days
44754,10582.27,2025-03-06,2025-05-18,73,0,61-90 days
44764,4459.47,2025-08-10,2025-11-03,85,0,61-90 days
44766,4390.95,2025-03-12,2025-10-02,204,0,90+ days
44776,4391.63,2025-03-10,2025-07-06,118,0,90+ days
44777,986.17,2025-11-18,null,null,0,No Repeat
44802,4113.63,2026-02-20,null,null,0,No Repeat
44814,2662.5,2025-06-25,2025-10-11,108,0,90+ days
44815,7768.64,2025-07-05,2025-08-15,41,0,31-60 days
44824,1339.56,2025-12-30,null,null,0,No Repeat
44831,563.29,2025-03-01,null,null,0,No Repeat
44842,9598.35,2025-06-26,2025-12-06,163,0,90+ days
44845,7229.81,2025-04-04,2025-11-08,218,0,90+ days
44855,7545.3,2025-05-27,2025-09-24,120,0,90+ days
44865,2979.05,2025-12-13,null,null,0,No Repeat
44868,3138.36,2025-03-03,2025-04-09,37,0,31-60 days
44870,9074.15,2025-12-02,2026-02-25,85,0,61-90 days
44882,3544.23,2025-04-03,2025-10-10,190,0,90+ days
44890,15129.17,2025-05-27,2025-06-23,27,1,8-30 days
44897,8144.28,2025-03-15,2025-05-08,54,0,31-60 days
44902,16631.4,2025-04-13,2025-05-04,21,1,8-30 days
44915,4480,2025-11-13,null,null,0,No Repeat
44921,8028.07,2025-03-07,2025-03-14,7,1,0-7 days
44926,714.96,2025-10-08,null,null,0,No Repeat
44932,959.01,2025-09-09,null,null,0,No Repeat
44941,13889.95,2025-04-27,2025-05-21,24,1,8-30 days
44949,6982.43,2025-07-22,2025-11-14,115,0,90+ days
44951,6066.64,2026-01-03,2026-02-09,37,0,31-60 days
44972,3714.97,2026-01-26,null,null,0,No Repeat
44973,3427.69,2025-12-05,2026-01-25,51,0,31-60 days
44975,7672.36,2025-05-04,2025-12-17,227,0,90+ days
44980,7795.92,2025-10-04,2026-02-22,141,0,90+ days
44989,2636.72,2025-07-07,null,null,0,No Repeat
44990,8217.69,2025-03-19,2025-08-20,154,0,90+ days
44997,4517.86,2025-06-06,2025-12-19,196,0,90+ days
45006,5319.79,2025-04-15,2025-06-17,63,0,61-90 days
45019,8562.08,2025-11-10,2025-12-14,34,0,31-60 days
45023,5808.56,2025-06-13,2025-08-31,79,0,61-90 days
45024,9424.03,2025-11-09,2025-12-06,27,1,8-30 days
45025,6660.33,2025-07-12,2025-07-31,19,1,8-30 days
45039,2881.87,2025-07-06,null,null,0,No Repeat
45040,4494.21,2025-11-26,null,null,0,No Repeat
45041,6691.07,2025-05-26,2025-12-20,208,0,90+ days
45043,11173.51,2025-04-03,2025-09-06,156,0,90+ days
45047,10857.17,2025-04-01,2025-10-10,192,0,90+ days
45048,8333.59,2025-06-11,2025-11-16,158,0,90+ days
45049,3314.34,2025-08-21,null,null,0,No Repeat
45055,15765.58,2025-06-15,2025-11-22,160,0,90+ days
45060,2028.04,2025-05-05,null,null,0,No Repeat
45062,4052.85,2026-02-11,null,null,0,No Repeat
45075,1283.28,2025-11-12,null,null,0,No Repeat
45085,4200.33,2025-04-08,2026-01-04,271,0,90+ days
45087,3242.1,2025-12-16,null,null,0,No Repeat
45089,4125.58,2025-05-06,null,null,0,No Repeat
45093,9026.03,2025-04-06,2025-12-28,266,0,90+ days
45116,12108.08,2025-03-30,2025-06-20,82,0,61-90 days
45132,4378.38,2025-03-29,2026-01-14,291,0,90+ days
45142,4231.96,2025-04-19,2025-10-10,174,0,90+ days
45148,4062.76,2025-10-23,2025-11-11,19,1,8-30 days
45156,4822.99,2025-08-25,2025-11-21,88,0,61-90 days
45163,2801.01,2025-10-06,null,null,0,No Repeat
45168,1167.99,2025-08-25,null,null,0,No Repeat
45179,5192.24,2025-07-23,2025-10-14,83,0,61-90 days
45180,7895.4,2025-06-08,2025-12-21,196,0,90+ days
45186,12177.46,2025-07-10,2025-08-23,44,0,31-60 days
45191,2105.36,2025-09-06,null,null,0,No Repeat
45197,4022.77,2025-10-16,null,null,0,No Repeat
45212,3647.77,2025-06-20,2025-12-17,180,0,90+ days
45213,852.01,2025-11-10,null,null,0,No Repeat
45221,3005.79,2025-03-28,null,null,0,No Repeat
45223,4682.61,2025-11-27,null,null,0,No Repeat
45225,1434.64,2025-11-12,null,null,0,No Repeat
45231,12213.53,2025-04-28,2025-10-31,186,0,90+ days
45232,3273.77,2025-11-06,null,null,0,No Repeat
45252,4472.66,2025-05-10,2025-05-30,20,1,8-30 days
45253,4554.64,2025-12-12,null,null,0,No Repeat
45254,4530.97,2025-09-04,null,null,0,No Repeat
45258,784.23,2025-10-31,null,null,0,No Repeat
45269,4119.45,2025-09-01,2026-01-11,132,0,90+ days
45271,4966.14,2025-03-12,2025-05-27,76,0,61-90 days
45273,4413.17,2025-05-18,2025-08-30,104,0,90+ days
45276,2591.39,2025-05-10,null,null,0,No Repeat
45281,6414.93,2025-04-18,2025-10-30,195,0,90+ days
45286,13046.57,2025-09-16,2025-10-22,36,0,31-60 days
45287,4237.35,2025-09-07,null,null,0,No Repeat
45293,3614,2025-03-30,2025-07-10,102,0,90+ days
45294,4471.38,2025-05-18,null,null,0,No Repeat
45296,3733.54,2025-06-17,2025-12-29,195,0,90+ days
45298,9148.02,2025-10-03,2025-12-18,76,0,61-90 days
45305,3052.41,2025-07-14,2025-10-26,104,0,90+ days
45321,7804.09,2025-04-25,2025-06-10,46,0,31-60 days
45323,1021.96,2025-04-27,null,null,0,No Repeat
45324,12497.06,2025-06-20,2025-12-05,168,0,90+ days
45328,1794.32,2025-08-25,null,null,0,No Repeat
45336,254.63,2026-02-23,null,null,0,No Repeat
45339,6091.17,2025-07-02,2025-11-17,138,0,90+ days
45341,4935.48,2025-04-14,2025-06-15,62,0,61-90 days
45348,4502.72,2025-03-04,2025-04-21,48,0,31-60 days
45349,274.45,2025-06-19,null,null,0,No Repeat
45361,5094.85,2025-09-07,2025-10-26,49,0,31-60 days
45365,3154.18,2025-05-29,null,null,0,No Repeat
45374,7635.5,2025-03-31,2025-10-07,190,0,90+ days
45393,3783.33,2025-12-26,null,null,0,No Repeat
45396,1701.72,2025-11-21,null,null,0,No Repeat
45415,609.32,2026-01-18,null,null,0,No Repeat
45436,3880.52,2025-04-17,null,null,0,No Repeat
45437,6733.37,2025-06-15,2025-11-11,149,0,90+ days
45438,1338.5,2026-01-17,null,null,0,No Repeat
45450,4701.07,2026-02-10,2026-02-23,13,1,8-30 days
45454,3213.45,2025-08-30,2025-09-29,30,1,8-30 days
45460,538.35,2025-09-17,null,null,0,No Repeat
45483,4057.64,2025-12-24,null,null,0,No Repeat
45487,6017.45,2025-12-16,2026-01-26,41,0,31-60 days
45497,3338.88,2025-09-04,2026-02-28,177,0,90+ days
45508,1007.84,2025-12-01,null,null,0,No Repeat
45530,4926.4,2026-01-02,null,null,0,No Repeat
45536,4785.84,2026-02-19,null,null,0,No Repeat
45537,1963.93,2025-04-11,2025-10-18,190,0,90+ days
45538,8104.02,2025-04-10,2026-02-26,322,0,90+ days
45546,2413.24,2025-07-26,2025-12-24,151,0,90+ days
45547,5183.07,2026-01-06,2026-02-24,49,0,31-60 days
45552,11220.46,2025-06-07,2026-01-09,216,0,90+ days
45554,10675.31,2025-09-23,2025-09-26,3,1,0-7 days
45558,2130.29,2025-03-12,null,null,0,No Repeat
45574,5118.73,2025-03-11,2025-08-15,157,0,90+ days
45575,5100.97,2025-03-21,2025-08-01,133,0,90+ days
45576,6694.46,2025-04-11,2025-07-12,92,0,90+ days
45581,2928.86,2025-11-18,null,null,0,No Repeat
45585,6245.24,2025-12-29,2026-01-28,30,1,8-30 days
45588,3619.78,2025-12-05,null,null,0,No Repeat
45589,4641.19,2025-04-16,null,null,0,No Repeat
45598,2677.9,2025-12-26,null,null,0,No Repeat
45599,2668.81,2025-10-20,null,null,0,No Repeat
45601,2429.26,2025-04-20,2025-05-08,18,1,8-30 days
45604,2289.09,2025-06-09,null,null,0,No Repeat
45605,3972.4,2025-06-01,2025-06-11,10,1,8-30 days
45610,1585.34,2025-12-07,null,null,0,No Repeat
45618,1833.35,2025-07-17,null,null,0,No Repeat
45622,8174.85,2025-06-02,2025-07-09,37,0,31-60 days
45629,926.51,2025-07-27,null,null,0,No Repeat
45639,1542.02,2025-08-02,null,null,0,No Repeat
45642,5507.89,2025-10-13,2025-11-15,33,0,31-60 days
45643,9160.98,2025-08-23,2025-09-12,20,1,8-30 days
45653,4059.93,2025-07-18,null,null,0,No Repeat
45659,8208.25,2025-06-05,2026-02-15,255,0,90+ days
45680,5335.46,2025-04-10,2025-09-12,155,0,90+ days
45690,2132.92,2025-10-25,null,null,0,No Repeat
45696,5220.15,2025-04-12,2025-11-23,225,0,90+ days
45705,4416.43,2025-03-17,2026-01-04,293,0,90+ days
45718,316.51,2025-04-15,null,null,0,No Repeat
45721,4765.29,2025-12-10,2026-01-25,46,0,31-60 days
45730,4352.44,2025-10-07,null,null,0,No Repeat
45734,1841.36,2026-01-20,null,null,0,No Repeat
45736,4803.87,2025-07-29,2025-09-14,47,0,31-60 days
45737,763.8,2025-06-02,null,null,0,No Repeat
45741,4754.95,2025-06-18,null,null,0,No Repeat
45742,10856.55,2025-08-05,2025-08-13,8,1,8-30 days
45754,4557.89,2025-03-17,2025-07-02,107,0,90+ days
45786,5005.26,2025-04-21,2025-09-11,143,0,90+ days
45796,8684.97,2025-03-28,2025-10-10,196,0,90+ days
45812,9318.55,2025-09-11,2025-09-29,18,1,8-30 days
45815,1045.23,2025-08-04,null,null,0,No Repeat
45817,4614.46,2025-12-26,2026-01-23,28,1,8-30 days
45835,3063.94,2025-08-14,null,null,0,No Repeat
45839,2498.39,2025-09-20,null,null,0,No Repeat
45852,12302.36,2025-03-21,2025-05-16,56,0,31-60 days
45853,10241.4,2025-06-03,2025-09-09,98,0,90+ days
45860,2611.43,2025-05-05,2025-06-15,41,0,31-60 days
45864,1299.37,2025-06-14,null,null,0,No Repeat
45878,1772.58,2025-09-06,null,null,0,No Repeat
45885,2845.2,2025-11-26,null,null,0,No Repeat
45904,555.29,2025-10-02,null,null,0,No Repeat
45911,6963.5,2025-06-24,2026-01-06,196,0,90+ days
45915,2188.43,2025-03-14,2025-12-28,289,0,90+ days
45925,6904.64,2025-08-05,2025-08-25,20,1,8-30 days
45929,3149.67,2025-04-19,2025-06-11,53,0,31-60 days
45934,11506.37,2025-04-16,2025-07-02,77,0,61-90 days
45937,7948.99,2025-06-30,2025-08-25,56,0,31-60 days
45947,847.83,2025-03-26,null,null,0,No Repeat
45948,13819.22,2025-05-01,2025-05-11,10,1,8-30 days
45963,1916.92,2025-04-14,2025-06-15,62,0,61-90 days
45967,2994.55,2025-08-17,2026-01-20,156,0,90+ days
45970,6958.1,2025-03-03,2025-05-29,87,0,61-90 days
45982,4871.89,2025-07-11,2025-08-31,51,0,31-60 days
45984,4633.16,2025-03-13,null,null,0,No Repeat
45987,5050.97,2025-10-17,2026-02-27,133,0,90+ days
45989,1469.68,2025-06-16,null,null,0,No Repeat
45993,3937.95,2025-10-26,null,null,0,No Repeat
46004,7624.68,2025-05-12,2026-02-23,287,0,90+ days
46005,3655.67,2025-04-12,null,null,0,No Repeat
46006,5803.63,2025-11-16,2025-12-18,32,0,31-60 days
46007,7750.95,2025-05-19,2025-07-22,64,0,61-90 days
46014,1075.4,2025-11-14,null,null,0,No Repeat
46021,268.38,2025-12-26,null,null,0,No Repeat
46026,3893.99,2025-11-09,2026-01-13,65,0,61-90 days
46037,8162.7,2025-06-30,2025-08-28,59,0,31-60 days
46061,5220.26,2025-06-01,2025-12-21,203,0,90+ days
46070,6252.2,2025-04-11,2025-06-12,62,0,61-90 days
46081,855.15,2025-06-22,null,null,0,No Repeat
46082,3580.27,2025-07-05,null,null,0,No Repeat
46084,5204.4,2025-07-23,2025-08-12,20,1,8-30 days
46116,3368.88,2025-05-13,null,null,0,No Repeat
46128,3125.31,2025-05-30,null,null,0,No Repeat
46130,3512.88,2025-12-30,null,null,0,No Repeat
46134,593.42,2025-12-19,null,null,0,No Repeat
46142,3857.64,2025-10-15,null,null,0,No Repeat
46159,15520.04,2025-04-30,2025-05-29,29,1,8-30 days
46165,3926.35,2025-11-02,2025-12-06,34,0,31-60 days
46166,11541.28,2025-03-05,2025-07-20,137,0,90+ days
46167,3304.43,2026-02-20,null,null,0,No Repeat
46168,2807.34,2025-06-24,2025-08-08,45,0,31-60 days
46171,3849.2,2025-07-20,2025-08-11,22,1,8-30 days
46173,2072.44,2025-05-12,2025-05-17,5,1,0-7 days
46178,2825.3,2025-08-29,2025-11-20,83,0,61-90 days
46201,3609.87,2025-04-30,null,null,0,No Repeat
46206,8591.41,2025-03-07,2025-06-12,97,0,90+ days
46207,11520.64,2025-03-30,2025-07-13,105,0,90+ days
46213,1893.3,2026-01-25,null,null,0,No Repeat
46216,2865.28,2025-04-11,null,null,0,No Repeat
46225,2194.45,2025-07-13,null,null,0,No Repeat
46245,3852.01,2025-09-09,null,null,0,No Repeat
46258,3045.16,2025-10-29,2026-01-21,84,0,61-90 days
46280,18951.02,2025-03-07,2025-03-20,13,1,8-30 days
46283,8606.16,2025-05-22,2026-01-25,248,0,90+ days
46288,8454.23,2025-03-16,2025-05-01,46,0,31-60 days
46291,4724.13,2025-11-21,null,null,0,No Repeat
46293,4980.22,2026-02-25,null,null,0,No Repeat
46299,3567.3,2025-08-26,null,null,0,No Repeat
46301,1708.24,2025-04-19,2026-02-04,291,0,90+ days
46306,3876.44,2025-09-20,null,null,0,No Repeat
46309,4955.22,2025-09-18,null,null,0,No Repeat
46311,3008.84,2025-10-27,2025-11-19,23,1,8-30 days
46313,7892.28,2025-05-22,2025-08-10,80,0,61-90 days
46321,3074.45,2025-06-25,null,null,0,No Repeat
46324,2379.8,2026-01-10,null,null,0,No Repeat
46338,13752.29,2025-05-22,2025-08-25,95,0,90+ days
46346,7022.75,2025-04-23,2025-05-06,13,1,8-30 days
46359,6771.16,2025-04-01,2025-07-07,97,0,90+ days
46361,1992.18,2025-09-14,null,null,0,No Repeat
46362,8986.65,2025-06-04,2025-12-14,193,0,90+ days
46363,2300.37,2026-01-19,null,null,0,No Repeat
46375,14129.39,2025-04-11,2025-09-04,146,0,90+ days
46379,7522.86,2025-06-08,2026-01-08,214,0,90+ days
46388,14084.68,2025-05-17,2025-10-04,140,0,90+ days
46390,4089.54,2025-08-30,2025-10-23,54,0,31-60 days
46391,4392.4,2025-11-26,null,null,0,No Repeat
46393,2830.66,2025-03-31,2025-10-11,194,0,90+ days
46402,4357.94,2025-07-25,null,null,0,No Repeat
46405,10454.07,2025-09-14,2025-11-26,73,0,61-90 days
46407,6534.86,2025-03-10,2025-04-28,49,0,31-60 days
46408,2045.39,2025-03-04,null,null,0,No Repeat
46412,6588.31,2025-11-06,2026-02-24,110,0,90+ days
46415,4700.07,2025-04-19,2025-06-11,53,0,31-60 days
46420,12519.45,2025-06-06,2025-09-14,100,0,90+ days
46424,8852.79,2025-03-06,2025-04-23,48,0,31-60 days
46431,3728.69,2025-03-16,2025-07-15,121,0,90+ days
46432,4998.01,2025-07-04,2025-11-20,139,0,90+ days
46433,9484.36,2025-03-26,2025-06-08,74,0,61-90 days
46445,1619.03,2025-05-14,null,null,0,No Repeat
46448,11177.09,2025-10-05,2025-10-24,19,1,8-30 days
46451,4753.37,2025-03-18,null,null,0,No Repeat
46471,7616.6,2025-08-20,2025-08-27,7,1,0-7 days
46481,4525.3,2025-08-28,2025-11-13,77,0,61-90 days
46486,1352.4,2025-09-15,null,null,0,No Repeat
46489,2049.21,2025-05-03,null,null,0,No Repeat
46491,5843.51,2025-10-27,2026-01-20,85,0,61-90 days
46497,4944.43,2025-06-03,null,null,0,No Repeat
46498,7602.69,2025-07-28,2025-08-12,15,1,8-30 days
46504,4543.06,2025-03-09,null,null,0,No Repeat
46513,8043.04,2025-08-18,2025-10-06,49,0,31-60 days
46514,1624.06,2025-11-23,null,null,0,No Repeat
46521,5317.21,2025-04-30,2025-06-17,48,0,31-60 days
46543,13810.27,2025-05-19,2025-06-02,14,1,8-30 days
46544,11315.62,2025-05-19,2025-06-06,18,1,8-30 days
46545,1498.16,2026-01-03,null,null,0,No Repeat
46567,11450.35,2025-06-01,2025-09-20,111,0,90+ days
46568,5423.23,2025-06-20,2025-08-22,63,0,61-90 days
46576,6353.21,2025-04-06,2025-06-04,59,0,31-60 days
46586,6110.37,2025-06-26,2025-08-28,63,0,61-90 days
46590,3794.55,2025-03-12,2025-05-01,50,0,31-60 days
46598,4292.31,2025-03-31,2025-05-10,40,0,31-60 days
46602,3255.93,2025-04-12,null,null,0,No Repeat
46651,4911.14,2025-03-07,null,null,0,No Repeat
46652,11142.01,2025-03-31,2025-12-17,261,0,90+ days
46662,5656.63,2025-11-10,2026-02-15,97,0,90+ days
46682,2357.59,2025-07-31,null,null,0,No Repeat
46683,5955.18,2025-05-26,2025-08-02,68,0,61-90 days
46684,3814.08,2026-01-28,null,null,0,No Repeat
46685,6307.66,2025-11-09,2026-02-14,97,0,90+ days
46692,3255.45,2025-07-01,2025-09-17,78,0,61-90 days
46704,8713.35,2025-09-07,2025-09-18,11,1,8-30 days
46710,6608.21,2025-08-30,2025-12-11,103,0,90+ days
46718,4835.1,2025-08-01,null,null,0,No Repeat
46721,8357.09,2025-07-27,2025-09-12,47,0,31-60 days
46731,4465.95,2025-06-22,2025-10-15,115,0,90+ days
46746,4718.73,2025-07-18,null,null,0,No Repeat
46747,4387.39,2025-08-28,2026-02-27,183,0,90+ days
46750,9925.79,2025-04-02,2025-11-12,224,0,90+ days
46751,5520.12,2025-04-26,2025-10-01,158,0,90+ days
46761,5926.57,2025-05-01,2025-10-10,162,0,90+ days
46762,619.46,2026-02-15,null,null,0,No Repeat
46766,6397.62,2025-04-27,2025-05-22,25,1,8-30 days
46769,1767.23,2025-10-07,null,null,0,No Repeat
46776,4935.77,2025-07-21,2025-09-24,65,0,61-90 days
46778,2347.21,2025-10-03,null,null,0,No Repeat
46781,7986.41,2025-03-05,2025-05-03,59,0,31-60 days
46786,4728.58,2025-05-09,null,null,0,No Repeat
46808,6963.99,2025-06-20,2025-09-11,83,0,61-90 days
46811,10459.33,2025-10-28,2025-11-16,19,1,8-30 days
46825,6328.78,2025-06-03,2025-07-25,52,0,31-60 days
46830,2046.99,2025-09-10,null,null,0,No Repeat
46831,7682,2025-09-30,2025-10-31,31,0,31-60 days
46844,3575.09,2025-03-30,2025-05-12,43,0,31-60 days
46848,7944.43,2025-03-16,2025-05-18,63,0,61-90 days
46854,7447.54,2025-05-15,2025-12-05,204,0,90+ days
46866,6072.99,2025-08-13,2025-08-25,12,1,8-30 days
46870,7865.41,2025-03-31,2025-08-06,128,0,90+ days
46881,7132.71,2025-10-20,2025-11-06,17,1,8-30 days
46884,2500.19,2025-08-22,null,null,0,No Repeat
46889,6511.95,2025-06-04,2026-02-06,247,0,90+ days
46902,5916.46,2025-03-03,2025-06-03,92,0,90+ days
46903,2182.12,2025-12-28,null,null,0,No Repeat
46905,6769.4,2025-07-23,2026-01-27,188,0,90+ days
46907,6041.08,2025-04-26,2026-01-29,278,0,90+ days
46929,7006.83,2025-03-31,2025-07-02,93,0,90+ days
46940,6721.81,2025-05-25,2025-08-19,86,0,61-90 days
46942,3818.55,2025-03-06,null,null,0,No Repeat
46959,7951.14,2025-05-05,2025-12-10,219,0,90+ days
46961,2631.05,2026-02-12,null,null,0,No Repeat
46962,10816.9,2025-03-06,2025-03-19,13,1,8-30 days
46964,9065.75,2025-03-11,2025-12-20,284,0,90+ days
46966,4095.35,2025-10-20,null,null,0,No Repeat
46968,6320.17,2025-04-22,2025-07-14,83,0,61-90 days
46987,15231.77,2025-06-15,2025-08-30,76,0,61-90 days
46998,6318.78,2025-04-01,2025-06-11,71,0,61-90 days
47009,4205.6,2025-04-10,null,null,0,No Repeat
47025,7907.51,2025-05-11,2025-08-07,88,0,61-90 days
47032,1390.97,2025-09-13,null,null,0,No Repeat
47035,946.97,2026-01-26,null,null,0,No Repeat
47037,4721.32,2025-07-20,null,null,0,No Repeat
47040,5337.34,2025-10-12,2025-12-16,65,0,61-90 days
47049,2005.53,2025-04-16,2026-01-13,272,0,90+ days
47051,10075.33,2025-03-14,2025-10-16,216,0,90+ days
47052,7238.91,2025-03-23,2025-04-02,10,1,8-30 days
47056,1918.25,2025-08-03,null,null,0,No Repeat
47058,5087.96,2025-03-30,2025-06-02,64,0,61-90 days
47059,7374.35,2025-08-20,2026-02-11,175,0,90+ days
47063,7472.03,2025-07-27,2025-09-01,36,0,31-60 days
47082,4955.82,2025-08-07,null,null,0,No Repeat
47089,4927,2025-06-14,null,null,0,No Repeat
47090,3447.68,2025-09-29,null,null,0,No Repeat
47101,3801.53,2025-04-12,2025-06-22,71,0,61-90 days
47105,4619.55,2026-01-24,null,null,0,No Repeat
47110,2383.74,2025-12-24,null,null,0,No Repeat
47111,3979.94,2025-05-12,null,null,0,No Repeat
47113,3853.33,2025-09-21,null,null,0,No Repeat
47121,6892.78,2025-05-09,2025-09-28,142,0,90+ days
47123,11029.27,2025-06-02,2025-08-28,87,0,61-90 days
47124,4796.05,2025-12-01,null,null,0,No Repeat
47133,1397.81,2025-03-09,2025-07-13,126,0,90+ days
47134,15285.85,2025-03-09,2025-03-25,16,1,8-30 days
47135,7763.67,2025-06-03,2025-07-26,53,0,31-60 days
47138,12193.36,2025-05-08,2025-06-14,37,0,31-60 days
47147,2307.09,2025-10-16,null,null,0,No Repeat
47148,1176.73,2025-03-01,2026-01-23,328,0,90+ days
47157,2456.51,2025-11-12,null,null,0,No Repeat
47167,7981.25,2025-06-24,2025-07-06,12,1,8-30 days
47173,5152.74,2025-06-22,2026-01-01,193,0,90+ days
47177,1645.34,2025-09-11,null,null,0,No Repeat
47182,420.12,2025-06-03,null,null,0,No Repeat
47185,446.71,2025-07-25,null,null,0,No Repeat
47199,20979.82,2025-03-09,2025-03-21,12,1,8-30 days
47215,8277.48,2025-05-27,2025-09-29,125,0,90+ days
47217,5016.87,2025-04-14,2025-07-16,93,0,90+ days
47227,2914.85,2025-07-28,2026-01-07,163,0,90+ days
47238,9681.1,2025-06-13,2025-08-14,62,0,61-90 days
47243,4427.12,2025-05-01,2025-12-10,223,0,90+ days
47250,3410.53,2025-05-06,null,null,0,No Repeat
47251,2882.76,2025-10-27,null,null,0,No Repeat
47252,2413.53,2025-07-16,null,null,0,No Repeat
47257,4193.63,2025-10-23,null,null,0,No Repeat
47265,2976.34,2026-01-18,2026-02-17,30,1,8-30 days
47266,4702.89,2025-04-20,2025-10-16,179,0,90+ days
47270,4230.21,2025-11-19,null,null,0,No Repeat
47282,2687.58,2026-02-14,null,null,0,No Repeat
47285,6976.72,2025-03-12,2025-04-03,22,1,8-30 days
47287,8095.43,2025-03-01,2025-06-25,116,0,90+ days
47292,3470.53,2025-05-18,2026-01-13,240,0,90+ days
47299,697.51,2026-02-25,null,null,0,No Repeat
47316,13271.71,2025-08-07,2025-08-10,3,1,0-7 days
47331,4770.55,2025-11-20,2026-02-27,99,0,90+ days
47337,319.12,2026-02-06,null,null,0,No Repeat
47347,2876.75,2025-08-24,null,null,0,No Repeat
47352,475.23,2025-08-05,null,null,0,No Repeat
47354,1140.03,2025-08-25,null,null,0,No Repeat
47363,2135.02,2025-07-10,2025-12-27,170,0,90+ days
47364,6748.68,2025-10-09,2026-01-09,92,0,90+ days
47371,744.98,2026-01-10,null,null,0,No Repeat
47373,2054.29,2025-07-06,null,null,0,No Repeat
47378,5213.52,2025-03-03,2025-05-11,69,0,61-90 days
47396,4054.18,2025-08-20,null,null,0,No Repeat
47399,888.86,2025-10-05,null,null,0,No Repeat
47419,7294,2025-06-14,2025-08-10,57,0,31-60 days
47432,2219.05,2025-05-13,2026-02-17,280,0,90+ days
47437,1311.78,2025-10-06,null,null,0,No Repeat
47440,6091.02,2025-04-21,2025-10-23,185,0,90+ days
47475,4015.69,2025-05-11,null,null,0,No Repeat
47484,7337.1,2025-09-30,2025-11-22,53,0,31-60 days
47493,2481.97,2025-05-25,null,null,0,No Repeat
47494,8045.62,2025-09-25,2025-12-29,95,0,90+ days
47496,1071.13,2025-07-09,null,null,0,No Repeat
47498,14211.69,2025-06-27,2025-10-31,126,0,90+ days
47500,4371,2026-01-03,null,null,0,No Repeat
47506,6635.33,2025-08-08,2025-10-16,69,0,61-90 days
47518,4411.24,2025-04-19,2026-02-10,297,0,90+ days
47521,8007.72,2025-07-08,2025-09-07,61,0,61-90 days
47522,1946.79,2025-06-13,null,null,0,No Repeat
47532,11399.67,2025-10-22,2025-12-05,44,0,31-60 days
47549,1619.4,2025-03-25,null,null,0,No Repeat
47551,6019.75,2025-11-11,2025-12-30,49,0,31-60 days
47564,339.74,2025-11-12,null,null,0,No Repeat
47566,1176.37,2025-07-09,null,null,0,No Repeat
47583,4667.5,2026-02-23,null,null,0,No Repeat
47594,12594.53,2025-05-29,2025-06-03,5,1,0-7 days
47595,5409.93,2025-09-03,2025-09-17,14,1,8-30 days
47605,2444.65,2026-02-15,null,null,0,No Repeat
47608,2738.96,2026-01-28,null,null,0,No Repeat
47614,1858.24,2025-09-12,null,null,0,No Repeat
47615,2040.38,2025-09-08,null,null,0,No Repeat
47617,7876.89,2025-05-22,2026-01-17,240,0,90+ days
47619,1357.28,2025-03-30,null,null,0,No Repeat
47629,3016.81,2025-04-17,2025-08-01,106,0,90+ days
47636,7013.99,2025-08-21,2025-08-21,0,1,0-7 days
47642,14410.93,2025-04-22,2025-09-19,150,0,90+ days
47652,1541.75,2025-12-18,2026-02-13,57,0,31-60 days
47670,4706.51,2025-10-22,null,null,0,No Repeat
47674,1899.65,2025-12-15,null,null,0,No Repeat
47675,4617.53,2025-06-10,2025-12-10,183,0,90+ days
47682,3189.38,2025-03-10,2026-01-31,327,0,90+ days
47685,8882.82,2025-04-28,2025-08-05,99,0,90+ days
47692,4368.35,2025-04-29,2025-08-12,105,0,90+ days
47693,2899.34,2025-05-09,2025-09-22,136,0,90+ days
47705,6698.06,2025-04-07,2025-06-04,58,0,31-60 days
47712,947.56,2025-03-02,null,null,0,No Repeat
47720,4553.37,2025-06-29,2025-11-30,154,0,90+ days
47724,7592.74,2025-10-20,2025-12-30,71,0,61-90 days
47729,1901.5,2025-06-07,2026-02-14,252,0,90+ days
47737,7242.65,2025-08-31,2026-01-17,139,0,90+ days
47738,4659.57,2025-06-10,2025-09-10,92,0,90+ days
47739,3957.05,2025-10-23,null,null,0,No Repeat
47742,1722.21,2025-07-04,2025-07-20,16,1,8-30 days
47747,4222.02,2025-07-07,null,null,0,No Repeat
47755,2261.47,2025-04-27,null,null,0,No Repeat
47759,3030.71,2025-03-11,2025-05-08,58,0,31-60 days
47763,6394.14,2025-03-08,2026-01-03,301,0,90+ days
47787,7620.32,2025-08-26,2025-09-15,20,1,8-30 days
47789,4884.94,2025-10-06,2025-10-09,3,1,0-7 days
47802,4267.84,2026-02-07,null,null,0,No Repeat
47812,10685.31,2025-03-16,2025-05-05,50,0,31-60 days
47824,10959.22,2025-04-01,2025-04-03,2,1,0-7 days
47833,10769.78,2025-04-18,2025-07-01,74,0,61-90 days
47835,7054.59,2025-08-29,2025-11-26,89,0,61-90 days
47836,2563.8,2026-01-30,null,null,0,No Repeat
47839,3835.82,2025-10-04,null,null,0,No Repeat
47845,1613.49,2025-11-21,null,null,0,No Repeat
47846,4186.17,2025-10-01,null,null,0,No Repeat
47852,3156.34,2025-03-14,null,null,0,No Repeat
47854,4002.3,2025-03-13,2025-06-24,103,0,90+ days
47860,8740.59,2025-03-11,2025-04-15,35,0,31-60 days
47862,9411.92,2025-05-05,2025-05-27,22,1,8-30 days
47865,6493.61,2025-04-09,2025-07-30,112,0,90+ days
47878,5170.3,2025-09-01,2025-11-23,83,0,61-90 days
47879,1243.74,2025-12-28,null,null,0,No Repeat
47886,662.92,2025-05-07,null,null,0,No Repeat
47899,2468.23,2025-03-28,2026-02-11,320,0,90+ days
47904,2192.6,2026-01-31,2026-02-21,21,1,8-30 days
47912,4450.22,2025-04-27,null,null,0,No Repeat
47934,10360.55,2025-03-06,2025-08-04,151,0,90+ days
47938,10717.77,2025-05-30,2025-10-12,135,0,90+ days
47959,1433.22,2025-09-16,null,null,0,No Repeat
47967,1394.65,2025-11-07,null,null,0,No Repeat
47977,4305.39,2025-08-09,null,null,0,No Repeat
47981,2262.79,2026-01-26,null,null,0,No Repeat
47983,2697.97,2025-03-20,2025-12-15,270,0,90+ days
47984,691.73,2025-08-17,null,null,0,No Repeat
47991,1064.57,2025-12-11,null,null,0,No Repeat
47997,7147,2025-04-22,2025-06-03,42,0,31-60 days
48011,2594.65,2026-01-26,null,null,0,No Repeat
48025,4307.21,2025-04-26,2025-06-09,44,0,31-60 days
48037,4684.39,2025-05-26,2025-09-26,123,0,90+ days
48043,1501.94,2025-10-26,null,null,0,No Repeat
48050,4847,2026-02-15,null,null,0,No Repeat
48054,814.37,2026-01-28,null,null,0,No Repeat
48058,12498.73,2025-03-05,2025-04-29,55,0,31-60 days
48064,7954.43,2025-05-13,2025-09-09,119,0,90+ days
48089,790.18,2026-01-18,null,null,0,No Repeat
48110,12170.13,2025-04-21,2025-06-17,57,0,31-60 days
48118,2917.36,2025-06-15,2026-01-22,221,0,90+ days
48119,5789.14,2025-03-11,2025-07-02,113,0,90+ days
48125,5778.61,2025-04-24,2025-05-14,20,1,8-30 days
48128,2761.07,2025-09-13,null,null,0,No Repeat
48143,4121.43,2025-12-06,null,null,0,No Repeat
48144,7325.28,2025-07-19,2026-02-16,212,0,90+ days
48149,4208.82,2025-04-03,2025-05-17,44,0,31-60 days
48161,7192.73,2025-03-22,2025-03-29,7,1,0-7 days
48167,3763.11,2026-02-15,null,null,0,No Repeat
48170,11576.55,2025-10-28,2025-11-12,15,1,8-30 days
48175,3384.9,2025-05-31,null,null,0,No Repeat
48178,8421.26,2025-10-10,2026-01-30,112,0,90+ days
48180,4498.78,2025-10-28,2025-11-21,24,1,8-30 days
48186,6419.4,2025-09-19,2025-11-04,46,0,31-60 days
48188,4856.24,2025-09-12,null,null,0,No Repeat
48202,3842.89,2025-07-22,null,null,0,No Repeat
48220,2828.8,2025-10-31,2025-12-09,39,0,31-60 days
48223,2006.74,2025-04-30,null,null,0,No Repeat
48225,5234.52,2025-08-11,2025-11-20,101,0,90+ days
48243,5880.39,2025-06-04,2025-12-21,200,0,90+ days
48269,2094.78,2025-07-09,null,null,0,No Repeat
48273,15193.67,2025-03-21,2025-04-08,18,1,8-30 days
48282,16641.77,2025-03-05,2025-04-21,47,0,31-60 days
48291,6174.8,2025-10-17,2025-11-05,19,1,8-30 days
48294,8791.12,2025-12-22,2025-12-29,7,1,0-7 days
48307,4940.96,2025-09-12,null,null,0,No Repeat
48308,3446.53,2025-06-29,null,null,0,No Repeat
48313,9602.46,2025-05-27,2025-08-23,88,0,61-90 days
48321,8465.12,2025-04-24,2025-05-28,34,0,31-60 days
48326,3962.75,2025-09-08,null,null,0,No Repeat
48328,8500.5,2025-05-15,2025-11-21,190,0,90+ days
48340,4700.88,2025-09-17,2025-11-06,50,0,31-60 days
48343,1000.16,2025-03-09,null,null,0,No Repeat
48346,4530.58,2025-06-13,null,null,0,No Repeat
48355,562,2025-03-18,null,null,0,No Repeat
48356,4989.01,2025-08-12,2025-11-08,88,0,61-90 days
48359,2419.34,2025-11-26,null,null,0,No Repeat
48363,3308.65,2025-08-18,2025-09-12,25,1,8-30 days
48364,2969.98,2025-09-05,null,null,0,No Repeat
48366,4061.77,2025-06-04,null,null,0,No Repeat
48368,1271.19,2025-10-16,null,null,0,No Repeat
48369,5270.28,2025-03-17,2025-09-17,184,0,90+ days
48377,4193.41,2025-09-17,null,null,0,No Repeat
48383,885.85,2025-11-06,null,null,0,No Repeat
48384,8110.51,2025-05-19,2025-10-14,148,0,90+ days
48385,4890.59,2025-08-30,2025-10-03,34,0,31-60 days
48386,4896.11,2025-12-01,2026-01-22,52,0,31-60 days
48389,3109.04,2026-02-08,null,null,0,No Repeat
48396,3428.78,2026-01-05,null,null,0,No Repeat
48401,4486.71,2025-08-26,null,null,0,No Repeat
48403,4593.24,2026-02-13,null,null,0,No Repeat
48408,5376.26,2025-05-13,2025-12-16,217,0,90+ days
48412,1011.79,2025-09-03,null,null,0,No Repeat
48418,3459.46,2025-04-25,null,null,0,No Repeat
48428,6074.29,2025-12-01,2025-12-24,23,1,8-30 days
48431,12925.98,2025-03-14,2026-01-26,318,0,90+ days
48436,8849.65,2025-09-03,2025-10-19,46,0,31-60 days
48445,11772.98,2025-05-18,2025-06-01,14,1,8-30 days
48449,13131.61,2025-04-06,2025-06-02,57,0,31-60 days
48452,8582.74,2025-05-04,2025-10-25,174,0,90+ days
48460,4438.47,2025-05-22,null,null,0,No Repeat
48461,860.12,2025-06-21,null,null,0,No Repeat
48462,1166.96,2025-03-29,null,null,0,No Repeat
48464,3170.58,2025-05-26,null,null,0,No Repeat
48468,14284.25,2025-06-02,2025-08-28,87,0,61-90 days
48469,225.14,2025-08-23,null,null,0,No Repeat
48472,2051.13,2025-04-21,null,null,0,No Repeat
48480,3285.08,2025-07-30,null,null,0,No Repeat
48484,913.58,2025-03-01,null,null,0,No Repeat
48497,5473.44,2025-09-28,2026-02-21,146,0,90+ days
48503,5940.82,2025-06-17,2026-02-06,234,0,90+ days
48504,3719.8,2025-10-20,null,null,0,No Repeat
48511,5201.3,2025-04-03,2025-04-29,26,1,8-30 days
48516,1245.48,2025-03-25,null,null,0,No Repeat
48527,6706.12,2025-08-26,2026-02-08,166,0,90+ days
48531,3238.62,2025-05-24,null,null,0,No Repeat
48535,1933.45,2025-05-29,2025-07-08,40,0,31-60 days
48541,3125.93,2025-05-23,2026-01-01,223,0,90+ days
48548,7885.54,2025-03-25,2025-04-13,19,1,8-30 days
48549,1121.92,2025-10-06,null,null,0,No Repeat
48558,7099.36,2025-03-16,2025-06-10,86,0,61-90 days
48567,7063.33,2025-04-10,2025-04-25,15,1,8-30 days
48568,9776.2,2025-04-09,2025-06-23,75,0,61-90 days
48576,1867.06,2025-07-30,null,null,0,No Repeat
48580,4203.53,2025-06-29,2026-02-07,223,0,90+ days
48607,9420.59,2025-04-04,2025-06-14,71,0,61-90 days
48612,5513.44,2025-07-03,2025-09-30,89,0,61-90 days
48618,3880.68,2025-09-22,null,null,0,No Repeat
48620,11584.67,2025-03-03,2025-09-17,198,0,90+ days
48626,4778.46,2026-01-06,null,null,0,No Repeat
48629,8782.19,2025-07-20,2026-02-04,199,0,90+ days
48642,5446.92,2025-04-21,2025-11-11,204,0,90+ days
48647,4031.5,2026-01-07,null,null,0,No Repeat
48650,7205.41,2025-03-16,2025-08-20,157,0,90+ days
48656,12882.97,2025-06-15,2025-12-25,193,0,90+ days
48661,11614,2025-04-17,2025-06-06,50,0,31-60 days
48667,6722.34,2025-08-01,2025-09-03,33,0,31-60 days
48669,5148.23,2025-04-28,2026-01-27,274,0,90+ days
48672,4294.23,2025-05-08,null,null,0,No Repeat
48682,4986.2,2025-05-10,null,null,0,No Repeat
48683,1372.5,2025-07-07,null,null,0,No Repeat
48684,10885.44,2025-04-25,2025-06-07,43,0,31-60 days
48697,3313.04,2025-05-24,null,null,0,No Repeat
48706,6575.06,2025-04-03,2025-09-07,157,0,90+ days
48718,9721.15,2025-04-25,2025-05-01,6,1,0-7 days
48723,1687.89,2025-09-11,null,null,0,No Repeat
48730,2744.31,2025-03-17,null,null,0,No Repeat
48731,3612.57,2025-10-07,null,null,0,No Repeat
48736,3769.29,2025-06-23,null,null,0,No Repeat
48745,10785.94,2025-04-24,2025-07-02,69,0,61-90 days
48751,4438.61,2025-04-18,2025-11-01,197,0,90+ days
48753,10850.07,2025-05-02,2025-11-15,197,0,90+ days
48754,6873.34,2025-05-03,2025-08-28,117,0,90+ days
48759,1756.94,2025-03-25,null,null,0,No Repeat
48760,2022.22,2025-03-23,null,null,0,No Repeat
48761,2740.57,2025-07-18,2025-09-04,48,0,31-60 days
48764,4449.78,2025-03-17,2025-07-03,108,0,90+ days
48765,8481.66,2025-09-15,2025-12-29,105,0,90+ days
48775,5781.66,2025-11-13,2025-12-21,38,0,31-60 days
48778,2591.4,2025-06-29,null,null,0,No Repeat
48791,8777.88,2025-05-06,2025-07-20,75,0,61-90 days
48792,8325.55,2025-09-26,2025-12-25,90,0,61-90 days
48795,10412.2,2025-05-20,2025-09-27,130,0,90+ days
48797,6968.45,2025-06-22,2025-07-30,38,0,31-60 days
48799,8382.67,2025-04-30,2025-06-27,58,0,31-60 days
48816,11781.38,2025-05-09,2026-02-13,280,0,90+ days
48822,7759.81,2025-03-03,2025-08-27,177,0,90+ days
48828,6627.09,2025-07-22,2025-07-31,9,1,8-30 days
48835,3481.43,2025-03-13,null,null,0,No Repeat
48841,4515.42,2025-05-21,2026-02-03,258,0,90+ days
48853,2978.61,2026-01-24,2026-02-24,31,0,31-60 days
48858,1572.23,2025-08-17,null,null,0,No Repeat
48859,5486.72,2025-05-18,2025-06-24,37,0,31-60 days
48862,4677.9,2025-10-18,null,null,0,No Repeat
48878,3694.9,2025-04-17,2025-08-11,116,0,90+ days
48887,2208.6,2025-11-23,null,null,0,No Repeat
48907,5122.99,2025-11-16,2025-12-22,36,0,31-60 days
48949,18795.35,2025-03-03,2025-03-05,2,1,0-7 days
48950,1077.71,2025-07-24,null,null,0,No Repeat
48956,2504.09,2025-10-01,null,null,0,No Repeat
48969,12335,2025-05-29,2025-07-29,61,0,61-90 days
48974,6977.84,2025-03-27,2025-04-18,22,1,8-30 days
48981,4650.42,2025-10-23,null,null,0,No Repeat
48985,8580.65,2025-10-24,2026-01-25,93,0,90+ days
48986,2367.28,2025-03-20,2025-07-15,117,0,90+ days
48989,2104.98,2026-02-02,null,null,0,No Repeat
48995,6253.32,2025-09-17,2026-02-25,161,0,90+ days
49008,8088.9,2025-05-25,2025-06-23,29,1,8-30 days
49014,605.6,2025-09-26,null,null,0,No Repeat
49017,3207.98,2025-09-03,null,null,0,No Repeat
49028,728.37,2025-12-12,null,null,0,No Repeat
49030,4751.37,2025-07-15,null,null,0,No Repeat
49037,4726.65,2025-06-18,null,null,0,No Repeat
49038,1545.4,2025-06-06,2025-08-02,57,0,31-60 days
49041,8828.12,2025-03-08,2026-01-03,301,0,90+ days
49050,4293.42,2025-03-13,2025-10-05,206,0,90+ days
49067,2312.04,2025-07-24,null,null,0,No Repeat
49072,10186.75,2025-11-03,2025-11-10,7,1,0-7 days
49090,4524.85,2025-07-16,null,null,0,No Repeat
49093,321.91,2025-09-30,null,null,0,No Repeat
49096,2717.22,2025-07-26,null,null,0,No Repeat
49106,2859.29,2025-04-18,2025-10-05,170,0,90+ days
49126,6476.35,2025-07-16,2025-07-20,4,1,0-7 days
49127,5532.99,2025-06-17,2025-08-12,56,0,31-60 days
49147,4835.96,2025-04-23,null,null,0,No Repeat
49165,4570.02,2025-05-28,2025-06-12,15,1,8-30 days
49177,3669.2,2025-04-22,2025-12-02,224,0,90+ days
49191,248.76,2026-02-12,null,null,0,No Repeat
49193,235.58,2025-07-05,null,null,0,No Repeat
49200,8486.1,2025-09-23,2026-02-01,131,0,90+ days
49201,7110.95,2025-06-18,2025-06-30,12,1,8-30 days
49229,4878.73,2025-03-13,2025-03-25,12,1,8-30 days
49253,7320.92,2025-03-13,2025-10-12,213,0,90+ days
49256,10826.38,2025-03-15,2025-07-17,124,0,90+ days
49259,8801.46,2025-04-15,2026-01-21,281,0,90+ days
49267,1862.85,2025-04-28,null,null,0,No Repeat
49279,4586.14,2025-11-30,null,null,0,No Repeat
49289,8958.9,2025-08-12,2025-08-24,12,1,8-30 days
49292,7622.35,2025-03-05,2025-05-10,66,0,61-90 days
49302,10229.27,2025-04-11,2025-07-25,105,0,90+ days
49307,7007.41,2026-01-14,2026-02-06,23,1,8-30 days
49308,3566.17,2025-04-26,null,null,0,No Repeat
49314,9148.59,2025-10-01,2025-11-05,35,0,31-60 days
49322,3712.8,2026-02-10,null,null,0,No Repeat
49328,3990.52,2025-09-11,null,null,0,No Repeat
49332,4862.24,2025-10-30,2025-11-15,16,1,8-30 days
49338,1639.84,2026-02-28,null,null,0,No Repeat
49356,1685.22,2026-02-21,null,null,0,No Repeat
49359,958.93,2025-11-26,null,null,0,No Repeat
49362,4045.76,2026-02-12,null,null,0,No Repeat
49372,4499.61,2025-06-28,null,null,0,No Repeat
49373,3410.49,2025-12-24,null,null,0,No Repeat
49377,8944.24,2025-04-04,2025-08-21,139,0,90+ days
49383,1454.7,2025-08-14,null,null,0,No Repeat
49392,4496.25,2025-08-03,null,null,0,No Repeat
49403,8708.75,2025-08-13,2025-08-23,10,1,8-30 days
49412,5800,2025-03-13,2025-05-07,55,0,31-60 days
49417,14449.56,2025-04-11,2025-05-04,23,1,8-30 days
49422,4314.38,2026-01-03,null,null,0,No Repeat
49429,4542.27,2025-10-13,null,null,0,No Repeat
49439,3957.38,2025-06-02,2025-09-24,114,0,90+ days
49445,3357.14,2025-04-11,2025-05-08,27,1,8-30 days
49449,1938.98,2025-03-11,null,null,0,No Repeat
49457,5750.22,2025-03-28,2026-01-02,280,0,90+ days
49458,8535.28,2025-06-14,2025-06-18,4,1,0-7 days
49462,2582.6,2026-02-23,null,null,0,No Repeat
49467,2721.62,2025-08-27,2025-08-28,1,1,0-7 days
49468,7830.98,2025-06-27,2025-11-04,130,0,90+ days
49482,1635.65,2025-08-07,null,null,0,No Repeat
49483,1604.04,2025-03-02,2025-03-04,2,1,0-7 days
49485,7289.04,2025-06-09,2025-10-08,121,0,90+ days
49491,3700.43,2025-04-10,null,null,0,No Repeat
49499,881.31,2025-12-05,2026-02-16,73,0,61-90 days
49500,3932.38,2025-08-21,null,null,0,No Repeat
49504,2212.35,2025-06-04,null,null,0,No Repeat
49505,11538.3,2025-05-12,2025-05-22,10,1,8-30 days
49511,3599.06,2025-12-17,null,null,0,No Repeat
49516,1060.59,2025-07-30,null,null,0,No Repeat
49519,1799.34,2025-05-08,null,null,0,No Repeat
49523,1915.69,2025-03-09,null,null,0,No Repeat
49526,7258.29,2025-06-18,2025-12-03,168,0,90+ days
49548,8949.6,2025-03-28,2025-06-05,69,0,61-90 days
49556,2305.69,2026-01-08,null,null,0,No Repeat
49568,715.98,2025-03-08,null,null,0,No Repeat
49579,3227.63,2025-10-13,null,null,0,No Repeat
49591,7057.85,2025-05-06,2025-06-15,40,0,31-60 days
49604,17154.07,2025-03-15,2025-06-24,101,0,90+ days
49605,7683.24,2025-06-07,2025-08-18,72,0,61-90 days
49607,10790.76,2025-04-29,2025-05-13,14,1,8-30 days
49617,354.95,2026-02-08,null,null,0,No Repeat
49625,9471.83,2025-05-05,2025-10-13,161,0,90+ days
49627,842.86,2025-07-29,null,null,0,No Repeat
49630,3199.07,2025-12-16,null,null,0,No Repeat
49631,376.33,2025-08-04,null,null,0,No Repeat
49633,3193.35,2025-12-15,null,null,0,No Repeat
49634,8045.12,2025-04-23,2025-05-07,14,1,8-30 days
49637,3015.49,2025-08-21,2026-01-27,159,0,90+ days
49640,14044.9,2025-03-14,2025-03-18,4,1,0-7 days
49641,3642.89,2025-11-27,null,null,0,No Repeat
49650,2063.45,2025-05-21,null,null,0,No Repeat
49652,4356.2,2025-05-07,2025-08-03,88,0,61-90 days
49661,3701.76,2025-09-16,null,null,0,No Repeat
49667,2143.24,2025-10-21,null,null,0,No Repeat
49690,7492.06,2025-07-09,2025-09-20,73,0,61-90 days
49698,4846.26,2025-07-02,2025-07-10,8,1,8-30 days
49704,3246.23,2025-07-31,null,null,0,No Repeat
49706,10571.2,2025-05-25,2025-07-03,39,0,31-60 days
49712,6419.57,2025-06-14,2025-09-15,93,0,90+ days
49722,4818.15,2025-11-17,null,null,0,No Repeat
49723,1961.13,2025-08-14,null,null,0,No Repeat
49730,1813.82,2025-06-18,2025-10-17,121,0,90+ days
49735,3042.66,2025-04-28,null,null,0,No Repeat
49738,11767.87,2025-03-31,2025-08-04,126,0,90+ days
49740,6489.24,2025-03-14,2025-04-18,35,0,31-60 days
49743,1256.64,2025-09-08,null,null,0,No Repeat
49752,2225.03,2025-09-06,null,null,0,No Repeat
49763,6369.65,2025-08-09,2025-09-15,37,0,31-60 days
49764,15117.11,2025-03-23,2025-06-27,96,0,90+ days
49769,4109.41,2025-08-12,null,null,0,No Repeat
49776,1255.43,2025-11-07,null,null,0,No Repeat
49777,2336.66,2025-06-24,null,null,0,No Repeat
49779,1769.86,2025-04-23,null,null,0,No Repeat
49790,6508.29,2025-03-28,2025-04-08,11,1,8-30 days
49793,1038.78,2025-07-28,null,null,0,No Repeat
49805,2921.26,2026-01-10,null,null,0,No Repeat
49814,1479.27,2025-04-21,null,null,0,No Repeat
49819,531.01,2025-11-08,null,null,0,No Repeat
49843,1067.01,2026-01-07,null,null,0,No Repeat
49845,1944.84,2025-06-21,2025-07-25,34,0,31-60 days
49864,2590.44,2025-03-29,null,null,0,No Repeat
49866,6550.07,2025-11-19,2026-01-18,60,0,31-60 days
49881,1214.73,2025-07-26,null,null,0,No Repeat
49890,3777.27,2025-03-07,null,null,0,No Repeat
49891,3890.15,2025-05-10,null,null,0,No Repeat
49892,1062.58,2026-02-07,null,null,0,No Repeat
49902,5874.58,2025-04-01,2026-01-08,282,0,90+ days
49905,8033.05,2025-07-05,2025-09-28,85,0,61-90 days
49909,6013.42,2025-08-03,2025-08-21,18,1,8-30 days
49910,6969.01,2025-11-07,2025-11-16,9,1,8-30 days
49916,8044.97,2025-06-18,2025-10-20,124,0,90+ days
49918,7671.55,2025-07-05,2025-10-13,100,0,90+ days
49931,6505.25,2025-08-25,2025-12-01,98,0,90+ days
49937,4618.86,2025-03-20,2025-07-30,132,0,90+ days
49951,3425.82,2026-02-17,null,null,0,No Repeat
49956,8133.37,2025-04-28,2025-07-16,79,0,61-90 days
49959,2728.41,2025-05-19,2025-07-04,46,0,31-60 days
49962,9911.66,2025-08-03,2025-10-22,80,0,61-90 days
49968,7567.76,2025-08-05,2025-08-11,6,1,0-7 days
49976,2190.03,2025-12-19,null,null,0,No Repeat
49982,8752.38,2025-04-09,2025-09-27,171,0,90+ days
49983,4489.71,2025-10-05,2025-12-22,78,0,61-90 days
49985,5364.46,2025-05-27,2025-08-08,73,0,61-90 days
49995,10327.68,2025-03-13,2025-04-28,46,0,31-60 days
49997,2509.74,2025-10-02,null,null,0,No Repeat
