customer_id,signup_timestamp,acquisition_channel,country,city,gender,age_group
2,2025-06-15T12:52:29.689Z,Paid Ads,India,Lake Paulborough,Male,45+
18,2025-08-15T12:52:29.689Z,Referral,India,Port Melissafurt,Male,35-44
32,2026-01-12T12:52:29.689Z,Paid Ads,India,West Julia,Female,18-24
33,2025-11-09T12:52:29.689Z,Influencer,India,East Katie,Other,45+
39,2025-10-12T12:52:29.689Z,Paid Ads,India,West April,Female,45+
41,2026-01-16T12:52:29.689Z,Organic,India,Garrisonmouth,Other,25-34
42,2025-11-11T12:52:29.689Z,Organic,India,North Juliashire,Other,35-44
44,2025-10-22T12:52:29.689Z,Paid Ads,India,Pughbury,Male,45+
50,2025-12-28T12:52:29.689Z,Email,India,Hoffmanhaven,Male,25-34
65,2025-11-30T12:52:29.689Z,Influencer,India,Ginaville,Other,35-44
83,2025-06-22T12:52:29.689Z,Influencer,India,Michelleview,Female,25-34
92,2025-07-20T12:52:29.689Z,Referral,India,New Travis,Male,25-34
116,2025-10-12T12:52:29.689Z,Email,India,Lopezshire,Female,35-44
119,2025-11-12T12:52:29.689Z,Paid Ads,India,Moonmouth,Other,35-44
144,2025-04-11T12:52:29.689Z,Email,India,Mccarthystad,Female,18-24
149,2025-07-10T12:52:29.689Z,Referral,India,South Malik,Male,25-34
150,2025-03-04T12:52:29.689Z,Organic,India,South Stephanie,Other,45+
155,2025-09-01T12:52:29.689Z,Organic,India,Jeffreyside,Other,18-24
184,2025-11-01T12:52:29.689Z,Influencer,India,West Robert,Male,18-24
186,2026-01-31T12:52:29.689Z,Organic,India,Lopezfurt,Other,18-24
190,2025-07-26T12:52:29.689Z,Paid Ads,India,Barbarahaven,Female,25-34
196,2025-10-02T12:52:29.689Z,Organic,India,New Ralph,Other,45+
198,2025-03-22T12:52:29.689Z,Email,India,New Annette,Male,25-34
199,2025-09-03T12:52:29.689Z,Influencer,India,Edwardsburgh,Other,18-24
221,2025-06-23T12:52:29.689Z,Influencer,India,Aliciaside,Male,18-24
223,2025-06-30T12:52:29.689Z,Email,India,Hatfieldside,Other,18-24
228,2025-09-14T12:52:29.689Z,Influencer,India,Markland,Male,18-24
235,2025-12-21T12:52:29.689Z,Influencer,India,Joanmouth,Female,35-44
238,2025-10-11T12:52:29.689Z,Paid Ads,India,West Amanda,Other,35-44
242,2025-08-14T12:52:29.689Z,Referral,India,Brittanyport,Male,35-44
246,2026-01-30T12:52:29.689Z,Referral,India,North Roseview,Female,45+
248,2025-11-20T12:52:29.689Z,Influencer,India,New Nathanfurt,Male,45+
251,2025-06-29T12:52:29.689Z,Organic,India,Vasquezside,Male,25-34
265,2025-04-23T12:52:29.689Z,Referral,India,Jenningsport,Other,18-24
269,2025-09-21T12:52:29.689Z,Organic,India,East Jacob,Male,25-34
273,2025-11-05T12:52:29.689Z,Referral,India,Lopezhaven,Male,35-44
285,2025-03-12T12:52:29.689Z,Paid Ads,India,Davidfurt,Female,25-34
287,2025-10-22T12:52:29.689Z,Email,India,South Kevinchester,Male,35-44
290,2025-03-18T12:52:29.689Z,Influencer,India,North Tammyville,Other,45+
297,2025-11-08T12:52:29.689Z,Organic,India,West Blakeland,Other,18-24
300,2026-01-23T12:52:29.689Z,Paid Ads,India,North Johntown,Male,25-34
301,2025-04-12T12:52:29.689Z,Referral,India,Reginaldchester,Male,25-34
303,2025-09-11T12:52:29.689Z,Email,India,Port John,Other,18-24
308,2025-11-21T12:52:29.689Z,Organic,India,South Melanie,Other,18-24
312,2025-06-26T12:52:29.689Z,Organic,India,South Lindatown,Other,18-24
315,2025-12-10T12:52:29.689Z,Paid Ads,India,Port Mary,Male,45+
320,2025-12-06T12:52:29.689Z,Paid Ads,India,Espinozamouth,Female,25-34
336,2026-01-27T12:52:29.689Z,Referral,India,West Kevinland,Other,35-44
337,2025-07-19T12:52:29.689Z,Referral,India,Beasleybury,Female,18-24
340,2025-10-07T12:52:29.689Z,Paid Ads,India,Lake Kirsten,Male,25-34
347,2025-05-12T12:52:29.689Z,Email,India,Anthonyburgh,Female,18-24
355,2025-03-07T12:52:29.689Z,Referral,India,Cartermouth,Male,45+
357,2025-07-08T12:52:29.689Z,Influencer,India,East Davidville,Other,45+
358,2025-07-19T12:52:29.689Z,Paid Ads,India,Alexandraside,Other,25-34
359,2025-06-01T12:52:29.689Z,Organic,India,New Brianview,Other,25-34
363,2025-03-06T12:52:29.689Z,Influencer,India,Collinsborough,Male,25-34
364,2025-03-08T12:52:29.689Z,Paid Ads,India,Donnashire,Female,18-24
367,2025-10-18T12:52:29.689Z,Referral,India,North Jessicahaven,Male,35-44
368,2025-08-03T12:52:29.689Z,Organic,India,Tapiaberg,Other,45+
370,2026-01-03T12:52:29.689Z,Email,India,South Christina,Other,25-34
380,2025-12-29T12:52:29.689Z,Paid Ads,India,Melissaville,Female,25-34
381,2025-04-03T12:52:29.689Z,Referral,India,Walkerbury,Other,25-34
384,2026-01-24T12:52:29.689Z,Email,India,New Kent,Other,35-44
395,2025-11-27T12:52:29.689Z,Referral,India,North Willieborough,Male,18-24
409,2025-05-05T12:52:29.689Z,Influencer,India,West Taylor,Female,18-24
410,2025-07-14T12:52:29.689Z,Referral,India,Erinfurt,Other,35-44
431,2025-04-13T12:52:29.689Z,Referral,India,Rayland,Male,35-44
433,2025-11-14T12:52:29.689Z,Paid Ads,India,Johnberg,Female,25-34
443,2025-05-08T12:52:29.689Z,Paid Ads,India,Port Katherine,Female,18-24
471,2026-01-20T12:52:29.689Z,Email,India,East Melissaberg,Male,18-24
474,2025-09-05T12:52:29.689Z,Influencer,India,South Michelle,Other,25-34
477,2025-08-21T12:52:29.689Z,Email,India,Lake Vernonhaven,Female,45+
480,2025-09-26T12:52:29.689Z,Influencer,India,Port Tonya,Male,18-24
484,2026-01-14T12:52:29.689Z,Paid Ads,India,Andersonchester,Male,35-44
488,2025-06-28T12:52:29.689Z,Influencer,India,Loganmouth,Other,35-44
495,2025-07-23T12:52:29.689Z,Email,India,North Nicholasmouth,Other,25-34
508,2026-01-31T12:52:29.689Z,Referral,India,Evelyntown,Male,35-44
513,2025-09-16T12:52:29.689Z,Paid Ads,India,East Lauraside,Female,18-24
516,2025-09-06T12:52:29.689Z,Influencer,India,Vasquezmouth,Other,45+
518,2025-09-10T12:52:29.689Z,Influencer,India,Hillshire,Other,45+
525,2025-04-07T12:52:29.689Z,Referral,India,New Ryanberg,Female,25-34
532,2025-04-01T12:52:29.689Z,Paid Ads,India,North Stevenview,Male,25-34
536,2026-02-04T12:52:29.689Z,Influencer,India,Veronicaside,Female,18-24
542,2025-07-23T12:52:29.689Z,Referral,India,Summerberg,Male,35-44
543,2025-12-31T12:52:29.689Z,Email,India,East Jerry,Male,45+
555,2025-08-28T12:52:29.689Z,Paid Ads,India,Johnsonland,Male,25-34
558,2025-03-16T12:52:29.689Z,Paid Ads,India,New Samuel,Male,35-44
562,2025-09-16T12:52:29.689Z,Organic,India,Port Jenna,Male,18-24
567,2026-01-06T12:52:29.689Z,Email,India,Katherinechester,Female,35-44
569,2025-11-06T12:52:29.689Z,Influencer,India,Andreaview,Male,18-24
580,2025-03-27T12:52:29.689Z,Influencer,India,Robinport,Male,35-44
588,2025-10-14T12:52:29.689Z,Organic,India,Riceport,Female,25-34
605,2025-05-10T12:52:29.689Z,Organic,India,Ericburgh,Other,35-44
624,2025-11-11T12:52:29.689Z,Referral,India,East Brendaberg,Other,35-44
629,2025-06-25T12:52:29.689Z,Referral,India,Timothyland,Male,45+
634,2026-02-13T12:52:29.689Z,Referral,India,New Melissa,Female,18-24
645,2026-02-03T12:52:29.689Z,Influencer,India,Brownfort,Male,35-44
653,2025-06-25T12:52:29.689Z,Organic,India,Crawfordtown,Other,18-24
658,2026-01-25T12:52:29.689Z,Influencer,India,Port Dawnmouth,Other,45+
664,2026-02-18T12:52:29.689Z,Organic,India,Sandrastad,Other,25-34
665,2025-06-17T12:52:29.689Z,Organic,India,Jontown,Other,35-44
672,2025-08-10T12:52:29.689Z,Organic,India,Leefurt,Male,35-44
679,2025-04-08T12:52:29.689Z,Organic,India,Michaelbury,Other,25-34
687,2026-02-24T12:52:29.689Z,Influencer,India,Lake Sharonfurt,Other,25-34
697,2025-03-19T12:52:29.689Z,Paid Ads,India,Greenshire,Female,35-44
711,2025-06-09T12:52:29.689Z,Paid Ads,India,Luisbury,Other,25-34
718,2025-08-08T12:52:29.689Z,Referral,India,West Sydney,Male,35-44
723,2025-04-17T12:52:29.689Z,Influencer,India,Port Andrewfurt,Male,25-34
725,2025-06-09T12:52:29.689Z,Paid Ads,India,Mathisborough,Female,25-34
739,2026-02-08T12:52:29.689Z,Paid Ads,India,Williamsville,Other,18-24
750,2026-02-02T12:52:29.689Z,Referral,India,Moralesbury,Male,18-24
753,2025-08-19T12:52:29.689Z,Email,India,Lake Christophermouth,Male,25-34
754,2025-11-08T12:52:29.689Z,Email,India,Schneiderbury,Male,45+
757,2025-06-24T12:52:29.689Z,Paid Ads,India,Amyborough,Male,35-44
759,2025-08-01T12:52:29.689Z,Influencer,India,Timothyburgh,Female,45+
768,2025-03-28T12:52:29.689Z,Email,India,New Victoria,Male,18-24
777,2025-08-16T12:52:29.689Z,Email,India,Paultown,Other,35-44
783,2025-04-29T12:52:29.689Z,Email,India,Lake Jackieville,Other,25-34
785,2025-12-03T12:52:29.689Z,Paid Ads,India,Jonesbury,Female,35-44
791,2025-04-26T12:52:29.689Z,Referral,India,Stephanieshire,Other,35-44
795,2025-12-26T12:52:29.689Z,Referral,India,Richardtown,Other,25-34
798,2026-02-11T12:52:29.689Z,Referral,India,North Lisamouth,Female,18-24
805,2025-07-13T12:52:29.689Z,Influencer,India,West Brittanymouth,Male,25-34
806,2026-01-29T12:52:29.689Z,Referral,India,Jennaview,Male,25-34
813,2025-12-06T12:52:29.689Z,Paid Ads,India,Port Joseph,Other,18-24
814,2025-05-31T12:52:29.689Z,Organic,India,Randallmouth,Other,35-44
837,2025-08-18T12:52:29.689Z,Paid Ads,India,Jessicafort,Female,25-34
849,2025-11-05T12:52:29.689Z,Referral,India,Berrytown,Male,35-44
863,2025-07-15T12:52:29.689Z,Email,India,Virginialand,Male,18-24
866,2025-07-11T12:52:29.689Z,Email,India,West Jackieburgh,Other,18-24
879,2025-06-06T12:52:29.689Z,Organic,India,North Michaeltown,Female,45+
880,2025-03-13T12:52:29.689Z,Paid Ads,India,West Adam,Male,18-24
882,2025-12-26T12:52:29.689Z,Organic,India,Tinatown,Female,45+
894,2026-01-07T12:52:29.689Z,Email,India,Danielbury,Female,35-44
896,2025-04-05T12:52:29.689Z,Influencer,India,Kimfurt,Male,25-34
905,2025-04-21T12:52:29.689Z,Referral,India,Holmesburgh,Other,18-24
908,2026-02-03T12:52:29.689Z,Referral,India,North Jessica,Female,35-44
918,2025-09-25T12:52:29.689Z,Paid Ads,India,Cowanchester,Other,18-24
936,2025-09-02T12:52:29.689Z,Influencer,India,Port Joel,Other,35-44
939,2025-06-03T12:52:29.689Z,Paid Ads,India,North Madisonside,Female,35-44
954,2025-09-11T12:52:29.689Z,Email,India,Port Phillip,Female,45+
956,2025-09-02T12:52:29.689Z,Paid Ads,India,North Jenniferville,Male,18-24
964,2025-06-10T12:52:29.689Z,Paid Ads,India,South William,Other,25-34
967,2026-01-19T12:52:29.689Z,Paid Ads,India,Lindatown,Female,35-44
969,2025-03-11T12:52:29.689Z,Email,India,Joannaborough,Female,18-24
977,2025-04-06T12:52:29.689Z,Organic,India,Craigland,Female,18-24
996,2025-08-16T12:52:29.689Z,Paid Ads,India,Jonathanbury,Female,18-24
997,2025-10-14T12:52:29.689Z,Referral,India,East Charleneshire,Female,45+
999,2025-04-26T12:52:29.689Z,Email,India,Port Sylvia,Male,35-44
1003,2025-10-22T12:52:29.689Z,Organic,India,Meganchester,Female,35-44
1026,2025-05-29T12:52:29.689Z,Email,India,Parksland,Male,45+
1031,2025-09-14T12:52:29.689Z,Paid Ads,India,West Thomas,Female,18-24
1032,2025-09-18T12:52:29.689Z,Referral,India,South Carolyn,Female,35-44
1047,2025-03-12T12:52:29.689Z,Referral,India,Nancyborough,Female,45+
1055,2026-02-10T12:52:29.689Z,Influencer,India,Lake David,Other,25-34
1060,2025-10-28T12:52:29.689Z,Organic,India,Lake Amanda,Male,35-44
1061,2025-03-19T12:52:29.689Z,Email,India,West Rachel,Male,35-44
1065,2025-11-01T12:52:29.689Z,Referral,India,West Robinside,Female,35-44
1075,2025-06-25T12:52:29.689Z,Email,India,Randallchester,Male,18-24
1085,2025-10-17T12:52:29.689Z,Influencer,India,East Vicki,Other,18-24
1094,2025-05-08T12:52:29.689Z,Email,India,Ashleyfort,Female,35-44
1096,2026-02-18T12:52:29.689Z,Referral,India,Robertberg,Female,45+
1097,2025-04-06T12:52:29.689Z,Email,India,Erikport,Female,45+
1098,2025-08-05T12:52:29.689Z,Organic,India,East Jessica,Other,45+
1099,2025-05-14T12:52:29.689Z,Influencer,India,East April,Male,25-34
1108,2025-03-11T12:52:29.689Z,Influencer,India,South Richard,Other,45+
1113,2026-01-29T12:52:29.689Z,Paid Ads,India,Lake Georgetown,Female,35-44
1119,2025-06-07T12:52:29.689Z,Referral,India,Dyerview,Other,25-34
1134,2025-09-16T12:52:29.689Z,Referral,India,Johnsonton,Male,35-44
1159,2025-05-08T12:52:29.689Z,Influencer,India,Freemanberg,Female,18-24
1173,2026-02-02T12:52:29.689Z,Organic,India,Port Tammy,Other,45+
1178,2025-07-31T12:52:29.689Z,Organic,India,Angieburgh,Male,35-44
1180,2025-03-10T12:52:29.689Z,Paid Ads,India,Laurenshire,Other,18-24
1183,2025-09-16T12:52:29.689Z,Organic,India,Carpenterburgh,Other,18-24
1184,2025-05-04T12:52:29.689Z,Influencer,India,New Terrenceport,Male,35-44
1190,2026-02-06T12:52:29.689Z,Referral,India,Hansonchester,Male,25-34
1191,2025-08-25T12:52:29.689Z,Referral,India,South Teresaton,Male,18-24
1192,2025-12-07T12:52:29.689Z,Referral,India,Stevenston,Female,35-44
1193,2025-09-19T12:52:29.689Z,Organic,India,Perezfurt,Male,35-44
1196,2025-04-28T12:52:29.689Z,Organic,India,Brianstad,Male,35-44
1212,2026-01-05T12:52:29.689Z,Referral,India,Dixonchester,Female,45+
1215,2025-07-01T12:52:29.689Z,Referral,India,Lake Maxwell,Male,18-24
1239,2025-05-06T12:52:29.689Z,Paid Ads,India,Lake Ashleystad,Other,45+
1249,2025-06-30T12:52:29.689Z,Email,India,Port April,Other,45+
1268,2025-12-26T12:52:29.689Z,Paid Ads,India,East Danielbury,Male,45+
1275,2025-09-18T12:52:29.689Z,Email,India,East Sandra,Female,25-34
1293,2025-10-13T12:52:29.689Z,Email,India,Josephland,Female,35-44
1299,2025-12-20T12:52:29.689Z,Referral,India,Pachecoville,Other,45+
1303,2026-01-19T12:52:29.689Z,Organic,India,Erinside,Male,35-44
1313,2025-07-01T12:52:29.689Z,Email,India,West William,Male,25-34
1319,2026-02-01T12:52:29.689Z,Organic,India,East Jeffreymouth,Male,25-34
1323,2025-03-11T12:52:29.689Z,Paid Ads,India,Port Sydneyfurt,Male,18-24
1327,2025-09-24T12:52:29.689Z,Referral,India,South Meganmouth,Other,25-34
1333,2025-03-16T12:52:29.689Z,Influencer,India,Rossshire,Male,25-34
1341,2025-03-31T12:52:29.689Z,Influencer,India,Caseyberg,Other,45+
1344,2025-10-28T12:52:29.689Z,Organic,India,Moralesburgh,Male,25-34
1352,2025-10-21T12:52:29.689Z,Influencer,India,Jonesberg,Female,45+
1355,2025-06-15T12:52:29.689Z,Paid Ads,India,Emilyberg,Other,25-34
1374,2025-05-24T12:52:29.689Z,Referral,India,Lake Erik,Female,25-34
1377,2025-05-22T12:52:29.689Z,Organic,India,Sloanland,Female,35-44
1378,2026-01-18T12:52:29.689Z,Organic,India,Hendersonberg,Male,45+
1380,2026-01-24T12:52:29.689Z,Paid Ads,India,South Susan,Other,45+
1385,2025-06-27T12:52:29.689Z,Organic,India,North Aprilport,Female,35-44
1387,2025-08-09T12:52:29.689Z,Organic,India,Kaylashire,Male,25-34
1391,2025-11-10T12:52:29.689Z,Email,India,North Dawn,Male,45+
1396,2025-05-21T12:52:29.689Z,Email,India,North Christopher,Female,18-24
1403,2026-01-20T12:52:29.689Z,Referral,India,Lake Carriefort,Male,25-34
1409,2025-05-03T12:52:29.689Z,Referral,India,Berryton,Male,18-24
1415,2025-08-21T12:52:29.689Z,Organic,India,Morseton,Male,45+
1420,2025-04-23T12:52:29.689Z,Email,India,Kennethmouth,Female,18-24
1421,2025-08-15T12:52:29.689Z,Email,India,Lake Melissachester,Female,18-24
1422,2025-11-23T12:52:29.689Z,Influencer,India,Alexmouth,Female,45+
1423,2025-04-16T12:52:29.689Z,Paid Ads,India,Williamston,Other,35-44
1434,2026-02-24T12:52:29.689Z,Organic,India,Montgomeryfort,Other,18-24
1442,2025-12-04T12:52:29.689Z,Paid Ads,India,East Lisaberg,Female,35-44
1444,2025-10-06T12:52:29.689Z,Referral,India,North Alicia,Male,45+
1452,2025-03-24T12:52:29.689Z,Email,India,Port James,Male,35-44
1455,2025-10-24T12:52:29.689Z,Paid Ads,India,New Cody,Other,35-44
1456,2025-03-08T12:52:29.689Z,Paid Ads,India,Teresaview,Male,35-44
1459,2025-12-31T12:52:29.689Z,Referral,India,West Wendyport,Female,45+
1466,2025-09-04T12:52:29.689Z,Organic,India,Brandonport,Other,25-34
1469,2025-07-21T12:52:29.689Z,Organic,India,Robertmouth,Other,18-24
1477,2025-12-20T12:52:29.689Z,Organic,India,Melaniehaven,Male,18-24
1478,2025-06-18T12:52:29.689Z,Organic,India,Port Jennifer,Male,35-44
1480,2025-09-09T12:52:29.689Z,Email,India,New Rachel,Male,18-24
1483,2025-11-13T12:52:29.689Z,Organic,India,Danielstad,Other,18-24
1487,2025-03-20T12:52:29.689Z,Email,India,Roystad,Other,45+
1489,2025-07-02T12:52:29.689Z,Influencer,India,Juliahaven,Female,35-44
1493,2025-11-26T12:52:29.689Z,Paid Ads,India,South Tonyburgh,Other,25-34
1495,2025-08-30T12:52:29.689Z,Email,India,Martinborough,Male,35-44
1507,2025-06-23T12:52:29.689Z,Paid Ads,India,Ruizville,Other,35-44
1511,2025-04-18T12:52:29.689Z,Influencer,India,Rebeccatown,Male,35-44
1515,2025-03-20T12:52:29.689Z,Referral,India,Fergusonmouth,Female,35-44
1516,2025-08-28T12:52:29.689Z,Referral,India,West Adam,Male,25-34
1519,2025-08-26T12:52:29.689Z,Organic,India,North Josephshire,Male,25-34
1534,2025-04-27T12:52:29.689Z,Influencer,India,New Daniel,Female,35-44
1541,2026-01-06T12:52:29.689Z,Referral,India,Scottside,Male,25-34
1548,2025-09-27T12:52:29.689Z,Email,India,Darrenville,Female,35-44
1557,2025-07-21T12:52:29.689Z,Email,India,New Jennifer,Male,18-24
1560,2025-06-02T12:52:29.689Z,Referral,India,Sharpville,Male,18-24
1562,2026-01-08T12:52:29.689Z,Influencer,India,Grayside,Other,45+
1576,2025-09-01T12:52:29.689Z,Referral,India,Bryantmouth,Female,35-44
1580,2025-11-11T12:52:29.689Z,Paid Ads,India,Port Krystal,Other,18-24
1592,2026-01-02T12:52:29.689Z,Influencer,India,Lake Michaelborough,Other,45+
1595,2025-10-15T12:52:29.689Z,Referral,India,Rachelville,Female,25-34
1597,2025-03-24T12:52:29.689Z,Organic,India,South Rhondaton,Female,35-44
1598,2025-04-20T12:52:29.689Z,Influencer,India,New Samanthaburgh,Male,25-34
1601,2025-08-24T12:52:29.689Z,Referral,India,Lake Michael,Other,25-34
1605,2026-01-06T12:52:29.689Z,Referral,India,North Kathrynport,Other,35-44
1614,2025-05-19T12:52:29.689Z,Paid Ads,India,Mollyfort,Female,45+
1615,2025-09-27T12:52:29.689Z,Organic,India,Tammyton,Female,25-34
1621,2026-01-17T12:52:29.689Z,Paid Ads,India,Hendersonbury,Male,18-24
1623,2025-11-20T12:52:29.689Z,Email,India,North Meganbury,Male,35-44
1632,2025-10-12T12:52:29.689Z,Paid Ads,India,Chapmanfurt,Male,45+
1633,2025-11-30T12:52:29.689Z,Influencer,India,Cruzmouth,Other,18-24
1638,2025-12-10T12:52:29.689Z,Email,India,Jasonport,Male,25-34
1640,2025-11-08T12:52:29.689Z,Email,India,Benjaminfort,Male,35-44
1651,2025-09-15T12:52:29.689Z,Paid Ads,India,New Derrick,Female,35-44
1653,2025-08-16T12:52:29.689Z,Influencer,India,New Alexaborough,Male,45+
1654,2025-12-30T12:52:29.689Z,Email,India,Vincentborough,Male,35-44
1668,2025-12-21T12:52:29.689Z,Email,India,Landryview,Female,25-34
1679,2025-09-12T12:52:29.689Z,Influencer,India,Thomasberg,Other,35-44
1682,2025-06-26T12:52:29.689Z,Referral,India,Thomasbury,Female,18-24
1683,2025-11-07T12:52:29.689Z,Email,India,Martinville,Female,18-24
1684,2026-01-07T12:52:29.689Z,Paid Ads,India,Rogersland,Other,18-24
1692,2025-12-27T12:52:29.689Z,Paid Ads,India,Nelsonfurt,Female,25-34
1699,2025-07-27T12:52:29.689Z,Paid Ads,India,Brianborough,Female,18-24
1700,2026-01-23T12:52:29.689Z,Email,India,New Rebecca,Other,18-24
1705,2025-12-18T12:52:29.689Z,Organic,India,Sheilaburgh,Other,18-24
1706,2025-07-10T12:52:29.689Z,Paid Ads,India,North Colinton,Other,25-34
1711,2025-10-19T12:52:29.689Z,Organic,India,Boydstad,Other,35-44
1723,2025-10-25T12:52:29.689Z,Paid Ads,India,Port Michaelside,Other,35-44
1732,2025-10-26T12:52:29.689Z,Referral,India,Andersonton,Male,18-24
1754,2025-04-20T12:52:29.689Z,Paid Ads,India,North Aliciatown,Other,25-34
1757,2025-03-28T12:52:29.689Z,Organic,India,Davidshire,Female,35-44
1772,2025-05-28T12:52:29.689Z,Referral,India,Cherylmouth,Other,25-34
1787,2025-09-20T12:52:29.689Z,Organic,India,Madisonbury,Other,25-34
1789,2025-12-09T12:52:29.689Z,Paid Ads,India,Lake Brian,Male,18-24
1797,2025-11-05T12:52:29.689Z,Email,India,Cindyberg,Other,18-24
1798,2025-03-04T12:52:29.689Z,Referral,India,Timothymouth,Male,18-24
1801,2025-09-24T12:52:29.689Z,Organic,India,West Keithside,Male,25-34
1809,2025-06-12T12:52:29.689Z,Influencer,India,New Tiffanyberg,Other,35-44
1811,2025-10-11T12:52:29.689Z,Referral,India,Port Becky,Female,35-44
1812,2026-02-12T12:52:29.689Z,Email,India,Lake Jillian,Female,45+
1814,2025-11-13T12:52:29.689Z,Influencer,India,Martinmouth,Other,45+
1826,2025-03-06T12:52:29.689Z,Paid Ads,India,New Bradleyview,Other,25-34
1827,2025-06-15T12:52:29.689Z,Paid Ads,India,Williamchester,Female,18-24
1836,2025-08-21T12:52:29.689Z,Organic,India,New Brian,Male,18-24
1837,2026-01-14T12:52:29.689Z,Paid Ads,India,West Luisfurt,Female,45+
1839,2025-08-19T12:52:29.689Z,Organic,India,New Joshua,Male,45+
1841,2025-08-09T12:52:29.689Z,Paid Ads,India,Ricefurt,Other,45+
1849,2025-09-11T12:52:29.689Z,Paid Ads,India,Jonathanborough,Other,45+
1854,2026-02-28T12:52:29.689Z,Influencer,India,Lake Jasonville,Male,35-44
1859,2025-03-22T12:52:29.689Z,Organic,India,Fernandezfurt,Male,18-24
1860,2025-03-03T12:52:29.689Z,Referral,India,Payneburgh,Other,45+
1861,2025-05-10T12:52:29.689Z,Referral,India,Emilymouth,Other,45+
1863,2025-07-08T12:52:29.689Z,Organic,India,Lake Brooke,Other,45+
1872,2025-09-23T12:52:29.689Z,Referral,India,Saraview,Male,45+
1877,2025-06-26T12:52:29.689Z,Email,India,Kellyville,Male,25-34
1878,2025-12-14T12:52:29.689Z,Email,India,Daleberg,Female,45+
1879,2026-01-01T12:52:29.689Z,Referral,India,Thomasville,Female,35-44
1887,2026-02-04T12:52:29.689Z,Email,India,North Steve,Female,45+
1891,2025-03-03T12:52:29.689Z,Referral,India,Patricktown,Male,18-24
1894,2025-09-13T12:52:29.689Z,Influencer,India,East Brianamouth,Other,35-44
1909,2025-12-06T12:52:29.689Z,Paid Ads,India,Bryantview,Male,25-34
1910,2026-02-03T12:52:29.689Z,Email,India,Matthewfort,Other,35-44
1911,2026-02-05T12:52:29.689Z,Paid Ads,India,Mezaton,Other,25-34
1920,2026-01-29T12:52:29.689Z,Email,India,Port Karenchester,Other,25-34
1923,2025-10-10T12:52:29.689Z,Referral,India,Debramouth,Male,25-34
1927,2025-05-26T12:52:29.689Z,Organic,India,Debramouth,Female,25-34
1933,2025-05-15T12:52:29.689Z,Organic,India,North Aliciafurt,Male,35-44
1941,2025-07-27T12:52:29.689Z,Email,India,New Brandonshire,Male,18-24
1950,2025-05-11T12:52:29.689Z,Email,India,Bethfort,Male,35-44
1951,2026-01-18T12:52:29.689Z,Email,India,Lake Jason,Other,45+
1972,2025-07-22T12:52:29.689Z,Paid Ads,India,Schwartzside,Male,45+
1983,2025-06-13T12:52:29.689Z,Organic,India,New Henryberg,Other,18-24
1988,2025-06-19T12:52:29.689Z,Paid Ads,India,East Stephanie,Female,18-24
2007,2025-08-10T12:52:29.689Z,Paid Ads,India,Port Angela,Male,18-24
2011,2025-06-17T12:52:29.689Z,Paid Ads,India,Port Bailey,Male,18-24
2019,2025-09-17T12:52:29.689Z,Influencer,India,West Kathleenmouth,Male,35-44
2034,2025-03-13T12:52:29.689Z,Influencer,India,West Shanetown,Other,45+
2035,2025-03-01T12:52:29.689Z,Paid Ads,India,Lake Teresa,Other,35-44
2039,2026-01-15T12:52:29.689Z,Email,India,West Pam,Female,18-24
2041,2025-07-10T12:52:29.689Z,Paid Ads,India,Carriemouth,Male,18-24
2042,2025-10-27T12:52:29.689Z,Email,India,Port Jennifer,Other,35-44
2043,2026-01-26T12:52:29.689Z,Referral,India,Flemingside,Male,35-44
2047,2025-04-18T12:52:29.689Z,Paid Ads,India,Jasmineburgh,Female,45+
2048,2025-12-01T12:52:29.689Z,Influencer,India,Mckinneyview,Male,45+
2067,2025-12-10T12:52:29.689Z,Email,India,East Manuel,Male,45+
2071,2026-01-12T12:52:29.689Z,Influencer,India,Russellport,Female,45+
2075,2025-08-17T12:52:29.689Z,Influencer,India,Blevinsfort,Other,18-24
2079,2025-11-04T12:52:29.689Z,Paid Ads,India,Lake Michaelbury,Other,45+
2092,2025-11-04T12:52:29.689Z,Influencer,India,Dawsonborough,Other,35-44
2095,2025-09-04T12:52:29.689Z,Paid Ads,India,Biancaberg,Male,18-24
2106,2025-12-15T12:52:29.689Z,Paid Ads,India,North Stephaniemouth,Female,18-24
2107,2026-02-09T12:52:29.689Z,Email,India,East Valeriemouth,Female,45+
2110,2025-05-23T12:52:29.689Z,Influencer,India,North Matthewville,Female,25-34
2122,2025-05-21T12:52:29.689Z,Referral,India,West Katherine,Other,25-34
2131,2025-12-27T12:52:29.689Z,Email,India,Montgomeryport,Other,18-24
2135,2025-05-14T12:52:29.689Z,Paid Ads,India,Walkerbury,Female,25-34
2137,2025-12-18T12:52:29.689Z,Email,India,Port Larryberg,Female,18-24
2144,2025-08-25T12:52:29.689Z,Paid Ads,India,East Monica,Female,18-24
2146,2025-05-15T12:52:29.689Z,Organic,India,West Erikaview,Other,18-24
2151,2025-12-03T12:52:29.689Z,Referral,India,West Kathryn,Male,35-44
2155,2025-08-14T12:52:29.689Z,Organic,India,Lake Erinside,Other,25-34
2163,2025-08-17T12:52:29.689Z,Influencer,India,North Briannaport,Female,18-24
2165,2025-11-04T12:52:29.689Z,Organic,India,Brewerhaven,Male,25-34
2173,2025-06-17T12:52:29.689Z,Influencer,India,North Jessicafurt,Other,35-44
2194,2025-12-02T12:52:29.689Z,Organic,India,Vincentton,Other,45+
2214,2025-11-27T12:52:29.689Z,Organic,India,Port James,Female,35-44
2215,2025-08-19T12:52:29.689Z,Paid Ads,India,Lake Benjamin,Other,35-44
2226,2025-08-25T12:52:29.689Z,Paid Ads,India,Johnview,Male,25-34
2228,2025-07-08T12:52:29.689Z,Referral,India,Lake Michael,Female,35-44
2233,2025-09-03T12:52:29.689Z,Influencer,India,North Patricia,Other,18-24
2238,2025-11-24T12:52:29.689Z,Referral,India,Barrerashire,Other,35-44
2247,2025-11-17T12:52:29.689Z,Organic,India,New Juanview,Female,35-44
2253,2026-01-17T12:52:29.689Z,Organic,India,Jenniferborough,Female,45+
2256,2025-04-06T12:52:29.689Z,Organic,India,Jennifermouth,Male,25-34
2258,2025-06-05T12:52:29.689Z,Influencer,India,Jonesfort,Male,25-34
2265,2025-12-04T12:52:29.689Z,Influencer,India,Mcintyremouth,Female,45+
2266,2025-04-18T12:52:29.689Z,Email,India,Jesseville,Other,25-34
2267,2025-08-18T12:52:29.689Z,Organic,India,Port Ashleystad,Male,35-44
2274,2025-09-22T12:52:29.689Z,Influencer,India,Alanton,Female,25-34
2282,2026-01-14T12:52:29.689Z,Paid Ads,India,Simmonsbury,Other,25-34
2285,2025-09-23T12:52:29.689Z,Paid Ads,India,East Sabrina,Female,25-34
2286,2025-04-05T12:52:29.689Z,Referral,India,Shellyview,Male,25-34
2287,2025-06-14T12:52:29.689Z,Referral,India,Pottsview,Other,25-34
2290,2025-10-09T12:52:29.689Z,Organic,India,Williamsfurt,Other,35-44
2304,2026-01-04T12:52:29.689Z,Referral,India,Woodsport,Male,25-34
2306,2025-06-11T12:52:29.689Z,Influencer,India,New Frankmouth,Female,45+
2315,2025-08-19T12:52:29.689Z,Email,India,Tommychester,Male,35-44
2326,2025-06-19T12:52:29.689Z,Influencer,India,Kimberlyhaven,Male,18-24
2343,2025-12-02T12:52:29.689Z,Email,India,Lake David,Male,35-44
2348,2025-09-24T12:52:29.689Z,Email,India,Ryanbury,Other,45+
2357,2025-10-25T12:52:29.689Z,Referral,India,West Alexandriabury,Female,18-24
2359,2025-05-24T12:52:29.689Z,Organic,India,South Ricardo,Female,25-34
2361,2026-01-21T12:52:29.689Z,Paid Ads,India,Andrewside,Male,35-44
2366,2025-09-08T12:52:29.689Z,Referral,India,Cathyborough,Other,45+
2369,2025-11-15T12:52:29.689Z,Influencer,India,Jensenmouth,Female,45+
2388,2026-02-11T12:52:29.689Z,Organic,India,Port Rickchester,Male,35-44
2391,2026-02-06T12:52:29.689Z,Email,India,North Hollyberg,Female,35-44
2401,2026-02-18T12:52:29.689Z,Email,India,East Robert,Male,25-34
2403,2025-10-26T12:52:29.689Z,Paid Ads,India,Maynardville,Male,35-44
2406,2025-05-18T12:52:29.689Z,Influencer,India,Mccormickchester,Male,35-44
2407,2025-05-13T12:52:29.689Z,Paid Ads,India,Leebury,Female,45+
2424,2025-12-19T12:52:29.689Z,Email,India,North Kelly,Other,25-34
2426,2026-02-01T12:52:29.689Z,Influencer,India,Sanchezfurt,Male,45+
2431,2025-06-23T12:52:29.689Z,Email,India,Georgeside,Other,18-24
2432,2025-05-09T12:52:29.689Z,Influencer,India,Coreyhaven,Male,18-24
2434,2025-12-24T12:52:29.689Z,Referral,India,Newtonfurt,Other,35-44
2436,2025-12-26T12:52:29.689Z,Influencer,India,Port Heathermouth,Male,18-24
2459,2026-01-18T12:52:29.689Z,Email,India,Jefferyborough,Female,18-24
2462,2025-06-27T12:52:29.689Z,Organic,India,Melissaborough,Male,18-24
2475,2025-03-20T12:52:29.689Z,Organic,India,Garzashire,Other,45+
2482,2025-12-08T12:52:29.689Z,Organic,India,Burnsmouth,Other,25-34
2483,2025-11-05T12:52:29.689Z,Influencer,India,Jamesmouth,Other,35-44
2485,2026-02-28T12:52:29.689Z,Paid Ads,India,Shannonview,Female,25-34
2499,2025-06-26T12:52:29.689Z,Organic,India,Pattersonberg,Female,35-44
2507,2025-05-16T12:52:29.689Z,Organic,India,Port Lisa,Female,18-24
2510,2025-11-18T12:52:29.689Z,Organic,India,Collinsville,Female,45+
2517,2025-04-07T12:52:29.689Z,Referral,India,Cookfort,Other,35-44
2521,2026-01-15T12:52:29.689Z,Paid Ads,India,Loganchester,Male,25-34
2524,2025-05-24T12:52:29.689Z,Influencer,India,Curtisport,Female,35-44
2525,2025-06-20T12:52:29.689Z,Organic,India,Kellyberg,Other,35-44
2526,2025-08-09T12:52:29.689Z,Organic,India,Wrightport,Male,35-44
2527,2025-10-05T12:52:29.689Z,Paid Ads,India,East Ryan,Other,25-34
2530,2025-10-07T12:52:29.689Z,Influencer,India,Lake Jenna,Other,25-34
2540,2025-09-09T12:52:29.689Z,Email,India,Adrianafort,Other,18-24
2542,2025-09-16T12:52:29.689Z,Paid Ads,India,West Jeanstad,Other,35-44
2543,2025-10-01T12:52:29.689Z,Paid Ads,India,West Jeremiahberg,Male,35-44
2546,2025-07-03T12:52:29.689Z,Influencer,India,New Ronald,Other,25-34
2552,2025-06-05T12:52:29.689Z,Influencer,India,Ellisville,Female,35-44
2557,2025-07-17T12:52:29.689Z,Email,India,Tonyachester,Other,45+
2562,2026-01-26T12:52:29.689Z,Organic,India,New Emilychester,Other,45+
2567,2025-09-27T12:52:29.689Z,Referral,India,Tammystad,Male,18-24
2574,2025-06-17T12:52:29.689Z,Organic,India,Port Jason,Other,25-34
2575,2026-02-06T12:52:29.689Z,Organic,India,Perezberg,Female,25-34
2576,2025-07-01T12:52:29.689Z,Paid Ads,India,Lake Lee,Other,25-34
2579,2025-09-05T12:52:29.689Z,Influencer,India,East Davidburgh,Male,18-24
2581,2025-07-02T12:52:29.689Z,Paid Ads,India,New Timothyton,Other,35-44
2583,2025-08-16T12:52:29.689Z,Referral,India,New Christinefurt,Other,35-44
2584,2026-01-27T12:52:29.689Z,Paid Ads,India,West Johnfort,Female,18-24
2598,2025-11-24T12:52:29.689Z,Paid Ads,India,Elizabethfurt,Female,25-34
2606,2025-10-14T12:52:29.689Z,Organic,India,North Arthurchester,Female,25-34
2611,2025-04-23T12:52:29.689Z,Organic,India,North Paige,Male,25-34
2627,2026-02-08T12:52:29.689Z,Paid Ads,India,Port Belinda,Male,18-24
2634,2025-09-02T12:52:29.689Z,Paid Ads,India,North Stevenside,Male,35-44
2638,2025-03-25T12:52:29.689Z,Paid Ads,India,West Marvin,Female,25-34
2641,2026-01-08T12:52:29.689Z,Organic,India,South Jasonmouth,Male,18-24
2659,2026-01-16T12:52:29.689Z,Paid Ads,India,West Melissachester,Female,45+
2662,2025-04-19T12:52:29.689Z,Referral,India,Lake Brittneymouth,Other,35-44
2671,2025-12-06T12:52:29.689Z,Influencer,India,Danafurt,Female,18-24
2681,2025-10-13T12:52:29.689Z,Paid Ads,India,West Dustinfort,Female,18-24
2684,2025-05-08T12:52:29.689Z,Email,India,Ewingmouth,Female,18-24
2696,2025-08-19T12:52:29.689Z,Referral,India,South Danielport,Other,25-34
2707,2025-12-04T12:52:29.689Z,Paid Ads,India,Lorihaven,Female,25-34
2712,2025-03-27T12:52:29.689Z,Organic,India,East Alexanderburgh,Female,45+
2718,2025-08-03T12:52:29.689Z,Referral,India,Pughfort,Female,18-24
2720,2025-11-06T12:52:29.689Z,Organic,India,Jonestown,Other,25-34
2722,2026-01-06T12:52:29.689Z,Email,India,Phillipfort,Male,18-24
2724,2025-11-08T12:52:29.689Z,Organic,India,Houseton,Female,25-34
2734,2025-04-06T12:52:29.689Z,Email,India,New Jamesshire,Male,25-34
2742,2025-03-10T12:52:29.689Z,Referral,India,Port Patrickton,Male,25-34
2761,2025-06-07T12:52:29.689Z,Email,India,South Staceytown,Female,18-24
2762,2025-10-12T12:52:29.689Z,Paid Ads,India,Jasonside,Other,35-44
2773,2025-03-16T12:52:29.689Z,Paid Ads,India,North Joshuaborough,Male,25-34
2777,2025-10-28T12:52:29.689Z,Referral,India,Port Cathy,Male,18-24
2780,2025-05-28T12:52:29.689Z,Email,India,Christianfort,Male,35-44
2787,2025-12-22T12:52:29.689Z,Influencer,India,New Randall,Male,18-24
2790,2025-06-03T12:52:29.689Z,Influencer,India,East Josetown,Female,45+
2791,2025-07-26T12:52:29.689Z,Influencer,India,Millsville,Female,35-44
2795,2025-07-30T12:52:29.689Z,Organic,India,Anthonyberg,Male,25-34
2796,2025-08-13T12:52:29.689Z,Email,India,New Derrickview,Male,45+
2798,2025-12-03T12:52:29.689Z,Referral,India,Charlesburgh,Female,35-44
2805,2025-04-08T12:52:29.689Z,Referral,India,East Dawnside,Female,45+
2819,2026-02-02T12:52:29.689Z,Email,India,Rickborough,Other,35-44
2829,2025-05-16T12:52:29.689Z,Referral,India,Daniellefurt,Other,35-44
2832,2025-06-05T12:52:29.689Z,Paid Ads,India,Port Lisa,Female,25-34
2838,2025-12-09T12:52:29.689Z,Organic,India,Gutierrezton,Male,18-24
2844,2025-09-19T12:52:29.689Z,Email,India,Potterville,Male,18-24
2851,2025-07-22T12:52:29.689Z,Influencer,India,West Danamouth,Other,25-34
2860,2025-03-20T12:52:29.689Z,Paid Ads,India,Adamborough,Female,35-44
2869,2025-10-09T12:52:29.689Z,Referral,India,Wileyland,Female,45+
2870,2025-03-28T12:52:29.689Z,Paid Ads,India,Myersborough,Other,18-24
2882,2025-10-11T12:52:29.689Z,Organic,India,Lewisfurt,Male,35-44
2888,2026-02-20T12:52:29.689Z,Referral,India,West Victoria,Female,18-24
2900,2026-01-05T12:52:29.689Z,Email,India,East Tracyberg,Female,45+
2908,2026-01-24T12:52:29.689Z,Organic,India,West Melissaborough,Male,18-24
2934,2026-01-10T12:52:29.689Z,Organic,India,East Billy,Other,45+
2942,2025-06-21T12:52:29.689Z,Email,India,New Micheleberg,Female,25-34
2950,2025-03-15T12:52:29.689Z,Organic,India,Lake Phillipton,Male,35-44
2958,2025-09-04T12:52:29.689Z,Referral,India,Meganside,Female,18-24
2959,2025-05-20T12:52:29.689Z,Paid Ads,India,Ballardville,Female,35-44
2964,2025-05-17T12:52:29.689Z,Paid Ads,India,Loganshire,Other,45+
2970,2025-05-09T12:52:29.689Z,Referral,India,New Ericstad,Male,25-34
2981,2025-03-20T12:52:29.689Z,Referral,India,Douglasbury,Female,45+
2989,2025-09-01T12:52:29.689Z,Organic,India,Samuelport,Female,35-44
2995,2025-11-05T12:52:29.689Z,Email,India,Port Hollyside,Female,35-44
3002,2025-11-04T12:52:29.689Z,Influencer,India,Lake Carol,Female,25-34
3009,2025-10-11T12:52:29.689Z,Organic,India,South Amberhaven,Male,45+
3010,2025-10-29T12:52:29.689Z,Organic,India,Johnsonland,Male,35-44
3012,2025-07-06T12:52:29.689Z,Influencer,India,East Alanville,Female,45+
3020,2025-08-23T12:52:29.689Z,Organic,India,Stephaniefurt,Male,25-34
3021,2025-10-13T12:52:29.689Z,Referral,India,Lake Baileyton,Female,45+
3028,2025-12-07T12:52:29.689Z,Organic,India,New Jennifer,Other,25-34
3030,2025-04-22T12:52:29.689Z,Referral,India,West Jessica,Male,25-34
3032,2025-05-12T12:52:29.689Z,Email,India,West Melody,Female,45+
3033,2025-07-17T12:52:29.689Z,Paid Ads,India,South Sarah,Male,18-24
3041,2025-12-16T12:52:29.689Z,Influencer,India,South Mark,Female,35-44
3042,2025-03-29T12:52:29.689Z,Referral,India,Judymouth,Male,18-24
3043,2025-11-07T12:52:29.689Z,Referral,India,West Samuelfurt,Other,18-24
3049,2025-03-04T12:52:29.689Z,Referral,India,Vincentview,Female,18-24
3056,2025-06-21T12:52:29.689Z,Influencer,India,Lake Davidland,Female,25-34
3059,2026-02-05T12:52:29.689Z,Paid Ads,India,Murphystad,Male,35-44
3062,2025-09-07T12:52:29.689Z,Organic,India,South Andrew,Other,18-24
3064,2025-09-26T12:52:29.689Z,Referral,India,Lake Matthewmouth,Female,45+
3080,2025-10-18T12:52:29.689Z,Referral,India,Diazport,Other,45+
3081,2025-06-29T12:52:29.689Z,Influencer,India,Caseside,Male,25-34
3096,2026-02-14T12:52:29.689Z,Organic,India,North David,Other,45+
3098,2025-04-04T12:52:29.689Z,Influencer,India,East Michael,Male,18-24
3101,2025-06-02T12:52:29.689Z,Email,India,Williamsfort,Female,45+
3102,2025-12-20T12:52:29.689Z,Referral,India,North Kristinstad,Female,45+
3107,2025-06-04T12:52:29.689Z,Referral,India,Hernandezchester,Female,25-34
3120,2025-08-22T12:52:29.689Z,Email,India,Lake Benjamin,Female,45+
3134,2025-11-18T12:52:29.689Z,Influencer,India,Heathermouth,Female,25-34
3135,2025-10-05T12:52:29.689Z,Email,India,West Tanner,Other,35-44
3136,2025-08-19T12:52:29.689Z,Influencer,India,East Linda,Female,18-24
3140,2025-06-29T12:52:29.689Z,Email,India,Port Ashley,Female,35-44
3142,2025-08-21T12:52:29.689Z,Email,India,South Amandaburgh,Other,45+
3161,2025-03-25T12:52:29.689Z,Email,India,Colleenfurt,Female,35-44
3162,2025-06-28T12:52:29.689Z,Paid Ads,India,Hallton,Female,18-24
3180,2025-03-12T12:52:29.689Z,Paid Ads,India,Port Samantha,Male,18-24
3181,2026-01-30T12:52:29.689Z,Referral,India,Jonesbury,Other,35-44
3182,2025-05-30T12:52:29.689Z,Organic,India,Cisneroschester,Other,18-24
3187,2025-06-18T12:52:29.689Z,Organic,India,Lake Jenniferville,Female,25-34
3188,2026-01-06T12:52:29.689Z,Paid Ads,India,Stevenshire,Female,35-44
3189,2025-12-22T12:52:29.689Z,Organic,India,Port Danielstad,Other,45+
3192,2025-05-13T12:52:29.689Z,Organic,India,Hurstton,Male,18-24
3201,2025-06-14T12:52:29.689Z,Organic,India,Bethanyberg,Other,45+
3202,2025-10-26T12:52:29.689Z,Organic,India,Charleshaven,Male,45+
3206,2025-08-05T12:52:29.689Z,Email,India,North Jaystad,Male,35-44
3211,2025-12-23T12:52:29.689Z,Influencer,India,Jessicaton,Male,25-34
3213,2026-02-25T12:52:29.689Z,Referral,India,Maryport,Other,45+
3218,2025-08-08T12:52:29.689Z,Organic,India,North William,Other,18-24
3221,2025-05-03T12:52:29.689Z,Influencer,India,West Brianstad,Other,18-24
3222,2025-06-29T12:52:29.689Z,Referral,India,Leeberg,Other,35-44
3229,2025-07-19T12:52:29.689Z,Organic,India,Lake John,Other,25-34
3237,2025-06-13T12:52:29.689Z,Referral,India,Davidville,Other,18-24
3245,2025-11-30T12:52:29.689Z,Referral,India,Mendozaburgh,Male,25-34
3258,2026-02-22T12:52:29.689Z,Paid Ads,India,Hahnstad,Male,25-34
3267,2025-07-06T12:52:29.689Z,Organic,India,Alejandrobury,Male,35-44
3275,2025-09-21T12:52:29.689Z,Referral,India,South Dawnville,Other,35-44
3285,2025-09-24T12:52:29.689Z,Paid Ads,India,Lake Annafurt,Female,18-24
3292,2025-06-14T12:52:29.689Z,Email,India,Lake Regina,Male,18-24
3296,2025-08-30T12:52:29.689Z,Paid Ads,India,New Patriciaville,Male,18-24
3301,2026-02-27T12:52:29.689Z,Influencer,India,Hallchester,Other,35-44
3304,2025-08-15T12:52:29.689Z,Email,India,South Ashley,Other,25-34
3305,2026-01-01T12:52:29.689Z,Email,India,New Patrickport,Other,45+
3312,2025-11-03T12:52:29.689Z,Referral,India,Ballardborough,Other,18-24
3313,2025-06-23T12:52:29.689Z,Paid Ads,India,Walkerview,Female,35-44
3322,2025-09-07T12:52:29.689Z,Paid Ads,India,Hollytown,Male,45+
3332,2025-10-14T12:52:29.689Z,Organic,India,Millermouth,Female,45+
3334,2026-01-25T12:52:29.689Z,Paid Ads,India,Malonestad,Other,18-24
3341,2025-03-01T12:52:29.689Z,Email,India,Port Wesley,Female,45+
3345,2026-02-28T12:52:29.689Z,Organic,India,Janeborough,Female,45+
3359,2025-04-20T12:52:29.689Z,Paid Ads,India,Monicafort,Male,18-24
3370,2025-06-16T12:52:29.689Z,Organic,India,Shawside,Female,25-34
3378,2025-03-10T12:52:29.689Z,Organic,India,Port Andreastad,Male,45+
3400,2025-08-07T12:52:29.689Z,Paid Ads,India,West Laura,Female,35-44
3404,2025-11-04T12:52:29.689Z,Influencer,India,New Dawn,Other,18-24
3412,2025-06-04T12:52:29.689Z,Influencer,India,East Josephfurt,Male,35-44
3417,2026-01-31T12:52:29.689Z,Email,India,Brownhaven,Other,18-24
3423,2025-03-26T12:52:29.689Z,Paid Ads,India,New Reginamouth,Female,18-24
3430,2025-10-15T12:52:29.689Z,Referral,India,Lake Reginabury,Male,25-34
3437,2025-03-07T12:52:29.689Z,Email,India,South Jamesmouth,Other,25-34
3448,2025-06-16T12:52:29.689Z,Organic,India,Lopezton,Male,25-34
3463,2025-12-29T12:52:29.689Z,Organic,India,Juliastad,Other,25-34
3471,2026-01-22T12:52:29.689Z,Influencer,India,Davidborough,Female,35-44
3478,2025-08-14T12:52:29.689Z,Organic,India,Williamburgh,Other,45+
3486,2025-05-02T12:52:29.689Z,Paid Ads,India,Ryanview,Female,35-44
3492,2025-05-25T12:52:29.689Z,Paid Ads,India,South Tylerstad,Male,45+
3496,2025-06-18T12:52:29.689Z,Influencer,India,Jessetown,Other,45+
3506,2025-11-22T12:52:29.689Z,Organic,India,Traviston,Female,18-24
3510,2026-01-20T12:52:29.689Z,Referral,India,Thomasport,Male,18-24
3527,2025-05-23T12:52:29.689Z,Influencer,India,New Josephmouth,Other,18-24
3534,2025-09-01T12:52:29.689Z,Referral,India,Johnnyview,Female,18-24
3542,2026-01-22T12:52:29.689Z,Paid Ads,India,South Thomas,Female,18-24
3547,2025-05-04T12:52:29.689Z,Organic,India,North Bradley,Other,35-44
3550,2025-07-22T12:52:29.689Z,Paid Ads,India,New Lauren,Other,25-34
3556,2025-12-16T12:52:29.689Z,Referral,India,Millershire,Male,35-44
3560,2025-03-17T12:52:29.689Z,Influencer,India,Huynhburgh,Female,45+
3567,2025-08-28T12:52:29.689Z,Email,India,Port Leefort,Other,18-24
3569,2025-09-05T12:52:29.689Z,Referral,India,South Amanda,Other,45+
3575,2025-12-07T12:52:29.689Z,Email,India,South Steven,Male,25-34
3578,2025-07-12T12:52:29.689Z,Referral,India,West Michael,Male,25-34
3580,2025-12-12T12:52:29.689Z,Influencer,India,North Jenniferton,Female,45+
3588,2025-08-22T12:52:29.689Z,Referral,India,Adamshire,Female,18-24
3591,2025-06-06T12:52:29.689Z,Paid Ads,India,Thomasside,Other,18-24
3593,2025-03-08T12:52:29.689Z,Paid Ads,India,New Reginaside,Male,25-34
3594,2025-09-15T12:52:29.689Z,Influencer,India,Yorkland,Male,45+
3602,2025-10-18T12:52:29.689Z,Email,India,New Jeffreychester,Female,45+
3605,2025-12-20T12:52:29.689Z,Organic,India,Batestown,Male,35-44
3607,2025-08-15T12:52:29.689Z,Referral,India,Stephanieberg,Female,45+
3618,2026-02-12T12:52:29.689Z,Organic,India,Port Michael,Male,18-24
3643,2026-01-03T12:52:29.689Z,Organic,India,Moraleston,Other,45+
3647,2025-07-27T12:52:29.689Z,Referral,India,West Lisa,Other,45+
3649,2025-12-29T12:52:29.689Z,Influencer,India,Mullenmouth,Female,35-44
3650,2025-11-09T12:52:29.689Z,Influencer,India,Gabrielmouth,Male,18-24
3655,2025-04-11T12:52:29.689Z,Email,India,Lake Judy,Other,45+
3658,2025-03-04T12:52:29.689Z,Referral,India,West Patricia,Male,25-34
3666,2025-06-06T12:52:29.689Z,Email,India,Adrianabury,Other,45+
3671,2025-09-19T12:52:29.689Z,Influencer,India,New Donaldfort,Other,35-44
3672,2025-12-08T12:52:29.689Z,Influencer,India,New Christyfort,Other,35-44
3679,2025-11-20T12:52:29.689Z,Organic,India,Brandonhaven,Female,45+
3683,2026-02-04T12:52:29.689Z,Paid Ads,India,Sarahaven,Female,18-24
3684,2026-02-23T12:52:29.689Z,Organic,India,Port Nichole,Male,45+
3685,2026-01-28T12:52:29.689Z,Influencer,India,Halltown,Female,25-34
3689,2025-09-07T12:52:29.689Z,Paid Ads,India,Port Ashleyburgh,Male,18-24
3691,2025-06-27T12:52:29.689Z,Paid Ads,India,Williamburgh,Female,35-44
3699,2025-04-15T12:52:29.689Z,Email,India,South Destinychester,Female,45+
3700,2025-10-31T12:52:29.689Z,Organic,India,North Monica,Other,25-34
3703,2025-03-29T12:52:29.689Z,Referral,India,Hoffmanport,Other,25-34
3706,2025-10-04T12:52:29.689Z,Paid Ads,India,Raymondshire,Female,25-34
3718,2025-03-14T12:52:29.689Z,Email,India,South Jessicahaven,Other,18-24
3725,2025-11-01T12:52:29.689Z,Influencer,India,North Erinfort,Female,35-44
3727,2025-12-16T12:52:29.689Z,Influencer,India,Ryanport,Female,35-44
3730,2025-09-06T12:52:29.689Z,Organic,India,Suttonhaven,Female,45+
3744,2025-04-01T12:52:29.689Z,Referral,India,South Christian,Other,45+
3753,2025-10-24T12:52:29.689Z,Influencer,India,Port Teresa,Other,18-24
3756,2025-12-29T12:52:29.689Z,Referral,India,Port Matthewville,Male,25-34
3757,2025-06-08T12:52:29.689Z,Influencer,India,North Erictown,Other,25-34
3761,2025-08-12T12:52:29.689Z,Referral,India,North Jasmineside,Other,18-24
3770,2025-08-19T12:52:29.689Z,Influencer,India,Jillfurt,Female,18-24
3779,2025-04-24T12:52:29.689Z,Paid Ads,India,Johnsonberg,Other,45+
3781,2025-05-21T12:52:29.689Z,Influencer,India,East Anthony,Female,25-34
3787,2026-02-15T12:52:29.689Z,Paid Ads,India,New Carolinechester,Female,25-34
3790,2025-10-07T12:52:29.689Z,Organic,India,Conwayton,Female,35-44
3791,2025-07-12T12:52:29.689Z,Organic,India,New Richard,Other,25-34
3794,2025-09-21T12:52:29.689Z,Organic,India,South Dawn,Male,45+
3798,2025-08-30T12:52:29.689Z,Paid Ads,India,Jenniferfort,Other,35-44
3807,2025-09-23T12:52:29.689Z,Paid Ads,India,South Jennifer,Other,18-24
3818,2025-08-15T12:52:29.689Z,Referral,India,Jenkinsport,Female,45+
3823,2025-08-03T12:52:29.689Z,Influencer,India,East Josephshire,Male,35-44
3833,2025-12-11T12:52:29.689Z,Paid Ads,India,Craigmouth,Female,45+
3844,2025-05-17T12:52:29.689Z,Organic,India,Fosterside,Female,25-34
3848,2025-08-22T12:52:29.689Z,Referral,India,North Mariabury,Female,18-24
3849,2026-01-08T12:52:29.689Z,Organic,India,Port Alyssa,Female,25-34
3857,2025-11-01T12:52:29.689Z,Referral,India,Staffordfort,Other,25-34
3872,2026-02-27T12:52:29.689Z,Email,India,Henryshire,Other,35-44
3873,2026-02-05T12:52:29.689Z,Organic,India,Michellefurt,Other,45+
3874,2025-09-01T12:52:29.689Z,Influencer,India,South Johnfurt,Other,25-34
3892,2025-07-07T12:52:29.689Z,Email,India,East Levi,Male,18-24
3898,2025-05-26T12:52:29.689Z,Influencer,India,West Kristinside,Male,45+
3911,2025-03-08T12:52:29.689Z,Referral,India,Christyfurt,Male,18-24
3919,2025-08-29T12:52:29.689Z,Email,India,East Elizabeth,Male,18-24
3931,2025-06-27T12:52:29.689Z,Organic,India,Jasonbury,Female,25-34
3933,2025-06-10T12:52:29.689Z,Email,India,New Amanda,Female,45+
3944,2025-12-27T12:52:29.689Z,Influencer,India,East Suzanne,Female,25-34
3956,2025-03-15T12:52:29.689Z,Referral,India,Carlosmouth,Male,25-34
3960,2026-01-18T12:52:29.689Z,Influencer,India,New Haleyburgh,Other,18-24
3962,2025-09-06T12:52:29.689Z,Influencer,India,Johnsonburgh,Other,35-44
3963,2026-02-16T12:52:29.689Z,Referral,India,Lake Sara,Female,45+
3971,2025-08-25T12:52:29.689Z,Email,India,East Michael,Female,45+
3982,2026-01-10T12:52:29.689Z,Influencer,India,South Joshua,Male,18-24
3984,2025-10-23T12:52:29.689Z,Organic,India,Walterside,Male,25-34
3990,2025-05-20T12:52:29.689Z,Referral,India,East Courtney,Other,45+
3991,2025-09-29T12:52:29.689Z,Paid Ads,India,Amytown,Other,18-24
3999,2025-12-22T12:52:29.689Z,Influencer,India,Reginaldberg,Male,18-24
4001,2025-07-11T12:52:29.689Z,Email,India,Karlaburgh,Male,25-34
4008,2025-10-31T12:52:29.689Z,Influencer,India,Davismouth,Female,45+
4014,2025-05-27T12:52:29.689Z,Paid Ads,India,Perrytown,Male,18-24
4015,2025-08-07T12:52:29.689Z,Email,India,Raymondtown,Male,45+
4039,2025-05-16T12:52:29.689Z,Paid Ads,India,Hicksmouth,Female,45+
4041,2025-08-29T12:52:29.689Z,Email,India,Kristinemouth,Male,18-24
4043,2026-01-01T12:52:29.689Z,Paid Ads,India,West Whitneymouth,Other,25-34
4047,2025-04-06T12:52:29.689Z,Referral,India,Lake Timothy,Female,35-44
4048,2025-09-13T12:52:29.689Z,Referral,India,North Bradley,Other,25-34
4062,2025-05-20T12:52:29.689Z,Email,India,North Jamie,Male,25-34
4084,2026-02-21T12:52:29.689Z,Organic,India,East Davidberg,Male,25-34
4087,2025-10-14T12:52:29.689Z,Paid Ads,India,New Amandabury,Female,18-24
4091,2025-09-05T12:52:29.689Z,Paid Ads,India,South Adrian,Female,18-24
4100,2025-06-12T12:52:29.689Z,Organic,India,East Ericfort,Female,45+
4104,2025-11-16T12:52:29.689Z,Email,India,Kylestad,Male,25-34
4108,2025-05-08T12:52:29.689Z,Email,India,North James,Other,45+
4121,2025-03-22T12:52:29.689Z,Organic,India,Muellerview,Female,35-44
4133,2026-01-15T12:52:29.689Z,Email,India,South Jessicabury,Male,35-44
4136,2025-04-20T12:52:29.689Z,Email,India,Alexisshire,Male,18-24
4138,2025-12-23T12:52:29.689Z,Email,India,North Lisaborough,Other,35-44
4139,2026-01-22T12:52:29.689Z,Organic,India,West Williamview,Other,35-44
4141,2025-08-03T12:52:29.689Z,Influencer,India,North Lauraberg,Female,25-34
4144,2025-05-01T12:52:29.689Z,Influencer,India,Jeanmouth,Male,35-44
4146,2025-05-20T12:52:29.689Z,Paid Ads,India,Port Donna,Female,25-34
4179,2025-08-18T12:52:29.689Z,Organic,India,Chadhaven,Male,35-44
4185,2025-06-26T12:52:29.689Z,Influencer,India,Weberland,Male,35-44
4186,2025-05-26T12:52:29.689Z,Paid Ads,India,Booneville,Other,35-44
4192,2025-03-24T12:52:29.689Z,Paid Ads,India,West James,Female,18-24
4202,2025-11-12T12:52:29.689Z,Referral,India,West Meganmouth,Female,45+
4209,2025-07-10T12:52:29.689Z,Influencer,India,South Shawn,Other,18-24
4211,2025-11-24T12:52:29.689Z,Referral,India,South Aaron,Female,45+
4214,2025-04-28T12:52:29.689Z,Organic,India,East Vanessa,Other,35-44
4218,2025-12-16T12:52:29.689Z,Paid Ads,India,Evanberg,Other,45+
4223,2025-08-30T12:52:29.689Z,Influencer,India,Warnerhaven,Female,35-44
4226,2025-04-20T12:52:29.689Z,Influencer,India,Lake Jesseville,Male,45+
4264,2025-04-15T12:52:29.689Z,Paid Ads,India,Ryanville,Male,25-34
4277,2025-11-07T12:52:29.689Z,Influencer,India,Lake Gail,Male,35-44
4279,2025-10-24T12:52:29.689Z,Referral,India,Dominiqueside,Female,25-34
4280,2026-02-27T12:52:29.689Z,Organic,India,Jonesborough,Other,18-24
4288,2026-01-30T12:52:29.689Z,Paid Ads,India,New Susanfort,Other,45+
4295,2026-02-25T12:52:29.689Z,Referral,India,Allenfort,Female,45+
4296,2025-08-22T12:52:29.689Z,Referral,India,South Tammy,Other,45+
4297,2025-07-14T12:52:29.689Z,Influencer,India,Blackshire,Male,35-44
4302,2025-04-08T12:52:29.689Z,Influencer,India,Lake Courtneyview,Female,45+
4309,2025-10-09T12:52:29.689Z,Paid Ads,India,Osbornestad,Male,45+
4311,2025-06-21T12:52:29.689Z,Organic,India,South Luisberg,Female,35-44
4315,2025-08-05T12:52:29.689Z,Paid Ads,India,New Patriciabury,Male,35-44
4334,2025-07-10T12:52:29.689Z,Email,India,West Christopherbury,Other,25-34
4335,2025-05-10T12:52:29.689Z,Influencer,India,East Susanshire,Male,25-34
4358,2025-07-09T12:52:29.689Z,Influencer,India,Lake Annville,Other,25-34
4359,2025-11-20T12:52:29.689Z,Email,India,West Michaelborough,Male,45+
4361,2025-12-27T12:52:29.689Z,Paid Ads,India,Lake Edwin,Other,45+
4364,2025-08-31T12:52:29.689Z,Influencer,India,Hoodshire,Other,45+
4397,2026-02-13T12:52:29.689Z,Referral,India,Lake Kevinland,Other,45+
4399,2025-08-03T12:52:29.689Z,Influencer,India,Lake Brianfort,Male,18-24
4400,2025-09-09T12:52:29.689Z,Influencer,India,West Erinville,Female,45+
4401,2025-04-25T12:52:29.689Z,Email,India,North Gary,Male,18-24
4402,2025-09-19T12:52:29.689Z,Referral,India,Jacquelineshire,Male,25-34
4405,2025-06-19T12:52:29.689Z,Paid Ads,India,Port Brian,Male,25-34
4429,2025-03-08T12:52:29.689Z,Influencer,India,East Steven,Male,35-44
4445,2025-12-14T12:52:29.689Z,Influencer,India,East Jenniferland,Male,45+
4446,2025-08-12T12:52:29.689Z,Organic,India,Jenniferchester,Female,25-34
4447,2025-03-19T12:52:29.689Z,Influencer,India,Juanhaven,Female,35-44
4456,2025-06-03T12:52:29.689Z,Paid Ads,India,Griffinburgh,Female,45+
4461,2025-08-13T12:52:29.689Z,Organic,India,Craigbury,Female,45+
4462,2025-06-17T12:52:29.689Z,Referral,India,South Pamela,Female,45+
4469,2025-11-27T12:52:29.689Z,Influencer,India,Nancyfurt,Other,35-44
4471,2025-05-06T12:52:29.689Z,Influencer,India,New Jamesville,Female,25-34
4472,2025-12-29T12:52:29.689Z,Referral,India,Matthewfurt,Female,45+
4478,2025-09-04T12:52:29.689Z,Organic,India,Port Karen,Other,25-34
4485,2025-09-11T12:52:29.689Z,Influencer,India,Louisview,Female,25-34
4497,2025-10-14T12:52:29.689Z,Referral,India,North Richardport,Female,45+
4501,2025-10-22T12:52:29.689Z,Influencer,India,Walterbury,Other,25-34
4505,2025-12-11T12:52:29.689Z,Paid Ads,India,South Cheryl,Female,45+
4506,2025-11-06T12:52:29.689Z,Influencer,India,Christianberg,Female,18-24
4507,2025-04-17T12:52:29.689Z,Organic,India,Timothytown,Male,35-44
4509,2025-10-17T12:52:29.689Z,Influencer,India,Derekview,Other,35-44
4517,2025-08-06T12:52:29.689Z,Referral,India,West Frederickside,Female,18-24
4536,2025-12-07T12:52:29.689Z,Email,India,New Christopher,Other,35-44
4564,2025-05-19T12:52:29.689Z,Email,India,Port Hannahport,Other,45+
4577,2025-11-23T12:52:29.689Z,Organic,India,East Leon,Female,18-24
4579,2025-07-27T12:52:29.689Z,Organic,India,New Jennifer,Male,25-34
4585,2025-07-07T12:52:29.689Z,Paid Ads,India,Joannamouth,Male,45+
4599,2025-07-19T12:52:29.689Z,Paid Ads,India,Williammouth,Other,25-34
4614,2025-12-04T12:52:29.689Z,Referral,India,Port Cynthia,Male,25-34
4648,2025-03-14T12:52:29.689Z,Referral,India,South Jeff,Female,18-24
4653,2025-09-30T12:52:29.689Z,Referral,India,West Amybury,Other,18-24
4655,2025-07-30T12:52:29.689Z,Organic,India,Henryberg,Female,25-34
4658,2025-11-19T12:52:29.689Z,Organic,India,West Cathy,Other,35-44
4663,2026-01-17T12:52:29.689Z,Paid Ads,India,Smithfort,Male,25-34
4665,2025-10-10T12:52:29.689Z,Email,India,Lake Allisonstad,Male,45+
4666,2025-05-02T12:52:29.689Z,Influencer,India,Jaredland,Female,25-34
4671,2025-06-27T12:52:29.689Z,Organic,India,East Josephside,Other,18-24
4672,2025-11-07T12:52:29.689Z,Email,India,Tuckerbury,Female,18-24
4694,2025-06-17T12:52:29.689Z,Influencer,India,Lake Elizabeth,Female,45+
4709,2025-11-12T12:52:29.689Z,Organic,India,Ballardview,Male,18-24
4710,2025-07-19T12:52:29.689Z,Influencer,India,Espinozaside,Male,35-44
4717,2025-06-12T12:52:29.689Z,Email,India,Cruzstad,Other,25-34
4721,2025-05-18T12:52:29.689Z,Email,India,Solomonfort,Other,45+
4722,2025-03-23T12:52:29.689Z,Organic,India,Lake Jennifer,Other,45+
4723,2025-04-07T12:52:29.689Z,Influencer,India,Warnerstad,Other,35-44
4727,2026-01-05T12:52:29.689Z,Organic,India,Lake Marymouth,Other,18-24
4733,2025-09-10T12:52:29.689Z,Influencer,India,South Andrewland,Male,45+
4736,2025-11-03T12:52:29.689Z,Referral,India,South Frederick,Male,45+
4745,2026-01-21T12:52:29.689Z,Paid Ads,India,Mitchellton,Other,18-24
4748,2025-06-21T12:52:29.689Z,Email,India,Lopezside,Male,35-44
4761,2025-11-13T12:52:29.689Z,Organic,India,West Lisa,Other,35-44
4765,2025-05-23T12:52:29.689Z,Organic,India,Wagnerburgh,Male,35-44
4772,2025-04-03T12:52:29.689Z,Influencer,India,New Erinland,Other,35-44
4780,2025-10-18T12:52:29.689Z,Email,India,North Ethanhaven,Other,18-24
4781,2025-11-19T12:52:29.689Z,Influencer,India,Weaverport,Male,18-24
4783,2025-07-04T12:52:29.689Z,Organic,India,South Brandi,Other,35-44
4785,2025-08-29T12:52:29.689Z,Organic,India,Port Jordanville,Other,45+
4788,2025-03-09T12:52:29.689Z,Email,India,Port James,Other,25-34
4791,2026-01-01T12:52:29.689Z,Organic,India,Klinebury,Male,18-24
4793,2025-11-29T12:52:29.689Z,Organic,India,Tammychester,Other,18-24
4795,2025-10-23T12:52:29.689Z,Influencer,India,South Darrell,Female,18-24
4796,2025-10-29T12:52:29.689Z,Email,India,Port John,Female,25-34
4797,2025-08-31T12:52:29.689Z,Email,India,North Bruce,Other,45+
4803,2025-09-28T12:52:29.689Z,Email,India,North Edwinstad,Female,45+
4821,2025-03-21T12:52:29.689Z,Email,India,West Jessicafurt,Male,45+
4824,2026-01-31T12:52:29.689Z,Organic,India,Jessicaborough,Other,18-24
4826,2026-01-17T12:52:29.689Z,Paid Ads,India,Lake Colleenside,Male,45+
4830,2025-05-13T12:52:29.689Z,Email,India,Lake Brandyborough,Male,18-24
4837,2025-11-23T12:52:29.689Z,Referral,India,North Brandonton,Male,45+
4847,2025-11-22T12:52:29.689Z,Paid Ads,India,Lake Robertburgh,Male,25-34
4850,2025-05-19T12:52:29.689Z,Email,India,South Gary,Male,35-44
4851,2025-03-18T12:52:29.689Z,Organic,India,South Kristinahaven,Female,35-44
4854,2025-04-26T12:52:29.689Z,Influencer,India,Connorview,Other,35-44
4856,2025-10-20T12:52:29.689Z,Influencer,India,Clarencefort,Male,18-24
4859,2025-03-19T12:52:29.689Z,Influencer,India,North Michelle,Other,45+
4883,2025-05-25T12:52:29.689Z,Influencer,India,Wendyland,Other,35-44
4885,2025-06-03T12:52:29.689Z,Organic,India,Christinahaven,Female,25-34
4903,2025-08-29T12:52:29.689Z,Paid Ads,India,North Kellyland,Male,45+
4904,2025-07-30T12:52:29.689Z,Email,India,New Shannon,Other,35-44
4916,2025-10-20T12:52:29.689Z,Influencer,India,Lake Tracie,Other,18-24
4934,2025-05-09T12:52:29.689Z,Influencer,India,Dennischester,Male,35-44
4952,2026-01-20T12:52:29.689Z,Influencer,India,Nguyenberg,Male,35-44
4962,2025-04-26T12:52:29.689Z,Email,India,Williamton,Male,35-44
4971,2025-11-22T12:52:29.689Z,Organic,India,Port Dana,Male,45+
4975,2025-03-06T12:52:29.689Z,Email,India,New Eric,Male,45+
4979,2026-02-02T12:52:29.689Z,Organic,India,Lisatown,Male,45+
4991,2025-07-10T12:52:29.689Z,Email,India,Lake Jaketon,Male,25-34
4999,2025-05-30T12:52:29.689Z,Organic,India,Cookbury,Male,45+
5004,2025-08-09T12:52:29.689Z,Paid Ads,India,Hudsonstad,Other,25-34
5009,2025-09-30T12:52:29.689Z,Organic,India,East Jason,Male,35-44
5011,2025-05-31T12:52:29.689Z,Influencer,India,North Roy,Male,35-44
5022,2025-12-14T12:52:29.689Z,Organic,India,Kennedymouth,Male,25-34
5030,2026-02-02T12:52:29.689Z,Email,India,Port Allenview,Male,25-34
5052,2025-06-13T12:52:29.689Z,Referral,India,Heidishire,Other,25-34
5060,2025-06-07T12:52:29.689Z,Organic,India,Hestermouth,Female,18-24
5061,2025-04-02T12:52:29.689Z,Influencer,India,South Deborah,Female,45+
5064,2025-04-10T12:52:29.689Z,Influencer,India,Huntmouth,Male,45+
5071,2025-12-09T12:52:29.689Z,Paid Ads,India,Moniqueport,Female,18-24
5072,2026-02-19T12:52:29.689Z,Referral,India,Lake Bryan,Male,25-34
5073,2025-11-16T12:52:29.689Z,Paid Ads,India,New Elizabethville,Male,45+
5090,2025-08-18T12:52:29.689Z,Referral,India,Jessicashire,Other,35-44
5095,2025-06-20T12:52:29.689Z,Organic,India,East Katie,Female,35-44
5104,2025-06-07T12:52:29.689Z,Email,India,East Benjamin,Female,18-24
5116,2026-02-08T12:52:29.689Z,Organic,India,Freemanfort,Male,18-24
5121,2025-12-31T12:52:29.689Z,Referral,India,North Jennifer,Other,18-24
5135,2025-03-06T12:52:29.689Z,Influencer,India,Pearsonbury,Other,25-34
5141,2025-08-23T12:52:29.689Z,Influencer,India,Barnettberg,Male,45+
5148,2025-03-07T12:52:29.689Z,Organic,India,Grahamside,Other,25-34
5149,2026-02-07T12:52:29.689Z,Email,India,Lake Davidville,Male,35-44
5152,2026-02-12T12:52:29.689Z,Referral,India,West John,Female,45+
5155,2025-07-19T12:52:29.689Z,Influencer,India,Garciaberg,Other,25-34
5159,2025-12-23T12:52:29.689Z,Influencer,India,Jamesstad,Male,35-44
5168,2025-12-28T12:52:29.689Z,Organic,India,Barbaraberg,Female,18-24
5180,2025-10-10T12:52:29.689Z,Email,India,East Taylorside,Female,25-34
5188,2025-03-14T12:52:29.689Z,Email,India,New Phillip,Female,35-44
5192,2025-12-05T12:52:29.689Z,Organic,India,Carolshire,Female,18-24
5205,2025-05-08T12:52:29.689Z,Influencer,India,Sarahville,Female,25-34
5212,2025-08-09T12:52:29.689Z,Influencer,India,Geraldtown,Other,25-34
5224,2025-10-15T12:52:29.689Z,Paid Ads,India,Port Laura,Female,35-44
5227,2025-12-11T12:52:29.689Z,Organic,India,Benjaminburgh,Male,35-44
5228,2025-11-17T12:52:29.689Z,Influencer,India,Andrewshire,Male,25-34
5239,2025-03-02T12:52:29.689Z,Referral,India,Smithville,Female,25-34
5244,2025-04-16T12:52:29.689Z,Email,India,Lake Jillmouth,Other,45+
5245,2025-09-04T12:52:29.689Z,Influencer,India,Andrewside,Female,18-24
5246,2025-09-11T12:52:29.689Z,Paid Ads,India,New Brittanybury,Female,25-34
5250,2025-05-08T12:52:29.689Z,Paid Ads,India,North Michaelland,Female,35-44
5252,2026-01-12T12:52:29.689Z,Paid Ads,India,Gregoryton,Male,35-44
5268,2025-11-27T12:52:29.689Z,Organic,India,Joannatown,Other,25-34
5273,2025-11-02T12:52:29.689Z,Influencer,India,Lake Charlesside,Female,45+
5284,2025-12-31T12:52:29.689Z,Email,India,New Derrick,Female,35-44
5286,2025-05-10T12:52:29.689Z,Organic,India,North Jacqueline,Female,25-34
5288,2025-09-20T12:52:29.689Z,Email,India,Port Ericton,Other,45+
5291,2025-06-16T12:52:29.689Z,Email,India,New Randyland,Female,18-24
5294,2025-06-14T12:52:29.689Z,Paid Ads,India,Lake Ericton,Other,25-34
5317,2025-07-29T12:52:29.689Z,Email,India,Micheleport,Male,18-24
5336,2025-06-30T12:52:29.689Z,Paid Ads,India,Sarahmouth,Female,45+
5342,2025-09-14T12:52:29.689Z,Organic,India,Dorseymouth,Male,18-24
5352,2025-11-11T12:52:29.689Z,Email,India,Sullivanshire,Other,35-44
5362,2025-05-06T12:52:29.689Z,Email,India,South Jessica,Female,35-44
5364,2025-12-06T12:52:29.689Z,Referral,India,Crystalfort,Other,25-34
5370,2025-05-04T12:52:29.689Z,Referral,India,Adamfurt,Male,45+
5377,2025-04-14T12:52:29.689Z,Email,India,North Karinastad,Other,18-24
5378,2025-04-03T12:52:29.689Z,Email,India,Juliehaven,Other,45+
5379,2025-09-03T12:52:29.689Z,Organic,India,Katelynchester,Female,25-34
5383,2026-01-02T12:52:29.689Z,Referral,India,Port Ricky,Other,25-34
5384,2026-01-28T12:52:29.689Z,Influencer,India,North Christopherburgh,Other,18-24
5399,2025-08-17T12:52:29.689Z,Email,India,Paulabury,Female,25-34
5402,2025-10-16T12:52:29.689Z,Organic,India,Port Jeffreychester,Other,25-34
5403,2025-04-15T12:52:29.689Z,Referral,India,Lake Megan,Other,35-44
5407,2025-10-14T12:52:29.689Z,Email,India,Michaeltown,Male,45+
5410,2025-03-13T12:52:29.689Z,Influencer,India,South Joseph,Female,45+
5419,2025-04-10T12:52:29.689Z,Email,India,South Sarahborough,Female,25-34
5420,2025-12-27T12:52:29.689Z,Referral,India,North Mary,Female,25-34
5425,2025-03-13T12:52:29.689Z,Paid Ads,India,Ashleyville,Other,35-44
5432,2025-08-24T12:52:29.689Z,Referral,India,North Leslieview,Other,18-24
5435,2025-03-26T12:52:29.689Z,Paid Ads,India,Port Sharon,Other,45+
5436,2025-09-04T12:52:29.689Z,Referral,India,New Jamie,Female,45+
5459,2025-05-05T12:52:29.689Z,Organic,India,East Markville,Other,18-24
5460,2025-09-13T12:52:29.689Z,Email,India,Chelseaburgh,Female,45+
5465,2025-05-10T12:52:29.689Z,Organic,India,North Marialand,Female,25-34
5468,2026-01-17T12:52:29.689Z,Referral,India,Ayalafurt,Other,35-44
5484,2025-09-15T12:52:29.689Z,Influencer,India,West Keithbury,Male,45+
5488,2025-08-30T12:52:29.689Z,Paid Ads,India,East Raymondview,Female,35-44
5490,2026-01-28T12:52:29.689Z,Paid Ads,India,Lake Kathleen,Other,25-34
5492,2025-09-26T12:52:29.689Z,Influencer,India,Huangborough,Male,45+
5500,2025-12-22T12:52:29.689Z,Organic,India,Jasontown,Other,25-34
5514,2025-11-16T12:52:29.689Z,Email,India,Darlenetown,Female,18-24
5517,2026-01-02T12:52:29.689Z,Referral,India,East Alexander,Other,25-34
5521,2025-12-08T12:52:29.689Z,Paid Ads,India,Lake Matthew,Male,35-44
5526,2025-08-26T12:52:29.689Z,Paid Ads,India,Whiteton,Female,25-34
5531,2025-06-20T12:52:29.689Z,Referral,India,Lake Leslie,Female,45+
5534,2025-05-24T12:52:29.689Z,Paid Ads,India,Walkerton,Other,25-34
5539,2025-08-06T12:52:29.689Z,Referral,India,Tammychester,Other,25-34
5552,2025-05-10T12:52:29.689Z,Referral,India,Armstrongland,Other,25-34
5557,2025-07-11T12:52:29.689Z,Organic,India,Mendozafort,Female,25-34
5559,2025-10-05T12:52:29.689Z,Email,India,Port Scott,Other,35-44
5560,2025-04-22T12:52:29.689Z,Referral,India,Joneshaven,Female,35-44
5573,2025-05-25T12:52:29.689Z,Referral,India,Alexanderfort,Female,35-44
5600,2025-09-22T12:52:29.689Z,Paid Ads,India,West Scottberg,Other,35-44
5605,2025-03-10T12:52:29.689Z,Paid Ads,India,Port Emily,Female,35-44
5609,2025-07-30T12:52:29.689Z,Referral,India,New Robert,Male,25-34
5617,2025-11-13T12:52:29.689Z,Paid Ads,India,West Tanya,Female,35-44
5621,2026-02-20T12:52:29.689Z,Email,India,East Stevenview,Male,45+
5627,2025-04-06T12:52:29.689Z,Influencer,India,Lindaberg,Male,18-24
5631,2025-11-04T12:52:29.689Z,Paid Ads,India,Kristinville,Female,25-34
5651,2025-11-22T12:52:29.689Z,Paid Ads,India,Rodriguezmouth,Male,18-24
5653,2025-09-27T12:52:29.689Z,Influencer,India,North Loriborough,Other,35-44
5657,2025-03-19T12:52:29.689Z,Influencer,India,South Jamesberg,Female,18-24
5678,2025-05-14T12:52:29.689Z,Organic,India,Barberville,Other,45+
5682,2025-07-26T12:52:29.689Z,Email,India,Lake Angel,Male,45+
5688,2025-03-27T12:52:29.689Z,Influencer,India,Jamesbury,Female,35-44
5694,2025-06-30T12:52:29.689Z,Organic,India,Zunigastad,Male,45+
5707,2025-04-08T12:52:29.689Z,Organic,India,New Gina,Male,25-34
5715,2025-12-06T12:52:29.689Z,Paid Ads,India,Kennethbury,Female,45+
5729,2025-04-24T12:52:29.689Z,Influencer,India,East Kelly,Male,45+
5730,2025-06-11T12:52:29.689Z,Paid Ads,India,West Benjamin,Other,25-34
5732,2025-10-21T12:52:29.689Z,Referral,India,South Derrick,Other,45+
5738,2025-05-27T12:52:29.689Z,Email,India,North Dianeton,Female,18-24
5749,2026-02-07T12:52:29.689Z,Organic,India,Nicoleshire,Other,18-24
5753,2025-07-20T12:52:29.689Z,Organic,India,East Toddville,Female,25-34
5768,2026-01-15T12:52:29.689Z,Email,India,Stevenmouth,Female,25-34
5774,2025-05-08T12:52:29.689Z,Organic,India,South Williammouth,Male,45+
5776,2025-10-17T12:52:29.689Z,Referral,India,Fowlerton,Male,25-34
5779,2025-12-10T12:52:29.689Z,Organic,India,Lauraberg,Male,18-24
5782,2025-03-13T12:52:29.689Z,Paid Ads,India,Robertsonshire,Other,18-24
5785,2025-06-24T12:52:29.689Z,Organic,India,Randallfurt,Female,45+
5787,2025-09-23T12:52:29.689Z,Organic,India,North Bianca,Male,45+
5791,2025-09-15T12:52:29.689Z,Influencer,India,New Kayla,Female,35-44
5794,2025-07-20T12:52:29.689Z,Influencer,India,Brianview,Male,18-24
5797,2026-01-14T12:52:29.689Z,Email,India,Carterland,Male,18-24
5802,2025-08-16T12:52:29.689Z,Email,India,North Michael,Female,25-34
5806,2025-09-11T12:52:29.689Z,Organic,India,Jimmyside,Female,25-34
5814,2025-11-28T12:52:29.689Z,Referral,India,East David,Male,35-44
5847,2025-05-11T12:52:29.689Z,Email,India,Perkinsville,Female,35-44
5860,2025-03-18T12:52:29.689Z,Paid Ads,India,North Kellyside,Male,25-34
5861,2025-12-27T12:52:29.689Z,Referral,India,Port Patricialand,Other,18-24
5863,2025-05-24T12:52:29.689Z,Referral,India,Davidburgh,Other,35-44
5864,2025-10-13T12:52:29.689Z,Email,India,Thomastown,Male,35-44
5868,2025-11-05T12:52:29.689Z,Paid Ads,India,Port Michelleton,Female,35-44
5869,2026-01-02T12:52:29.689Z,Referral,India,Wardbury,Other,35-44
5870,2025-06-06T12:52:29.689Z,Organic,India,North Melissa,Female,45+
5875,2025-08-06T12:52:29.689Z,Organic,India,Dustinland,Female,25-34
5889,2025-04-16T12:52:29.689Z,Referral,India,Schmidtfurt,Male,35-44
5899,2025-12-03T12:52:29.689Z,Influencer,India,Port Rebecca,Male,18-24
5900,2025-06-17T12:52:29.689Z,Paid Ads,India,North Stephanie,Other,18-24
5904,2026-02-26T12:52:29.689Z,Email,India,West Brianfurt,Male,18-24
5905,2025-06-02T12:52:29.689Z,Paid Ads,India,Rebeccaton,Female,25-34
5907,2025-04-23T12:52:29.689Z,Organic,India,New Jason,Male,35-44
5921,2025-12-04T12:52:29.689Z,Paid Ads,India,Timothyport,Female,45+
5923,2026-02-05T12:52:29.689Z,Influencer,India,Devinburgh,Male,25-34
5925,2025-03-22T12:52:29.689Z,Referral,India,Lake Lisa,Male,45+
5949,2025-05-03T12:52:29.689Z,Email,India,Pittmanberg,Male,35-44
5957,2025-09-10T12:52:29.689Z,Email,India,Port Tinahaven,Female,25-34
5965,2025-04-28T12:52:29.689Z,Influencer,India,West Donald,Other,25-34
5968,2025-08-28T12:52:29.689Z,Influencer,India,South Bryan,Female,25-34
5969,2025-07-20T12:52:29.689Z,Organic,India,Griffinfurt,Male,25-34
5980,2025-11-08T12:52:29.689Z,Referral,India,Shieldsview,Female,45+
5981,2025-12-29T12:52:29.689Z,Referral,India,Jefferystad,Other,45+
5986,2025-11-21T12:52:29.689Z,Influencer,India,Port Michellehaven,Male,25-34
5993,2026-01-31T12:52:29.689Z,Organic,India,Jenniferborough,Female,25-34
6009,2025-04-19T12:52:29.689Z,Organic,India,West Willieborough,Other,18-24
6012,2026-02-13T12:52:29.689Z,Organic,India,East Laura,Male,35-44
6014,2025-03-27T12:52:29.689Z,Influencer,India,South Andrea,Male,45+
6023,2025-03-18T12:52:29.689Z,Organic,India,Port Robert,Male,18-24
6031,2026-01-26T12:52:29.689Z,Influencer,India,Pamelamouth,Other,35-44
6039,2025-03-11T12:52:29.689Z,Influencer,India,South Carl,Male,25-34
6042,2025-04-19T12:52:29.689Z,Email,India,New Daniel,Female,45+
6044,2025-12-08T12:52:29.689Z,Referral,India,Rodriguezton,Female,45+
6062,2025-07-08T12:52:29.689Z,Paid Ads,India,Port Robertshire,Female,18-24
6066,2025-08-05T12:52:29.689Z,Influencer,India,Coxmouth,Male,45+
6074,2025-09-23T12:52:29.689Z,Referral,India,New Jared,Other,45+
6077,2025-08-04T12:52:29.689Z,Email,India,Jessicaburgh,Male,45+
6080,2026-01-17T12:52:29.689Z,Referral,India,East Kyleborough,Female,45+
6090,2025-08-17T12:52:29.689Z,Influencer,India,Stevenston,Male,45+
6096,2025-03-31T12:52:29.689Z,Email,India,Lake Antoniohaven,Female,35-44
6099,2025-09-23T12:52:29.689Z,Organic,India,West Larryfort,Other,25-34
6101,2026-02-09T12:52:29.689Z,Influencer,India,West Julie,Female,18-24
6112,2025-03-02T12:52:29.689Z,Organic,India,New Danielside,Other,18-24
6116,2025-09-13T12:52:29.689Z,Email,India,Lake April,Male,18-24
6122,2026-02-02T12:52:29.689Z,Organic,India,Robinsonmouth,Male,25-34
6124,2025-05-05T12:52:29.689Z,Paid Ads,India,Lake Mikaylastad,Other,35-44
6130,2025-04-27T12:52:29.689Z,Organic,India,Gonzalezfort,Female,45+
6131,2026-01-08T12:52:29.689Z,Influencer,India,Barberhaven,Other,35-44
6140,2025-08-25T12:52:29.689Z,Email,India,South Daniel,Other,25-34
6142,2025-05-06T12:52:29.689Z,Influencer,India,West Nicoleton,Male,18-24
6166,2025-04-05T12:52:29.689Z,Referral,India,West Gregorychester,Other,45+
6175,2026-02-21T12:52:29.689Z,Organic,India,Andersonside,Other,35-44
6184,2026-01-29T12:52:29.689Z,Referral,India,Paynemouth,Other,25-34
6187,2025-11-29T12:52:29.689Z,Email,India,Michaelview,Other,45+
6198,2026-02-02T12:52:29.689Z,Influencer,India,Carrollton,Female,18-24
6199,2025-08-09T12:52:29.689Z,Email,India,North Joseph,Male,45+
6205,2025-07-17T12:52:29.689Z,Paid Ads,India,Wilkersonmouth,Other,18-24
6212,2025-06-02T12:52:29.689Z,Organic,India,South Ericaland,Other,18-24
6215,2025-03-15T12:52:29.689Z,Paid Ads,India,Lake Sydney,Female,18-24
6217,2025-10-13T12:52:29.689Z,Email,India,Fieldston,Male,35-44
6227,2025-10-25T12:52:29.689Z,Email,India,Lake Williamfort,Male,45+
6248,2025-06-01T12:52:29.689Z,Paid Ads,India,Bowersfort,Female,25-34
6251,2026-01-17T12:52:29.689Z,Paid Ads,India,West Chase,Female,25-34
6278,2025-05-07T12:52:29.689Z,Influencer,India,Johnsonland,Female,18-24
6301,2025-03-30T12:52:29.689Z,Organic,India,West Tonya,Male,18-24
6307,2025-04-13T12:52:29.689Z,Paid Ads,India,Deanville,Female,35-44
6316,2025-03-30T12:52:29.689Z,Referral,India,Lake Dariusberg,Female,18-24
6320,2025-05-07T12:52:29.689Z,Organic,India,Dalehaven,Other,45+
6325,2026-02-21T12:52:29.689Z,Influencer,India,South Lindaburgh,Female,25-34
6336,2025-11-23T12:52:29.689Z,Email,India,Markside,Other,45+
6340,2025-04-21T12:52:29.689Z,Email,India,South Justinfurt,Female,35-44
6354,2025-07-23T12:52:29.689Z,Organic,India,Hicksbury,Male,18-24
6355,2025-09-16T12:52:29.689Z,Influencer,India,Connorshire,Male,18-24
6359,2026-01-21T12:52:29.689Z,Email,India,Sanchezchester,Female,35-44
6362,2025-08-16T12:52:29.689Z,Organic,India,Wolfborough,Other,45+
6372,2025-05-31T12:52:29.689Z,Email,India,Lake Heatherside,Other,45+
6383,2025-11-18T12:52:29.689Z,Referral,India,Janicestad,Other,45+
6384,2025-11-17T12:52:29.689Z,Influencer,India,Lake Curtisland,Female,25-34
6385,2025-04-24T12:52:29.689Z,Referral,India,West Jennifer,Male,25-34
6386,2025-05-12T12:52:29.689Z,Referral,India,Courtneyview,Other,18-24
6389,2025-03-30T12:52:29.689Z,Paid Ads,India,Dorseyfort,Male,35-44
6401,2026-02-05T12:52:29.689Z,Email,India,Nguyenside,Male,35-44
6412,2025-05-03T12:52:29.689Z,Organic,India,Knightmouth,Female,45+
6420,2025-04-06T12:52:29.689Z,Referral,India,Lake Barbaramouth,Male,45+
6430,2025-09-11T12:52:29.689Z,Paid Ads,India,Gilbertfurt,Male,35-44
6432,2025-03-19T12:52:29.689Z,Referral,India,Reevesville,Female,45+
6458,2025-03-07T12:52:29.689Z,Influencer,India,Brownton,Other,45+
6471,2025-10-07T12:52:29.689Z,Paid Ads,India,New Catherine,Female,18-24
6474,2026-02-12T12:52:29.689Z,Paid Ads,India,Tamaraberg,Female,35-44
6483,2025-11-09T12:52:29.689Z,Influencer,India,New Marioton,Other,18-24
6490,2025-04-17T12:52:29.689Z,Influencer,India,Kellymouth,Male,35-44
6491,2025-07-20T12:52:29.689Z,Influencer,India,Lake Gina,Other,25-34
6504,2025-10-06T12:52:29.689Z,Influencer,India,Lake Teresahaven,Other,18-24
6510,2026-02-22T12:52:29.689Z,Organic,India,Marshallstad,Male,18-24
6519,2026-01-17T12:52:29.689Z,Influencer,India,East Joseph,Male,25-34
6521,2025-05-08T12:52:29.689Z,Organic,India,East Sheriville,Male,35-44
6537,2025-08-14T12:52:29.689Z,Referral,India,Christianmouth,Female,18-24
6540,2025-09-03T12:52:29.689Z,Paid Ads,India,South Sarahville,Other,35-44
6545,2025-06-01T12:52:29.689Z,Influencer,India,South Codychester,Female,18-24
6556,2025-05-04T12:52:29.689Z,Paid Ads,India,South Davidbury,Other,25-34
6558,2025-09-14T12:52:29.689Z,Influencer,India,East Christopher,Other,45+
6562,2025-05-30T12:52:29.689Z,Organic,India,Port Nathan,Male,18-24
6569,2025-10-03T12:52:29.689Z,Email,India,Vincenttown,Female,18-24
6588,2025-03-27T12:52:29.689Z,Organic,India,South Melissa,Female,25-34
6589,2026-01-29T12:52:29.689Z,Email,India,Kendraborough,Male,35-44
6599,2025-12-25T12:52:29.689Z,Organic,India,West Lisa,Male,25-34
6605,2025-03-30T12:52:29.689Z,Referral,India,Jeffreyburgh,Other,18-24
6608,2025-11-12T12:52:29.689Z,Paid Ads,India,East Brianaton,Other,35-44
6618,2025-11-14T12:52:29.689Z,Paid Ads,India,South Charles,Other,25-34
6625,2025-06-03T12:52:29.689Z,Influencer,India,Jonestown,Female,18-24
6638,2025-05-21T12:52:29.689Z,Paid Ads,India,North David,Female,35-44
6640,2025-12-08T12:52:29.689Z,Organic,India,Port Tara,Female,45+
6643,2025-11-01T12:52:29.689Z,Paid Ads,India,West Jeffrey,Male,25-34
6651,2025-12-31T12:52:29.689Z,Referral,India,Christineburgh,Other,25-34
6657,2025-10-24T12:52:29.689Z,Organic,India,South Christineview,Male,18-24
6658,2025-12-12T12:52:29.689Z,Email,India,Terrihaven,Other,18-24
6661,2025-04-19T12:52:29.689Z,Influencer,India,Peckberg,Other,35-44
6672,2025-06-19T12:52:29.689Z,Paid Ads,India,Port Kathy,Other,18-24
6674,2026-02-06T12:52:29.689Z,Influencer,India,Reedberg,Other,35-44
6682,2025-04-25T12:52:29.689Z,Influencer,India,North Williamberg,Other,25-34
6699,2026-02-20T12:52:29.689Z,Organic,India,East Nancy,Other,35-44
6703,2025-12-09T12:52:29.689Z,Email,India,Michaelside,Other,18-24
6711,2026-01-21T12:52:29.689Z,Referral,India,Michaelburgh,Female,25-34
6715,2025-05-22T12:52:29.689Z,Organic,India,Hendersonmouth,Male,45+
6723,2025-11-15T12:52:29.689Z,Referral,India,Port Stanleyton,Female,18-24
6727,2025-11-07T12:52:29.689Z,Paid Ads,India,Connerborough,Other,25-34
6735,2025-05-20T12:52:29.689Z,Influencer,India,Port Evan,Female,35-44
6739,2025-10-10T12:52:29.689Z,Referral,India,Cindytown,Female,45+
6746,2025-12-27T12:52:29.689Z,Paid Ads,India,South Joseph,Other,18-24
6752,2025-11-13T12:52:29.689Z,Paid Ads,India,Williammouth,Male,35-44
6759,2025-12-14T12:52:29.689Z,Email,India,Chasebury,Other,18-24
6761,2026-01-30T12:52:29.689Z,Referral,India,Port Alejandra,Other,25-34
6783,2025-05-04T12:52:29.689Z,Organic,India,New Joannland,Female,25-34
6784,2025-09-06T12:52:29.689Z,Referral,India,Randolphborough,Male,25-34
6785,2025-07-01T12:52:29.689Z,Email,India,New Anthonybury,Male,18-24
6798,2025-11-09T12:52:29.689Z,Referral,India,Brianaborough,Male,45+
6799,2025-07-28T12:52:29.689Z,Referral,India,Jessicaland,Female,18-24
6802,2026-02-08T12:52:29.689Z,Email,India,Lake Kevinview,Male,18-24
6804,2025-03-15T12:52:29.689Z,Influencer,India,East Kristenland,Male,45+
6809,2025-03-19T12:52:29.689Z,Paid Ads,India,Lake Christopher,Female,25-34
6818,2025-04-27T12:52:29.689Z,Paid Ads,India,Amyshire,Female,25-34
6823,2025-10-03T12:52:29.689Z,Email,India,South Scott,Female,25-34
6826,2026-01-24T12:52:29.689Z,Influencer,India,East Kevinville,Female,18-24
6831,2025-10-16T12:52:29.689Z,Organic,India,Port Robert,Female,35-44
6835,2025-05-20T12:52:29.689Z,Paid Ads,India,Rachelside,Male,35-44
6841,2025-04-04T12:52:29.689Z,Influencer,India,Aaronfurt,Other,35-44
6842,2025-09-06T12:52:29.689Z,Email,India,Samuelberg,Male,18-24
6871,2025-05-02T12:52:29.689Z,Paid Ads,India,Hansonfurt,Male,18-24
6874,2025-08-13T12:52:29.689Z,Influencer,India,West Timothymouth,Female,18-24
6878,2026-02-19T12:52:29.689Z,Paid Ads,India,Port Kimland,Male,45+
6890,2026-02-22T12:52:29.689Z,Referral,India,Roybury,Male,35-44
6902,2025-08-23T12:52:29.689Z,Paid Ads,India,Raybury,Female,18-24
6908,2025-11-13T12:52:29.689Z,Paid Ads,India,Micheleview,Other,25-34
6909,2026-02-20T12:52:29.689Z,Organic,India,North Michelleburgh,Other,18-24
6917,2025-11-09T12:52:29.689Z,Referral,India,Lake William,Male,45+
6920,2025-10-15T12:52:29.689Z,Paid Ads,India,Gonzalezshire,Female,45+
6927,2025-04-12T12:52:29.689Z,Referral,India,Gregport,Female,18-24
6928,2025-03-06T12:52:29.689Z,Referral,India,Grahammouth,Other,25-34
6945,2025-08-20T12:52:29.689Z,Referral,India,Mccannchester,Female,35-44
6953,2025-06-15T12:52:29.689Z,Referral,India,Teresafort,Other,25-34
6957,2025-04-11T12:52:29.689Z,Organic,India,South John,Female,18-24
6972,2025-04-01T12:52:29.689Z,Email,India,Port Maryland,Other,18-24
6974,2025-10-16T12:52:29.689Z,Organic,India,North Angela,Female,25-34
6975,2025-11-18T12:52:29.689Z,Organic,India,North Trevor,Other,45+
6979,2025-09-18T12:52:29.689Z,Email,India,Bellview,Other,35-44
6983,2025-07-22T12:52:29.689Z,Organic,India,North Cesarmouth,Other,45+
6987,2025-10-16T12:52:29.689Z,Influencer,India,Collinschester,Female,18-24
7000,2025-12-17T12:52:29.689Z,Influencer,India,Lisaview,Male,18-24
7004,2025-05-28T12:52:29.689Z,Email,India,Guerrerohaven,Other,25-34
7019,2025-12-30T12:52:29.689Z,Email,India,South Ianmouth,Female,25-34
7026,2025-05-25T12:52:29.689Z,Influencer,India,South Rickyside,Other,35-44
7029,2025-06-05T12:52:29.689Z,Organic,India,East Nancystad,Male,18-24
7030,2026-02-19T12:52:29.689Z,Influencer,India,Henryborough,Female,45+
7036,2025-04-08T12:52:29.689Z,Organic,India,West Bryan,Other,35-44
7041,2025-03-27T12:52:29.689Z,Referral,India,Robinsonland,Female,35-44
7047,2025-05-27T12:52:29.689Z,Organic,India,Schwartzborough,Female,35-44
7053,2025-11-03T12:52:29.689Z,Paid Ads,India,South Richard,Other,35-44
7057,2025-06-02T12:52:29.689Z,Paid Ads,India,Caitlynshire,Female,35-44
7075,2025-03-20T12:52:29.689Z,Organic,India,Lake Nicholasfurt,Female,18-24
7076,2026-01-29T12:52:29.689Z,Influencer,India,East Samantha,Female,45+
7082,2025-12-23T12:52:29.689Z,Referral,India,Lake Victoriafort,Other,45+
7083,2026-02-04T12:52:29.689Z,Organic,India,Robinbury,Male,25-34
7087,2025-06-09T12:52:29.689Z,Email,India,Lake Monica,Other,35-44
7100,2025-09-26T12:52:29.689Z,Organic,India,East Susanchester,Female,25-34
7102,2025-03-01T12:52:29.689Z,Email,India,Davidborough,Female,25-34
7111,2026-02-17T12:52:29.689Z,Influencer,India,Lake Billy,Male,45+
7116,2025-08-31T12:52:29.689Z,Influencer,India,New Mary,Female,18-24
7140,2025-04-10T12:52:29.689Z,Paid Ads,India,Christineburgh,Female,25-34
7145,2025-08-15T12:52:29.689Z,Email,India,New Alan,Male,35-44
7146,2025-09-22T12:52:29.689Z,Paid Ads,India,Jacquelinetown,Male,18-24
7148,2025-03-31T12:52:29.689Z,Referral,India,New Anthonyberg,Male,45+
7154,2026-01-26T12:52:29.689Z,Paid Ads,India,Lake Brenda,Male,35-44
7161,2025-05-27T12:52:29.689Z,Influencer,India,New Nathan,Female,45+
7165,2025-11-18T12:52:29.689Z,Organic,India,Bellborough,Other,45+
7170,2025-08-04T12:52:29.689Z,Referral,India,East Elizabeth,Other,25-34
7171,2025-10-30T12:52:29.689Z,Paid Ads,India,Burnschester,Other,35-44
7174,2025-07-20T12:52:29.689Z,Organic,India,Lake Tammymouth,Other,18-24
7195,2025-03-07T12:52:29.689Z,Referral,India,North Elizabeth,Female,18-24
7205,2025-06-23T12:52:29.689Z,Referral,India,Davidbury,Other,18-24
7207,2026-01-13T12:52:29.689Z,Referral,India,Watkinston,Other,35-44
7212,2026-01-16T12:52:29.689Z,Organic,India,East Jesus,Female,45+
7215,2025-06-07T12:52:29.689Z,Organic,India,Randallside,Female,18-24
7223,2025-04-17T12:52:29.689Z,Referral,India,Lake Mary,Female,35-44
7229,2026-01-24T12:52:29.689Z,Organic,India,Elizabethburgh,Other,18-24
7245,2025-06-28T12:52:29.689Z,Organic,India,Kaylatown,Male,18-24
7259,2026-01-01T12:52:29.689Z,Email,India,Lake Crystaltown,Male,18-24
7268,2025-08-20T12:52:29.689Z,Organic,India,Sandrastad,Female,45+
7269,2025-09-14T12:52:29.689Z,Influencer,India,West Bettyview,Other,18-24
7282,2025-04-10T12:52:29.689Z,Paid Ads,India,Erinfurt,Male,35-44
7285,2025-11-17T12:52:29.689Z,Organic,India,Nelsonton,Female,18-24
7288,2025-09-16T12:52:29.689Z,Organic,India,Lake Josephside,Female,35-44
7289,2025-10-03T12:52:29.689Z,Paid Ads,India,Bellberg,Female,25-34
7290,2025-10-01T12:52:29.689Z,Paid Ads,India,East Jackieborough,Male,25-34
7295,2025-11-11T12:52:29.689Z,Influencer,India,New Crystal,Male,18-24
7313,2025-12-30T12:52:29.689Z,Paid Ads,India,Deborahbury,Male,25-34
7316,2025-06-14T12:52:29.689Z,Organic,India,Chenchester,Other,35-44
7318,2025-07-27T12:52:29.689Z,Paid Ads,India,South Michael,Male,18-24
7322,2025-10-27T12:52:29.689Z,Referral,India,South Austin,Other,25-34
7328,2025-12-22T12:52:29.689Z,Referral,India,East Stefanie,Male,18-24
7330,2025-03-20T12:52:29.689Z,Paid Ads,India,Clarkstad,Male,45+
7346,2026-01-22T12:52:29.689Z,Influencer,India,Dianaberg,Other,45+
7362,2025-05-06T12:52:29.689Z,Organic,India,Richardborough,Male,25-34
7365,2025-05-23T12:52:29.689Z,Influencer,India,East Jenniferburgh,Male,45+
7373,2025-03-12T12:52:29.689Z,Referral,India,Port William,Female,25-34
7374,2025-07-17T12:52:29.689Z,Email,India,Pattersontown,Female,25-34
7375,2026-02-15T12:52:29.689Z,Influencer,India,East Whitneychester,Male,25-34
7380,2025-12-06T12:52:29.689Z,Organic,India,Gilbertfurt,Female,35-44
7381,2026-02-27T12:52:29.689Z,Referral,India,Lunatown,Other,18-24
7383,2025-11-30T12:52:29.689Z,Email,India,Craigbury,Other,25-34
7385,2025-05-22T12:52:29.689Z,Email,India,Lake Erikside,Male,35-44
7395,2025-12-15T12:52:29.689Z,Referral,India,Huntburgh,Female,35-44
7399,2025-10-09T12:52:29.689Z,Influencer,India,Lake Melissabury,Male,45+
7400,2025-08-05T12:52:29.689Z,Email,India,Seanshire,Male,18-24
7402,2025-11-27T12:52:29.689Z,Organic,India,Samuelhaven,Male,45+
7403,2025-06-30T12:52:29.689Z,Influencer,India,Johnsonfurt,Female,18-24
7404,2026-02-13T12:52:29.689Z,Influencer,India,North Brian,Other,35-44
7409,2025-11-12T12:52:29.689Z,Influencer,India,South Michele,Other,25-34
7418,2026-02-13T12:52:29.689Z,Paid Ads,India,Port Carolineport,Male,45+
7421,2025-07-15T12:52:29.689Z,Email,India,Nicholsside,Other,18-24
7428,2025-05-12T12:52:29.689Z,Influencer,India,Lake Kyle,Other,25-34
7445,2025-11-27T12:52:29.689Z,Organic,India,Townsendmouth,Other,18-24
7446,2025-04-30T12:52:29.689Z,Email,India,Millerchester,Male,45+
7448,2025-06-16T12:52:29.689Z,Organic,India,North John,Male,18-24
7451,2025-09-15T12:52:29.689Z,Influencer,India,Aguirreland,Male,25-34
7452,2026-01-20T12:52:29.689Z,Email,India,Hansenport,Female,18-24
7453,2025-04-01T12:52:29.689Z,Organic,India,New Danielle,Male,25-34
7455,2025-09-24T12:52:29.689Z,Organic,India,Williamsville,Other,45+
7462,2025-07-04T12:52:29.689Z,Influencer,India,Jonesfort,Male,25-34
7463,2025-07-13T12:52:29.689Z,Referral,India,Port Kevinberg,Female,18-24
7479,2025-04-25T12:52:29.689Z,Organic,India,North Markberg,Other,35-44
7488,2025-12-12T12:52:29.689Z,Organic,India,North Donaldmouth,Female,18-24
7489,2026-01-12T12:52:29.689Z,Email,India,West Justin,Male,35-44
7494,2026-02-23T12:52:29.689Z,Influencer,India,New Annabury,Male,18-24
7505,2025-10-26T12:52:29.689Z,Email,India,Nicoleville,Other,35-44
7509,2025-05-22T12:52:29.689Z,Paid Ads,India,Sarahhaven,Female,35-44
7511,2025-04-14T12:52:29.689Z,Paid Ads,India,Madisonfurt,Other,18-24
7517,2025-07-17T12:52:29.689Z,Referral,India,Shawnshire,Female,45+
7533,2025-08-05T12:52:29.689Z,Organic,India,Holmeschester,Female,25-34
7534,2026-02-01T12:52:29.689Z,Referral,India,Brandiborough,Other,35-44
7542,2025-10-18T12:52:29.689Z,Influencer,India,East Kristina,Male,18-24
7569,2026-01-12T12:52:29.689Z,Organic,India,Taylorchester,Female,18-24
7572,2025-12-26T12:52:29.689Z,Email,India,Hansenhaven,Other,25-34
7581,2026-01-10T12:52:29.689Z,Influencer,India,Tylerfort,Male,35-44
7592,2025-07-07T12:52:29.689Z,Referral,India,Maychester,Other,25-34
7600,2025-11-05T12:52:29.689Z,Email,India,Fisherstad,Female,35-44
7607,2025-06-24T12:52:29.689Z,Influencer,India,New Howard,Male,25-34
7622,2025-08-05T12:52:29.689Z,Referral,India,West Jeremymouth,Other,18-24
7628,2025-08-24T12:52:29.689Z,Email,India,Walkertown,Male,35-44
7629,2025-05-19T12:52:29.689Z,Email,India,Lake Diana,Male,18-24
7641,2025-07-04T12:52:29.689Z,Email,India,South Michele,Male,45+
7644,2025-05-19T12:52:29.689Z,Email,India,Lake Stacey,Female,45+
7649,2025-04-06T12:52:29.689Z,Referral,India,Justinshire,Female,35-44
7650,2025-03-03T12:52:29.689Z,Email,India,Adamland,Female,45+
7654,2025-08-12T12:52:29.689Z,Referral,India,Port Georgeview,Female,18-24
7656,2025-08-28T12:52:29.689Z,Influencer,India,Diazmouth,Male,18-24
7675,2025-11-30T12:52:29.689Z,Organic,India,Pratthaven,Female,25-34
7676,2025-11-05T12:52:29.689Z,Paid Ads,India,Kiddmouth,Male,45+
7687,2025-03-28T12:52:29.689Z,Influencer,India,Lindashire,Male,35-44
7694,2025-11-25T12:52:29.689Z,Paid Ads,India,Stewartberg,Other,45+
7701,2025-03-13T12:52:29.689Z,Influencer,India,South Joseph,Female,25-34
7707,2026-01-17T12:52:29.689Z,Email,India,South Kristenhaven,Female,35-44
7720,2025-09-17T12:52:29.689Z,Organic,India,Cruzchester,Other,25-34
7722,2026-02-16T12:52:29.689Z,Referral,India,New Craigview,Female,25-34
7741,2025-04-13T12:52:29.689Z,Paid Ads,India,Sandyton,Female,45+
7748,2026-01-04T12:52:29.689Z,Email,India,North Debbie,Female,35-44
7751,2025-04-01T12:52:29.689Z,Influencer,India,East Priscilla,Male,35-44
7753,2026-01-16T12:52:29.689Z,Paid Ads,India,East Elizabeth,Male,18-24
7763,2025-03-14T12:52:29.689Z,Paid Ads,India,Michelefurt,Other,18-24
7766,2025-04-24T12:52:29.689Z,Email,India,West Madisonfurt,Female,25-34
7767,2025-06-06T12:52:29.689Z,Email,India,Lake Chloeview,Female,35-44
7778,2025-07-14T12:52:29.689Z,Paid Ads,India,Johnview,Female,18-24
7779,2026-01-28T12:52:29.689Z,Organic,India,Staffordland,Male,35-44
7780,2026-01-19T12:52:29.689Z,Influencer,India,Christinaton,Male,18-24
7782,2025-06-12T12:52:29.689Z,Referral,India,Amberstad,Female,45+
7783,2026-02-12T12:52:29.689Z,Email,India,Claytonland,Female,45+
7794,2025-06-05T12:52:29.689Z,Email,India,Lake Amyfort,Male,18-24
7798,2025-07-19T12:52:29.689Z,Organic,India,Lake Daniellemouth,Other,25-34
7801,2025-04-08T12:52:29.689Z,Organic,India,West Ashley,Female,35-44
7817,2026-02-25T12:52:29.689Z,Influencer,India,Nicholschester,Other,25-34
7826,2025-07-01T12:52:29.689Z,Influencer,India,Hawkinsborough,Other,35-44
7827,2025-10-11T12:52:29.689Z,Organic,India,Bradleyhaven,Male,18-24
7829,2026-02-27T12:52:29.689Z,Referral,India,North Matthewland,Other,18-24
7830,2025-04-04T12:52:29.689Z,Referral,India,South Rebecca,Other,35-44
7859,2026-02-22T12:52:29.689Z,Email,India,Port Amandafurt,Female,45+
7877,2025-07-19T12:52:29.689Z,Referral,India,Sanchezhaven,Male,35-44
7879,2026-01-27T12:52:29.689Z,Influencer,India,Port Gailfort,Male,25-34
7888,2026-01-19T12:52:29.689Z,Paid Ads,India,Matthewstad,Other,18-24
7905,2025-08-22T12:52:29.689Z,Email,India,Lake Chelseyfurt,Female,18-24
7921,2025-03-04T12:52:29.689Z,Influencer,India,East Marissastad,Male,18-24
7930,2025-03-05T12:52:29.689Z,Paid Ads,India,Lake Arthur,Male,18-24
7937,2025-05-04T12:52:29.689Z,Referral,India,Melissaview,Female,25-34
7941,2025-10-31T12:52:29.689Z,Email,India,Port Kurtburgh,Male,35-44
7947,2025-06-27T12:52:29.689Z,Email,India,South Carol,Male,35-44
7957,2025-10-20T12:52:29.689Z,Influencer,India,Suttonfort,Other,35-44
7963,2025-06-04T12:52:29.689Z,Email,India,Gonzalezview,Male,25-34
7965,2025-08-19T12:52:29.689Z,Referral,India,Granttown,Male,45+
7970,2025-09-24T12:52:29.689Z,Email,India,East Carolinestad,Female,25-34
7982,2025-03-20T12:52:29.689Z,Email,India,Rachelstad,Female,18-24
7983,2025-04-14T12:52:29.689Z,Paid Ads,India,East Kellyshire,Male,18-24
7986,2025-03-12T12:52:29.689Z,Paid Ads,India,Lewisbury,Other,18-24
7997,2025-09-07T12:52:29.689Z,Organic,India,East Isaac,Other,18-24
7998,2025-08-17T12:52:29.689Z,Organic,India,East Ronald,Other,18-24
8002,2025-05-21T12:52:29.689Z,Referral,India,Simonland,Female,45+
8022,2025-09-15T12:52:29.689Z,Influencer,India,New Ralphmouth,Female,25-34
8027,2025-11-28T12:52:29.689Z,Referral,India,Loganstad,Female,25-34
8031,2025-03-01T12:52:29.689Z,Paid Ads,India,South Reginatown,Female,25-34
8035,2026-01-22T12:52:29.689Z,Email,India,Cruzport,Female,25-34
8037,2025-06-26T12:52:29.689Z,Email,India,West Carlos,Female,35-44
8042,2025-04-12T12:52:29.689Z,Referral,India,Lake Allisonview,Male,45+
8046,2026-02-03T12:52:29.689Z,Organic,India,Ramirezview,Male,35-44
8048,2025-08-04T12:52:29.689Z,Paid Ads,India,South Paulport,Female,35-44
8050,2025-08-23T12:52:29.689Z,Influencer,India,East Aaronton,Female,35-44
8053,2026-01-20T12:52:29.689Z,Influencer,India,West Davidmouth,Male,45+
8061,2025-09-13T12:52:29.689Z,Influencer,India,Port Andrea,Female,35-44
8070,2025-04-20T12:52:29.689Z,Email,India,Shermanton,Other,35-44
8074,2025-11-03T12:52:29.689Z,Referral,India,East Andrewview,Male,45+
8077,2025-08-01T12:52:29.689Z,Referral,India,New Sharonside,Other,25-34
8082,2025-03-12T12:52:29.689Z,Organic,India,Lake Mark,Female,45+
8083,2025-04-03T12:52:29.689Z,Email,India,Lake Heather,Female,35-44
8085,2025-07-15T12:52:29.689Z,Organic,India,Mackview,Male,25-34
8088,2025-03-31T12:52:29.689Z,Referral,India,Port Robertmouth,Male,25-34
8089,2026-01-28T12:52:29.689Z,Paid Ads,India,Lake Brandonmouth,Other,25-34
8091,2025-10-01T12:52:29.689Z,Paid Ads,India,Rogersland,Other,35-44
8105,2025-08-18T12:52:29.689Z,Influencer,India,New Lindaland,Other,35-44
8110,2025-10-28T12:52:29.689Z,Paid Ads,India,East Frankfurt,Female,45+
8111,2026-01-30T12:52:29.689Z,Paid Ads,India,Lake Erinport,Other,25-34
8118,2025-03-16T12:52:29.689Z,Organic,India,Maystown,Female,45+
8125,2025-07-14T12:52:29.689Z,Referral,India,Christopherhaven,Other,25-34
8128,2026-02-08T12:52:29.689Z,Referral,India,South Jonathanshire,Female,45+
8129,2025-03-29T12:52:29.689Z,Paid Ads,India,Shortfort,Female,18-24
8137,2025-06-29T12:52:29.689Z,Organic,India,Moodyburgh,Female,18-24
8142,2025-03-18T12:52:29.689Z,Influencer,India,South Justin,Male,25-34
8144,2025-05-03T12:52:29.689Z,Influencer,India,Jamesville,Female,25-34
8148,2025-07-13T12:52:29.689Z,Email,India,East Nicole,Female,45+
8149,2025-05-14T12:52:29.689Z,Email,India,Jacksonmouth,Other,45+
8155,2025-11-03T12:52:29.689Z,Organic,India,South Evanchester,Other,35-44
8156,2025-11-28T12:52:29.689Z,Influencer,India,West Sabrina,Other,18-24
8163,2025-12-18T12:52:29.689Z,Referral,India,Wallerbury,Other,18-24
8175,2025-04-01T12:52:29.689Z,Referral,India,Port Robertmouth,Female,25-34
8182,2025-09-30T12:52:29.689Z,Email,India,Moodyview,Male,45+
8190,2025-06-04T12:52:29.689Z,Referral,India,West Lisaview,Female,35-44
8195,2025-08-10T12:52:29.689Z,Influencer,India,Millermouth,Other,45+
8196,2025-08-29T12:52:29.689Z,Influencer,India,Seanbury,Female,25-34
8197,2025-07-22T12:52:29.689Z,Referral,India,Tiffanyborough,Male,25-34
8202,2025-08-11T12:52:29.689Z,Paid Ads,India,South Sarahburgh,Male,35-44
8203,2026-01-30T12:52:29.689Z,Organic,India,Schneiderfort,Female,45+
8211,2025-05-25T12:52:29.689Z,Referral,India,Lake Rhonda,Male,25-34
8219,2025-09-12T12:52:29.689Z,Influencer,India,Johnsonmouth,Female,45+
8223,2025-03-17T12:52:29.689Z,Paid Ads,India,East Adamburgh,Male,45+
8227,2025-03-03T12:52:29.689Z,Influencer,India,Lake Jacob,Female,35-44
8239,2025-03-11T12:52:29.689Z,Organic,India,Lewisville,Female,35-44
8250,2025-12-10T12:52:29.689Z,Paid Ads,India,Rossfort,Female,45+
8251,2025-03-12T12:52:29.689Z,Organic,India,Chanville,Other,25-34
8256,2025-07-16T12:52:29.689Z,Organic,India,Caldwellborough,Male,25-34
8270,2025-07-09T12:52:29.689Z,Email,India,East Christopherport,Female,25-34
8271,2025-04-13T12:52:29.689Z,Paid Ads,India,Lake Brittney,Male,35-44
8283,2025-10-28T12:52:29.689Z,Organic,India,New Sarah,Male,35-44
8290,2025-06-24T12:52:29.689Z,Organic,India,Stevenborough,Male,18-24
8292,2025-08-30T12:52:29.689Z,Email,India,Port Jacqueline,Female,25-34
8296,2025-03-03T12:52:29.689Z,Influencer,India,Malloryport,Other,25-34
8301,2025-06-23T12:52:29.689Z,Email,India,Lake Louisshire,Other,25-34
8305,2025-04-21T12:52:29.689Z,Organic,India,South Ronniestad,Male,45+
8307,2025-11-28T12:52:29.689Z,Paid Ads,India,Burnsborough,Female,18-24
8316,2025-08-16T12:52:29.689Z,Referral,India,Kellyville,Male,25-34
8317,2025-03-20T12:52:29.689Z,Referral,India,North Laura,Male,45+
8321,2025-06-16T12:52:29.689Z,Paid Ads,India,Port Nicholas,Other,18-24
8323,2025-12-03T12:52:29.689Z,Email,India,Lake Darren,Female,35-44
8324,2025-12-26T12:52:29.689Z,Referral,India,Warrentown,Male,45+
8342,2025-10-25T12:52:29.689Z,Paid Ads,India,Jacksonside,Female,35-44
8345,2025-04-17T12:52:29.689Z,Paid Ads,India,Andersonhaven,Male,18-24
8350,2025-05-12T12:52:29.689Z,Paid Ads,India,Donaldbury,Other,35-44
8353,2025-05-14T12:52:29.689Z,Email,India,Evansfort,Other,18-24
8354,2025-03-15T12:52:29.689Z,Organic,India,Robertville,Male,35-44
8357,2025-09-05T12:52:29.689Z,Influencer,India,New Michael,Other,18-24
8359,2025-12-30T12:52:29.689Z,Referral,India,South Angelachester,Other,25-34
8360,2025-09-13T12:52:29.689Z,Email,India,New Mary,Male,18-24
8363,2025-06-16T12:52:29.689Z,Influencer,India,Port Emily,Female,25-34
8368,2025-05-18T12:52:29.689Z,Paid Ads,India,East Dustinchester,Male,45+
8393,2025-12-12T12:52:29.689Z,Paid Ads,India,East Helen,Female,35-44
8399,2025-06-05T12:52:29.689Z,Email,India,Lake Betty,Male,25-34
8400,2025-08-13T12:52:29.689Z,Organic,India,Randyborough,Other,18-24
8407,2025-03-27T12:52:29.689Z,Referral,India,East Sarah,Other,35-44
8410,2025-11-01T12:52:29.689Z,Organic,India,South Bryanton,Other,45+
8424,2025-08-21T12:52:29.689Z,Organic,India,East Charleneland,Male,35-44
8432,2025-12-08T12:52:29.689Z,Referral,India,North Jacob,Female,18-24
8433,2025-05-05T12:52:29.689Z,Organic,India,Dennisfort,Male,45+
8437,2025-09-01T12:52:29.689Z,Email,India,West James,Male,35-44
8446,2025-08-01T12:52:29.689Z,Influencer,India,Debbiestad,Other,25-34
8451,2026-02-15T12:52:29.689Z,Influencer,India,Harmonchester,Female,35-44
8462,2025-10-22T12:52:29.689Z,Paid Ads,India,Jenniferville,Female,45+
8465,2025-07-18T12:52:29.689Z,Organic,India,Edwinbury,Other,45+
8467,2025-06-26T12:52:29.689Z,Referral,India,East Anthony,Male,25-34
8483,2025-12-26T12:52:29.689Z,Paid Ads,India,Geraldborough,Female,45+
8488,2025-03-06T12:52:29.689Z,Paid Ads,India,North Ryanville,Female,45+
8491,2025-07-01T12:52:29.689Z,Email,India,East Jessica,Male,25-34
8497,2025-12-25T12:52:29.689Z,Email,India,East Lisaberg,Other,45+
8514,2025-09-12T12:52:29.689Z,Paid Ads,India,Thomasborough,Female,25-34
8522,2025-08-11T12:52:29.689Z,Paid Ads,India,Rhodeston,Female,35-44
8529,2025-12-10T12:52:29.689Z,Email,India,East Tammy,Other,18-24
8537,2025-08-25T12:52:29.689Z,Referral,India,Lake Andreashire,Female,18-24
8540,2025-09-13T12:52:29.689Z,Organic,India,Hansonhaven,Other,18-24
8541,2025-07-06T12:52:29.689Z,Organic,India,South Cynthiamouth,Male,18-24
8555,2025-03-08T12:52:29.689Z,Organic,India,West Seanland,Male,35-44
8556,2025-03-24T12:52:29.689Z,Referral,India,Port Christopherfort,Female,18-24
8559,2025-11-15T12:52:29.689Z,Organic,India,Stephentown,Other,35-44
8571,2025-11-17T12:52:29.689Z,Organic,India,North Stephanie,Male,35-44
8578,2025-12-29T12:52:29.689Z,Organic,India,Rodriguezmouth,Male,25-34
8583,2025-05-12T12:52:29.689Z,Paid Ads,India,West Stephanieburgh,Male,18-24
8586,2025-09-20T12:52:29.689Z,Influencer,India,Davidmouth,Male,25-34
8587,2025-09-19T12:52:29.689Z,Paid Ads,India,Port Jenniferside,Other,45+
8590,2025-11-29T12:52:29.689Z,Paid Ads,India,Gonzalezside,Other,25-34
8591,2025-09-22T12:52:29.689Z,Referral,India,Glassbury,Male,35-44
8595,2025-05-15T12:52:29.689Z,Referral,India,Port Deborahmouth,Female,35-44
8602,2025-10-18T12:52:29.689Z,Paid Ads,India,Wolfstad,Other,18-24
8603,2026-02-07T12:52:29.689Z,Paid Ads,India,Lake Soniaburgh,Male,45+
8604,2025-10-27T12:52:29.689Z,Influencer,India,Prestonchester,Male,18-24
8607,2025-09-15T12:52:29.689Z,Paid Ads,India,Lake Stephanie,Female,45+
8608,2025-04-15T12:52:29.689Z,Influencer,India,Lake Aaronfort,Male,35-44
8610,2025-06-01T12:52:29.689Z,Email,India,Jeremiahchester,Female,18-24
8626,2025-09-21T12:52:29.689Z,Paid Ads,India,North Maria,Female,18-24
8636,2025-08-23T12:52:29.689Z,Email,India,Port Heatherhaven,Male,25-34
8638,2025-04-27T12:52:29.689Z,Organic,India,Lake Michael,Female,45+
8651,2026-01-26T12:52:29.689Z,Influencer,India,Stephensberg,Female,45+
8658,2025-10-25T12:52:29.689Z,Email,India,North Stacystad,Male,35-44
8660,2025-08-09T12:52:29.689Z,Organic,India,Wagnerview,Other,25-34
8664,2025-05-28T12:52:29.689Z,Influencer,India,North Gregory,Other,35-44
8671,2025-10-23T12:52:29.689Z,Referral,India,Jacquelineview,Male,25-34
8677,2025-10-28T12:52:29.689Z,Influencer,India,North Angelamouth,Other,18-24
8681,2025-04-02T12:52:29.689Z,Referral,India,North Charles,Male,25-34
8689,2025-11-02T12:52:29.689Z,Organic,India,Hullborough,Female,45+
8695,2025-06-13T12:52:29.689Z,Organic,India,East Jessicaberg,Other,35-44
8697,2025-12-13T12:52:29.689Z,Paid Ads,India,North Josephbury,Other,45+
8702,2025-09-15T12:52:29.689Z,Paid Ads,India,Kylemouth,Male,35-44
8713,2025-12-13T12:52:29.689Z,Referral,India,Lisaton,Other,18-24
8716,2026-01-23T12:52:29.689Z,Email,India,Brownstad,Other,18-24
8718,2025-03-15T12:52:29.689Z,Referral,India,Lake Thomasside,Female,18-24
8720,2025-06-01T12:52:29.689Z,Organic,India,Montgomeryfort,Female,18-24
8724,2025-06-27T12:52:29.689Z,Email,India,East Denise,Male,25-34
8736,2025-12-17T12:52:29.689Z,Referral,India,New Mary,Other,45+
8738,2025-03-27T12:52:29.689Z,Paid Ads,India,Milesborough,Other,45+
8748,2026-01-02T12:52:29.689Z,Paid Ads,India,Cassandraville,Male,18-24
8756,2025-10-25T12:52:29.689Z,Email,India,West Matthewport,Female,18-24
8758,2025-03-01T12:52:29.689Z,Influencer,India,Thomaschester,Other,25-34
8781,2025-09-12T12:52:29.689Z,Organic,India,Calderonchester,Other,35-44
8799,2025-09-11T12:52:29.689Z,Organic,India,Bellmouth,Male,18-24
8803,2025-05-10T12:52:29.689Z,Email,India,Pagemouth,Other,45+
8804,2026-02-07T12:52:29.689Z,Email,India,Mitchellmouth,Male,45+
8805,2026-01-05T12:52:29.689Z,Influencer,India,Collierland,Female,45+
8815,2025-07-11T12:52:29.689Z,Email,India,Emilyfurt,Male,25-34
8818,2025-04-14T12:52:29.689Z,Paid Ads,India,Peterport,Other,45+
8820,2025-12-12T12:52:29.689Z,Paid Ads,India,Thompsonhaven,Male,25-34
8831,2025-08-24T12:52:29.689Z,Referral,India,East Lisa,Male,35-44
8837,2025-10-20T12:52:29.689Z,Email,India,New Jeffreymouth,Other,25-34
8840,2025-05-04T12:52:29.689Z,Email,India,Weberland,Male,45+
8849,2025-05-09T12:52:29.689Z,Organic,India,North Jessicahaven,Male,35-44
8851,2026-02-09T12:52:29.689Z,Influencer,India,Camachoport,Female,18-24
8854,2026-02-15T12:52:29.689Z,Organic,India,Port Jamie,Other,18-24
8855,2025-10-24T12:52:29.689Z,Organic,India,Bryanmouth,Male,35-44
8861,2025-08-03T12:52:29.689Z,Influencer,India,East Cristian,Male,18-24
8866,2025-03-03T12:52:29.689Z,Influencer,India,West Edward,Female,45+
8870,2025-09-09T12:52:29.689Z,Influencer,India,South Rebeccaview,Male,45+
8885,2026-01-16T12:52:29.689Z,Referral,India,Wadefurt,Other,25-34
8893,2025-08-14T12:52:29.689Z,Influencer,India,South Michelleside,Female,25-34
8907,2025-11-22T12:52:29.689Z,Organic,India,East Lisabury,Other,45+
8910,2025-11-28T12:52:29.689Z,Influencer,India,Robertside,Male,18-24
8911,2025-04-08T12:52:29.689Z,Influencer,India,Brianton,Male,25-34
8914,2026-02-07T12:52:29.689Z,Influencer,India,Amberchester,Male,35-44
8918,2026-01-06T12:52:29.689Z,Email,India,Leebury,Male,45+
8920,2025-07-03T12:52:29.689Z,Organic,India,Michaelchester,Male,18-24
8950,2025-09-05T12:52:29.689Z,Email,India,Lisafort,Other,25-34
8965,2025-12-14T12:52:29.689Z,Paid Ads,India,Englishborough,Female,45+
8966,2025-04-14T12:52:29.689Z,Paid Ads,India,New Derek,Female,25-34
8981,2025-07-24T12:52:29.689Z,Referral,India,Craigtown,Female,25-34
8983,2025-12-01T12:52:29.689Z,Referral,India,Jordanview,Female,45+
8990,2025-12-04T12:52:29.689Z,Influencer,India,Diazfort,Other,35-44
9006,2025-03-02T12:52:29.689Z,Organic,India,New Michael,Female,45+
9012,2025-07-04T12:52:29.689Z,Paid Ads,India,Franklinbury,Other,35-44
9015,2025-12-25T12:52:29.689Z,Referral,India,New Sandratown,Female,25-34
9019,2025-12-07T12:52:29.689Z,Paid Ads,India,Rodriguezmouth,Male,25-34
9027,2025-07-23T12:52:29.689Z,Referral,India,New Rachel,Other,35-44
9034,2025-12-01T12:52:29.689Z,Referral,India,West Ashleyborough,Female,35-44
9035,2026-01-29T12:52:29.689Z,Influencer,India,New Markview,Male,35-44
9036,2025-08-13T12:52:29.689Z,Influencer,India,New Stacy,Male,45+
9037,2025-10-11T12:52:29.689Z,Referral,India,South Davidstad,Other,25-34
9038,2025-07-01T12:52:29.689Z,Referral,India,Susanchester,Female,45+
9043,2025-04-29T12:52:29.689Z,Referral,India,New Crystalshire,Other,18-24
9046,2025-11-14T12:52:29.689Z,Referral,India,Tuckerfort,Male,25-34
9056,2025-05-27T12:52:29.689Z,Influencer,India,Port Scott,Female,25-34
9075,2025-06-19T12:52:29.689Z,Email,India,Shawnside,Male,25-34
9079,2025-09-11T12:52:29.689Z,Referral,India,Judithside,Female,45+
9080,2025-10-28T12:52:29.689Z,Referral,India,Lake Brenda,Other,45+
9089,2025-09-16T12:52:29.689Z,Email,India,Baileyhaven,Male,35-44
9093,2025-10-10T12:52:29.689Z,Referral,India,Andersonfort,Female,45+
9096,2025-11-22T12:52:29.689Z,Paid Ads,India,Mcconnellland,Female,25-34
9119,2025-05-21T12:52:29.689Z,Paid Ads,India,Robertport,Male,25-34
9126,2025-04-01T12:52:29.689Z,Organic,India,Michaelport,Other,25-34
9131,2026-02-01T12:52:29.689Z,Paid Ads,India,Thorntonmouth,Other,45+
9133,2025-10-27T12:52:29.689Z,Organic,India,Richardsonburgh,Female,25-34
9136,2025-12-11T12:52:29.689Z,Referral,India,Dominguezburgh,Female,45+
9138,2025-08-25T12:52:29.689Z,Paid Ads,India,Stevenchester,Female,35-44
9144,2026-01-23T12:52:29.689Z,Influencer,India,South Kellyhaven,Other,25-34
9158,2025-07-11T12:52:29.689Z,Organic,India,Robertmouth,Female,18-24
9159,2026-02-24T12:52:29.689Z,Paid Ads,India,West Linda,Male,35-44
9166,2026-01-09T12:52:29.689Z,Paid Ads,India,Pearsonfurt,Female,45+
9170,2025-07-06T12:52:29.689Z,Organic,India,Lake Bryan,Male,25-34
9179,2025-05-28T12:52:29.689Z,Influencer,India,Robertville,Male,18-24
9184,2025-06-21T12:52:29.689Z,Paid Ads,India,Lake Daniellemouth,Male,25-34
9190,2025-03-12T12:52:29.689Z,Email,India,Kimborough,Other,45+
9193,2025-06-09T12:52:29.689Z,Organic,India,Port Toddfort,Male,45+
9199,2026-02-11T12:52:29.689Z,Organic,India,North Kyle,Other,35-44
9204,2025-09-28T12:52:29.689Z,Paid Ads,India,Lake Ashleyhaven,Other,35-44
9212,2025-08-14T12:52:29.689Z,Paid Ads,India,South Darrentown,Female,18-24
9214,2025-10-21T12:52:29.689Z,Paid Ads,India,Keithfurt,Other,45+
9227,2025-04-12T12:52:29.689Z,Referral,India,East Cameronburgh,Other,25-34
9230,2025-08-05T12:52:29.689Z,Paid Ads,India,East Ronnie,Female,18-24
9235,2025-07-07T12:52:29.689Z,Email,India,Thomasburgh,Male,45+
9237,2025-07-16T12:52:29.689Z,Influencer,India,West Laurenfurt,Male,25-34
9240,2025-03-16T12:52:29.689Z,Paid Ads,India,New Allen,Other,45+
9242,2025-05-11T12:52:29.689Z,Referral,India,Lake Chrisland,Male,45+
9245,2025-03-27T12:52:29.689Z,Referral,India,Haleytown,Female,45+
9253,2025-06-13T12:52:29.689Z,Paid Ads,India,North Gerald,Female,25-34
9255,2026-02-13T12:52:29.689Z,Organic,India,South Fredside,Other,45+
9257,2026-02-26T12:52:29.689Z,Referral,India,West Shelly,Male,25-34
9262,2025-05-25T12:52:29.689Z,Referral,India,Riverafurt,Other,35-44
9267,2025-10-25T12:52:29.689Z,Influencer,India,West Tinaborough,Male,45+
9269,2025-03-07T12:52:29.689Z,Paid Ads,India,Port Jasonfort,Male,18-24
9270,2025-12-13T12:52:29.689Z,Organic,India,Richardbury,Other,18-24
9276,2025-12-05T12:52:29.689Z,Influencer,India,Port Sharon,Female,35-44
9279,2025-11-20T12:52:29.689Z,Influencer,India,South Jonathanview,Other,18-24
9280,2025-03-20T12:52:29.689Z,Referral,India,Christopherview,Female,35-44
9292,2025-08-12T12:52:29.689Z,Paid Ads,India,Elizabethmouth,Other,18-24
9294,2026-01-10T12:52:29.689Z,Paid Ads,India,Ryanchester,Female,18-24
9309,2025-07-21T12:52:29.689Z,Influencer,India,Mendezchester,Female,18-24
9312,2025-12-19T12:52:29.689Z,Organic,India,West Paul,Female,18-24
9315,2025-06-12T12:52:29.689Z,Paid Ads,India,East Juliaport,Female,45+
9319,2025-12-02T12:52:29.689Z,Organic,India,South Aaronburgh,Male,45+
9331,2025-07-24T12:52:29.689Z,Paid Ads,India,North Charlesport,Male,35-44
9333,2025-03-14T12:52:29.689Z,Paid Ads,India,Whitechester,Other,25-34
9334,2025-06-26T12:52:29.689Z,Paid Ads,India,Port Michaelbury,Female,45+
9344,2025-06-21T12:52:29.689Z,Referral,India,West Elizabeth,Female,45+
9352,2025-06-23T12:52:29.689Z,Referral,India,Hansentown,Other,35-44
9356,2026-02-08T12:52:29.689Z,Organic,India,Hartmanborough,Other,35-44
9357,2025-07-08T12:52:29.689Z,Organic,India,East James,Male,18-24
9381,2026-02-24T12:52:29.689Z,Paid Ads,India,South Jason,Male,25-34
9393,2025-07-02T12:52:29.689Z,Organic,India,East Tammy,Other,35-44
9394,2025-05-01T12:52:29.689Z,Influencer,India,Lake Dylanbury,Male,45+
9396,2025-06-02T12:52:29.689Z,Organic,India,East Nicolemouth,Other,45+
9398,2026-01-12T12:52:29.689Z,Paid Ads,India,Kimberlymouth,Male,45+
9402,2025-12-17T12:52:29.689Z,Organic,India,Gabriellefort,Male,35-44
9404,2025-12-27T12:52:29.689Z,Email,India,Noahside,Other,45+
9411,2025-08-02T12:52:29.689Z,Influencer,India,Hodgefurt,Female,35-44
9414,2025-03-04T12:52:29.689Z,Email,India,Natashaside,Female,45+
9422,2025-06-24T12:52:29.689Z,Influencer,India,Port Rebeccaberg,Female,45+
9436,2025-04-20T12:52:29.689Z,Referral,India,Brownland,Other,45+
9441,2025-09-08T12:52:29.689Z,Paid Ads,India,New Denise,Other,25-34
9443,2025-12-07T12:52:29.689Z,Paid Ads,India,Williammouth,Other,35-44
9445,2025-05-17T12:52:29.689Z,Referral,India,Davidstad,Other,25-34
9446,2025-10-23T12:52:29.689Z,Organic,India,Barnesfurt,Male,25-34
9447,2025-07-18T12:52:29.689Z,Influencer,India,Johnsonside,Female,35-44
9451,2025-12-02T12:52:29.689Z,Referral,India,Port Stacey,Other,45+
9464,2025-09-11T12:52:29.689Z,Organic,India,South Aliciaview,Male,45+
9472,2026-02-13T12:52:29.689Z,Organic,India,Sarahburgh,Female,35-44
9486,2025-08-13T12:52:29.689Z,Organic,India,New Rebeccaside,Female,25-34
9498,2025-09-06T12:52:29.689Z,Organic,India,Jamesbury,Other,35-44
9508,2025-08-29T12:52:29.689Z,Influencer,India,Danieltown,Female,45+
9510,2025-10-10T12:52:29.689Z,Email,India,Chavezfort,Male,18-24
9512,2025-08-12T12:52:29.689Z,Influencer,India,Kimfort,Female,25-34
9515,2025-11-17T12:52:29.689Z,Influencer,India,East Rebecca,Other,35-44
9517,2026-01-23T12:52:29.689Z,Organic,India,West Holly,Male,45+
9526,2025-09-15T12:52:29.689Z,Referral,India,Dickersonfurt,Male,35-44
9528,2025-09-05T12:52:29.689Z,Email,India,Geraldview,Other,45+
9529,2025-12-11T12:52:29.689Z,Organic,India,Caitlinshire,Other,45+
9534,2025-12-27T12:52:29.689Z,Influencer,India,North Johnathan,Female,25-34
9538,2025-05-02T12:52:29.689Z,Organic,India,North Vanessa,Female,25-34
9540,2025-12-20T12:52:29.689Z,Referral,India,Burtonview,Female,35-44
9543,2025-04-18T12:52:29.689Z,Email,India,Rachelland,Male,35-44
9549,2026-01-23T12:52:29.689Z,Referral,India,North David,Other,45+
9580,2025-04-15T12:52:29.689Z,Organic,India,West Meghanburgh,Other,35-44
9581,2025-05-16T12:52:29.689Z,Paid Ads,India,Julieland,Other,35-44
9584,2026-02-04T12:52:29.689Z,Email,India,Burgessport,Other,25-34
9589,2025-03-02T12:52:29.689Z,Paid Ads,India,Carlton,Male,35-44
9595,2025-12-10T12:52:29.689Z,Organic,India,West Kimberlyhaven,Male,35-44
9596,2025-03-27T12:52:29.689Z,Email,India,Fosterton,Other,45+
9598,2025-06-07T12:52:29.689Z,Organic,India,Annettefort,Male,45+
9599,2025-05-30T12:52:29.689Z,Referral,India,Richardsonborough,Other,25-34
9605,2025-05-23T12:52:29.689Z,Paid Ads,India,Josephland,Other,35-44
9613,2025-10-25T12:52:29.689Z,Email,India,Daychester,Female,45+
9623,2025-09-06T12:52:29.689Z,Email,India,Lake Davidton,Female,18-24
9626,2025-06-03T12:52:29.689Z,Email,India,Elliottborough,Female,35-44
9627,2025-12-04T12:52:29.689Z,Organic,India,Schwartzton,Other,25-34
9633,2025-07-25T12:52:29.689Z,Referral,India,Mckenziebury,Female,25-34
9641,2025-09-29T12:52:29.689Z,Email,India,Hoganville,Female,45+
9654,2025-12-28T12:52:29.689Z,Email,India,Hickston,Female,35-44
9666,2026-01-17T12:52:29.689Z,Influencer,India,Port Jamie,Male,35-44
9684,2026-01-03T12:52:29.689Z,Referral,India,Lake Nichole,Male,45+
9685,2025-05-08T12:52:29.689Z,Referral,India,North Katelynshire,Female,18-24
9689,2025-05-22T12:52:29.689Z,Referral,India,North Sierra,Other,18-24
9698,2025-09-08T12:52:29.689Z,Referral,India,South Benjaminberg,Male,45+
9700,2025-09-25T12:52:29.689Z,Email,India,Port Jack,Male,45+
9705,2025-07-03T12:52:29.689Z,Organic,India,Roseberg,Male,25-34
9707,2025-10-23T12:52:29.689Z,Referral,India,Luisfurt,Female,25-34
9722,2025-09-18T12:52:29.689Z,Influencer,India,Murphychester,Male,18-24
9729,2026-02-15T12:52:29.689Z,Influencer,India,Brianport,Other,25-34
9738,2025-10-22T12:52:29.689Z,Organic,India,Kathrynville,Female,18-24
9739,2025-04-02T12:52:29.689Z,Referral,India,Lake Diane,Female,45+
9746,2025-10-04T12:52:29.689Z,Paid Ads,India,North Paulmouth,Male,35-44
9755,2026-02-07T12:52:29.689Z,Paid Ads,India,Port Deborah,Male,25-34
9760,2025-08-05T12:52:29.689Z,Paid Ads,India,South Pamela,Male,25-34
9772,2025-09-02T12:52:29.689Z,Email,India,Hubbardfurt,Female,18-24
9779,2025-07-31T12:52:29.689Z,Referral,India,East Raymond,Other,18-24
9788,2026-01-19T12:52:29.689Z,Referral,India,Reevesland,Female,45+
9790,2026-01-03T12:52:29.689Z,Organic,India,North Nicole,Male,18-24
9799,2025-11-22T12:52:29.689Z,Influencer,India,East Jennifermouth,Male,18-24
9801,2025-07-24T12:52:29.689Z,Paid Ads,India,East James,Female,25-34
9806,2026-02-01T12:52:29.689Z,Influencer,India,Ginafurt,Other,18-24
9814,2025-07-20T12:52:29.689Z,Email,India,New Calvin,Male,18-24
9839,2025-06-07T12:52:29.689Z,Organic,India,New Amy,Male,25-34
9840,2025-07-09T12:52:29.689Z,Organic,India,Myersmouth,Female,45+
9845,2025-07-05T12:52:29.689Z,Influencer,India,South Danielhaven,Female,25-34
9846,2025-07-08T12:52:29.689Z,Email,India,West Michellehaven,Male,25-34
9853,2025-07-03T12:52:29.689Z,Paid Ads,India,Lake Leah,Female,25-34
9859,2025-07-07T12:52:29.689Z,Influencer,India,Port Stevenview,Female,18-24
9881,2026-01-17T12:52:29.689Z,Email,India,Chrismouth,Male,18-24
9884,2025-10-13T12:52:29.689Z,Referral,India,Monicafort,Female,45+
9899,2025-05-04T12:52:29.689Z,Referral,India,South Jeffrey,Male,35-44
9900,2026-02-22T12:52:29.689Z,Influencer,India,South Jessica,Female,18-24
9908,2025-12-29T12:52:29.689Z,Referral,India,North Lauren,Female,35-44
9911,2025-06-22T12:52:29.689Z,Organic,India,Josephville,Female,35-44
9915,2025-05-08T12:52:29.689Z,Referral,India,West Sarah,Other,35-44
9917,2025-03-02T12:52:29.689Z,Referral,India,Littleshire,Other,45+
9924,2026-02-07T12:52:29.689Z,Email,India,Ramirezborough,Other,45+
9934,2025-08-07T12:52:29.689Z,Influencer,India,North Brendashire,Other,18-24
9935,2025-12-02T12:52:29.689Z,Email,India,New David,Male,25-34
9944,2025-05-17T12:52:29.689Z,Email,India,Scottport,Male,35-44
9954,2025-05-03T12:52:29.689Z,Email,India,Dannyview,Male,35-44
9958,2025-09-19T12:52:29.689Z,Organic,India,Fuentesville,Male,45+
9959,2025-05-30T12:52:29.689Z,Influencer,India,Susanville,Female,45+
9962,2025-10-03T12:52:29.689Z,Organic,India,Paulville,Other,18-24
9970,2025-10-01T12:52:29.689Z,Influencer,India,Victoriaport,Female,18-24
9972,2025-12-06T12:52:29.689Z,Referral,India,Garciahaven,Male,25-34
9973,2026-02-06T12:52:29.689Z,Paid Ads,India,South Dylanstad,Female,18-24
9981,2025-12-11T12:52:29.689Z,Referral,India,East Jamestown,Female,25-34
9986,2025-10-12T12:52:29.689Z,Paid Ads,India,West Kellyshire,Other,45+
9991,2025-05-13T12:52:29.689Z,Email,India,Pamelaton,Other,25-34
10004,2025-12-06T12:52:29.689Z,Referral,India,New Kristi,Other,25-34
10007,2025-12-27T12:52:29.689Z,Referral,India,West Dawn,Male,35-44
10017,2025-12-10T12:52:29.689Z,Influencer,India,Chungland,Other,45+
10031,2025-07-13T12:52:29.689Z,Paid Ads,India,Ravenburgh,Male,35-44
10034,2025-05-28T12:52:29.689Z,Influencer,India,West Ricardofort,Female,25-34
10039,2025-12-29T12:52:29.689Z,Organic,India,Kristenfurt,Male,45+
10040,2025-12-23T12:52:29.689Z,Influencer,India,Jameschester,Female,25-34
10042,2025-09-30T12:52:29.689Z,Influencer,India,Danielchester,Other,35-44
10046,2025-12-08T12:52:29.689Z,Referral,India,Cherylview,Female,35-44
10052,2025-08-27T12:52:29.689Z,Email,India,Port Donna,Male,45+
10062,2025-09-16T12:52:29.689Z,Referral,India,Buchananborough,Male,35-44
10077,2025-10-17T12:52:29.689Z,Email,India,Connieburgh,Female,18-24
10080,2026-02-18T12:52:29.689Z,Email,India,Calderonberg,Female,25-34
10083,2025-10-27T12:52:29.689Z,Influencer,India,Randyport,Other,25-34
10092,2025-11-24T12:52:29.689Z,Influencer,India,Jasonfort,Male,45+
10105,2025-10-07T12:52:29.689Z,Influencer,India,Jessicamouth,Male,45+
10108,2025-04-27T12:52:29.689Z,Influencer,India,North Alison,Female,18-24
10113,2025-06-11T12:52:29.689Z,Email,India,Johnburgh,Male,18-24
10120,2025-11-10T12:52:29.689Z,Referral,India,North Ann,Male,35-44
10134,2025-04-25T12:52:29.689Z,Email,India,South John,Other,45+
10138,2025-04-28T12:52:29.689Z,Referral,India,South Michael,Female,45+
10148,2025-03-11T12:52:29.689Z,Referral,India,South Desireeside,Male,45+
10153,2025-11-29T12:52:29.689Z,Email,India,Clarkeburgh,Male,35-44
10161,2025-04-14T12:52:29.689Z,Email,India,Clarkchester,Male,18-24
10170,2026-01-14T12:52:29.689Z,Influencer,India,Muellerberg,Other,18-24
10171,2025-08-23T12:52:29.689Z,Referral,India,South Robertbury,Other,35-44
10176,2025-09-27T12:52:29.689Z,Organic,India,Port Christian,Male,25-34
10180,2025-06-23T12:52:29.689Z,Paid Ads,India,Lake Jasonfurt,Male,18-24
10181,2025-08-23T12:52:29.689Z,Influencer,India,South April,Female,25-34
10187,2025-10-24T12:52:29.689Z,Organic,India,New Nicholas,Male,45+
10189,2025-04-12T12:52:29.689Z,Email,India,South Matthewhaven,Male,35-44
10196,2025-11-14T12:52:29.689Z,Paid Ads,India,Janicemouth,Other,25-34
10204,2025-12-18T12:52:29.689Z,Referral,India,Jessicamouth,Male,45+
10207,2026-02-19T12:52:29.689Z,Organic,India,Gardnerview,Male,25-34
10212,2025-06-12T12:52:29.689Z,Referral,India,Melendezview,Male,45+
10221,2025-10-15T12:52:29.689Z,Email,India,West Jerryport,Female,35-44
10224,2025-05-15T12:52:29.689Z,Organic,India,South Jamie,Female,45+
10229,2025-04-05T12:52:29.689Z,Influencer,India,Matthewberg,Male,18-24
10240,2025-05-02T12:52:29.689Z,Email,India,South Russell,Male,25-34
10243,2025-06-13T12:52:29.689Z,Paid Ads,India,New Garyview,Female,45+
10249,2025-09-07T12:52:29.689Z,Influencer,India,Barrettville,Other,18-24
10258,2025-04-12T12:52:29.689Z,Paid Ads,India,Lake Jeffrey,Male,35-44
10263,2025-04-24T12:52:29.689Z,Influencer,India,Erikaview,Female,45+
10278,2025-11-01T12:52:29.689Z,Organic,India,East Lindachester,Male,18-24
10284,2025-04-23T12:52:29.689Z,Influencer,India,Sanchezshire,Other,35-44
10290,2025-03-03T12:52:29.689Z,Influencer,India,Garrisonton,Male,35-44
10292,2026-02-10T12:52:29.689Z,Referral,India,South Kevinside,Female,35-44
10297,2025-03-12T12:52:29.689Z,Email,India,Mooremouth,Male,25-34
10299,2026-02-20T12:52:29.689Z,Organic,India,Port Mollyhaven,Other,35-44
10305,2025-11-18T12:52:29.689Z,Influencer,India,Riceberg,Other,25-34
10306,2025-04-27T12:52:29.689Z,Influencer,India,Lake Samanthaborough,Female,35-44
10309,2025-05-04T12:52:29.689Z,Influencer,India,North Catherineside,Male,35-44
10327,2026-02-02T12:52:29.689Z,Referral,India,New Richardstad,Female,35-44
10330,2025-08-24T12:52:29.689Z,Referral,India,Lake Sean,Other,35-44
10333,2025-08-08T12:52:29.689Z,Email,India,West Sarahburgh,Other,25-34
10334,2026-02-06T12:52:29.689Z,Influencer,India,New Christopher,Other,35-44
10335,2025-03-10T12:52:29.689Z,Paid Ads,India,Bradleyburgh,Female,25-34
10339,2025-12-28T12:52:29.689Z,Paid Ads,India,Scottport,Female,35-44
10365,2026-01-21T12:52:29.689Z,Organic,India,Roseside,Other,45+
10368,2026-01-08T12:52:29.689Z,Email,India,New Mark,Male,35-44
10382,2025-12-06T12:52:29.689Z,Email,India,Andrewsborough,Male,25-34
10385,2025-04-05T12:52:29.689Z,Influencer,India,Myersburgh,Other,25-34
10387,2026-01-30T12:52:29.689Z,Influencer,India,South Jodiport,Other,25-34
10399,2025-08-22T12:52:29.689Z,Paid Ads,India,North Vicki,Male,45+
10403,2025-05-15T12:52:29.689Z,Referral,India,Morenoshire,Male,25-34
10405,2025-05-10T12:52:29.689Z,Referral,India,Jonesview,Other,35-44
10417,2025-11-05T12:52:29.689Z,Influencer,India,West Theodorehaven,Female,25-34
10419,2025-09-03T12:52:29.689Z,Organic,India,Alvinview,Male,18-24
10420,2025-10-29T12:52:29.689Z,Organic,India,North David,Female,18-24
10422,2025-07-19T12:52:29.689Z,Influencer,India,East Michael,Other,35-44
10443,2026-02-03T12:52:29.689Z,Organic,India,West Jamesville,Male,25-34
10444,2025-12-20T12:52:29.689Z,Influencer,India,Rogersville,Male,45+
10447,2025-05-21T12:52:29.689Z,Paid Ads,India,Lake Angelabury,Male,25-34
10459,2025-11-24T12:52:29.689Z,Paid Ads,India,North Kennethmouth,Male,25-34
10468,2025-11-07T12:52:29.689Z,Organic,India,New Jasonton,Other,35-44
10471,2025-09-01T12:52:29.689Z,Organic,India,Yangborough,Male,25-34
10481,2026-01-25T12:52:29.689Z,Influencer,India,West Holly,Female,25-34
10482,2025-09-21T12:52:29.689Z,Referral,India,Lake Lisa,Female,18-24
10494,2025-03-11T12:52:29.689Z,Referral,India,Port Ericchester,Male,45+
10495,2026-01-03T12:52:29.689Z,Email,India,North Janet,Male,35-44
10502,2025-10-16T12:52:29.689Z,Referral,India,New Matthew,Male,45+
10508,2025-08-22T12:52:29.689Z,Email,India,Williamschester,Other,18-24
10511,2025-05-02T12:52:29.689Z,Organic,India,Port Justin,Other,25-34
10514,2025-11-14T12:52:29.689Z,Paid Ads,India,West Wyatt,Male,18-24
10534,2025-10-23T12:52:29.689Z,Email,India,South Williamland,Female,45+
10540,2025-03-15T12:52:29.689Z,Email,India,Rogerview,Female,35-44
10551,2025-06-06T12:52:29.689Z,Organic,India,Garymouth,Male,35-44
10553,2025-06-22T12:52:29.689Z,Organic,India,Lake Travis,Female,45+
10554,2025-07-22T12:52:29.689Z,Paid Ads,India,Nicholasburgh,Female,35-44
10560,2025-05-20T12:52:29.689Z,Email,India,Port John,Female,35-44
10564,2025-04-19T12:52:29.689Z,Email,India,Hebertshire,Other,18-24
10578,2026-01-08T12:52:29.689Z,Organic,India,Port Tina,Female,35-44
10580,2026-01-11T12:52:29.689Z,Influencer,India,Heatherfort,Other,18-24
10581,2025-04-13T12:52:29.689Z,Organic,India,Port Elizabethshire,Male,25-34
10590,2025-12-17T12:52:29.689Z,Influencer,India,Elizabethtown,Other,18-24
10595,2025-04-12T12:52:29.689Z,Paid Ads,India,Singhberg,Female,18-24
10601,2026-02-15T12:52:29.689Z,Organic,India,New Christopher,Other,45+
10604,2025-10-12T12:52:29.689Z,Paid Ads,India,West David,Female,18-24
10607,2025-04-10T12:52:29.689Z,Organic,India,Kimberlybury,Other,35-44
10615,2025-09-12T12:52:29.689Z,Email,India,Samanthahaven,Male,18-24
10620,2025-04-21T12:52:29.689Z,Influencer,India,Steventown,Female,25-34
10628,2025-09-23T12:52:29.689Z,Referral,India,Port Sherry,Other,18-24
10640,2025-06-05T12:52:29.689Z,Influencer,India,Port Teresa,Male,35-44
10651,2025-04-01T12:52:29.689Z,Paid Ads,India,Yoderborough,Male,35-44
10653,2025-05-20T12:52:29.689Z,Paid Ads,India,Frankshire,Female,18-24
10657,2025-12-21T12:52:29.689Z,Organic,India,Port Miachester,Other,25-34
10659,2025-08-29T12:52:29.689Z,Email,India,East William,Other,25-34
10671,2025-03-19T12:52:29.689Z,Organic,India,Swansonville,Female,45+
10676,2025-05-11T12:52:29.689Z,Organic,India,Melissaborough,Female,25-34
10677,2025-08-24T12:52:29.689Z,Referral,India,Lake Maxwell,Female,25-34
10688,2025-04-13T12:52:29.689Z,Referral,India,Port Kaylastad,Female,18-24
10692,2025-06-12T12:52:29.689Z,Paid Ads,India,East Ritatown,Other,25-34
10693,2025-10-02T12:52:29.689Z,Organic,India,East Justinville,Female,35-44
10695,2025-08-22T12:52:29.689Z,Email,India,New Brianville,Female,45+
10707,2025-07-23T12:52:29.689Z,Referral,India,South Elizabethfurt,Female,35-44
10724,2025-04-12T12:52:29.689Z,Email,India,North Brianburgh,Male,45+
10731,2025-08-17T12:52:29.689Z,Referral,India,Ericaton,Other,25-34
10735,2025-03-22T12:52:29.689Z,Email,India,Mistyhaven,Other,45+
10739,2025-07-16T12:52:29.689Z,Influencer,India,West Michelle,Male,18-24
10740,2025-04-05T12:52:29.689Z,Email,India,South Travisville,Female,35-44
10742,2026-02-16T12:52:29.689Z,Paid Ads,India,Wrightland,Female,35-44
10745,2025-08-03T12:52:29.689Z,Email,India,Garciahaven,Female,18-24
10746,2025-05-02T12:52:29.689Z,Organic,India,Coreymouth,Other,45+
10750,2025-10-01T12:52:29.689Z,Email,India,New Gerald,Female,18-24
10752,2025-07-11T12:52:29.689Z,Referral,India,Cuevasberg,Other,45+
10758,2025-03-16T12:52:29.689Z,Referral,India,New Leahview,Female,18-24
10759,2025-08-02T12:52:29.689Z,Email,India,Kelseyton,Female,25-34
10772,2025-07-24T12:52:29.689Z,Influencer,India,Williamsburgh,Female,45+
10779,2025-08-28T12:52:29.689Z,Influencer,India,Coxside,Male,35-44
10796,2025-04-17T12:52:29.689Z,Influencer,India,East Jonathanburgh,Female,35-44
10797,2025-08-05T12:52:29.689Z,Paid Ads,India,Diaztown,Male,35-44
10801,2025-10-25T12:52:29.689Z,Influencer,India,Teresahaven,Other,45+
10812,2025-06-20T12:52:29.689Z,Referral,India,North Tiffany,Female,35-44
10814,2025-03-15T12:52:29.689Z,Email,India,West Brendaborough,Female,45+
10830,2026-02-06T12:52:29.689Z,Paid Ads,India,New Nicholas,Female,18-24
10839,2025-04-10T12:52:29.689Z,Influencer,India,East Jeremy,Other,45+
10840,2026-02-21T12:52:29.689Z,Email,India,North Louisstad,Male,18-24
10842,2026-01-06T12:52:29.689Z,Paid Ads,India,Jonesburgh,Other,25-34
10866,2025-07-22T12:52:29.689Z,Email,India,Ronaldmouth,Other,35-44
10868,2025-07-25T12:52:29.689Z,Organic,India,Leachborough,Female,25-34
10878,2025-09-11T12:52:29.689Z,Influencer,India,Zunigatown,Female,35-44
10887,2025-03-20T12:52:29.689Z,Email,India,South Antonioport,Female,18-24
10891,2026-02-19T12:52:29.689Z,Referral,India,North Glenborough,Female,18-24
10893,2025-09-15T12:52:29.689Z,Influencer,India,East Brookefort,Other,25-34
10912,2025-10-02T12:52:29.689Z,Referral,India,North Corybury,Other,35-44
10918,2025-05-30T12:52:29.689Z,Email,India,Juliehaven,Other,25-34
10923,2025-06-16T12:52:29.689Z,Paid Ads,India,Sharonborough,Female,45+
10931,2025-06-14T12:52:29.689Z,Referral,India,Anthonyshire,Other,35-44
10932,2025-04-17T12:52:29.689Z,Influencer,India,Andrewfurt,Male,45+
10933,2025-08-29T12:52:29.689Z,Influencer,India,East James,Male,45+
10935,2025-03-04T12:52:29.689Z,Referral,India,Port Theresa,Other,25-34
10942,2025-11-08T12:52:29.689Z,Organic,India,Shannonshire,Female,18-24
10956,2025-11-22T12:52:29.689Z,Influencer,India,Whiteport,Female,35-44
10957,2025-10-02T12:52:29.689Z,Paid Ads,India,East Nichole,Male,25-34
10959,2025-04-22T12:52:29.689Z,Influencer,India,New Wendy,Male,25-34
10963,2025-12-03T12:52:29.689Z,Email,India,New David,Female,45+
10967,2025-05-05T12:52:29.689Z,Email,India,Jenniferborough,Other,35-44
10972,2025-05-21T12:52:29.689Z,Influencer,India,Brooksberg,Other,35-44
10975,2025-04-16T12:52:29.689Z,Referral,India,Frankmouth,Male,35-44
10977,2025-09-28T12:52:29.689Z,Influencer,India,Martinezview,Male,45+
10984,2025-03-01T12:52:29.689Z,Referral,India,Rodneyview,Male,45+
10985,2025-08-26T12:52:29.689Z,Influencer,India,North Marcstad,Female,45+
10987,2025-12-01T12:52:29.689Z,Organic,India,South Elizabeth,Female,35-44
10990,2025-04-27T12:52:29.689Z,Organic,India,Port Kimberly,Female,45+
10995,2025-07-21T12:52:29.689Z,Organic,India,North Miguelside,Other,35-44
10997,2025-12-24T12:52:29.689Z,Paid Ads,India,Hudsonfort,Other,25-34
11002,2025-11-23T12:52:29.689Z,Paid Ads,India,South Alexis,Other,18-24
11004,2025-05-15T12:52:29.689Z,Email,India,Lake Jessicamouth,Other,35-44
11011,2025-03-29T12:52:29.689Z,Referral,India,Robertview,Female,25-34
11020,2026-02-28T12:52:29.689Z,Paid Ads,India,Port Samantha,Female,45+
11026,2025-05-07T12:52:29.689Z,Email,India,Joannaport,Female,35-44
11029,2025-03-22T12:52:29.689Z,Organic,India,Danielstad,Male,25-34
11044,2025-04-21T12:52:29.689Z,Paid Ads,India,Port Carlbury,Female,18-24
11045,2025-04-14T12:52:29.689Z,Email,India,Williambury,Female,35-44
11052,2025-08-07T12:52:29.689Z,Influencer,India,New Derekview,Female,18-24
11054,2025-04-08T12:52:29.689Z,Organic,India,Ellisfort,Other,45+
11079,2025-07-19T12:52:29.689Z,Email,India,Calderonville,Other,45+
11089,2025-09-11T12:52:29.689Z,Organic,India,North Teresa,Male,18-24
11093,2025-11-16T12:52:29.689Z,Paid Ads,India,Port Noahport,Male,18-24
11094,2025-11-18T12:52:29.689Z,Referral,India,North Helen,Other,35-44
11096,2025-08-19T12:52:29.689Z,Referral,India,Port Amy,Other,18-24
11099,2025-09-13T12:52:29.689Z,Paid Ads,India,South Gregorychester,Female,25-34
11108,2025-10-22T12:52:29.689Z,Influencer,India,South John,Female,35-44
11111,2026-01-24T12:52:29.689Z,Email,India,Port Timfurt,Female,25-34
11115,2025-07-16T12:52:29.689Z,Organic,India,Coreyland,Female,18-24
11118,2026-02-11T12:52:29.689Z,Referral,India,South Deborahview,Female,25-34
11119,2025-03-08T12:52:29.689Z,Organic,India,South Brianborough,Male,45+
11121,2026-02-23T12:52:29.689Z,Influencer,India,South James,Female,18-24
11142,2025-05-12T12:52:29.689Z,Referral,India,North Justinhaven,Male,18-24
11163,2025-12-12T12:52:29.689Z,Email,India,West Stephanieshire,Other,25-34
11170,2025-05-14T12:52:29.689Z,Influencer,India,Port Monicaview,Other,35-44
11172,2025-05-05T12:52:29.689Z,Organic,India,Lake Julie,Male,18-24
11185,2025-06-09T12:52:29.689Z,Referral,India,Mckaybury,Male,45+
11197,2025-11-15T12:52:29.689Z,Email,India,Paynehaven,Other,45+
11202,2025-12-10T12:52:29.689Z,Referral,India,Clementsmouth,Other,45+
11211,2025-03-14T12:52:29.689Z,Email,India,South Justinmouth,Female,18-24
11216,2025-10-21T12:52:29.689Z,Email,India,North Andrewburgh,Male,18-24
11225,2025-10-07T12:52:29.689Z,Email,India,Alexanderfurt,Other,45+
11230,2026-02-08T12:52:29.689Z,Email,India,West Megan,Male,25-34
11231,2026-01-04T12:52:29.689Z,Referral,India,Cooketon,Male,25-34
11232,2025-11-02T12:52:29.689Z,Referral,India,East Taylor,Male,45+
11246,2026-01-03T12:52:29.689Z,Organic,India,Jordanmouth,Male,18-24
11253,2026-01-21T12:52:29.689Z,Paid Ads,India,Garzashire,Other,18-24
11254,2025-12-02T12:52:29.689Z,Email,India,Christineshire,Other,35-44
11269,2025-08-25T12:52:29.689Z,Paid Ads,India,North Rebecca,Male,25-34
11274,2025-12-23T12:52:29.689Z,Referral,India,Port Janetview,Male,25-34
11278,2025-04-23T12:52:29.689Z,Email,India,Rogersmouth,Other,35-44
11279,2025-12-02T12:52:29.689Z,Referral,India,Ellisport,Other,45+
11291,2025-09-12T12:52:29.689Z,Influencer,India,East Shelly,Other,35-44
11311,2025-07-30T12:52:29.689Z,Influencer,India,Lake Katherinetown,Male,45+
11314,2025-04-06T12:52:29.689Z,Paid Ads,India,Dunnbury,Male,35-44
11317,2025-08-24T12:52:29.689Z,Influencer,India,Lake Sara,Female,25-34
11318,2025-04-13T12:52:29.689Z,Referral,India,Brownhaven,Other,35-44
11325,2025-04-11T12:52:29.689Z,Influencer,India,Garciashire,Other,18-24
11329,2025-08-03T12:52:29.689Z,Organic,India,Lake Johnfort,Male,35-44
11332,2025-03-09T12:52:29.689Z,Organic,India,Torreschester,Male,45+
11342,2025-07-26T12:52:29.689Z,Paid Ads,India,North Robinside,Female,18-24
11357,2025-09-28T12:52:29.689Z,Influencer,India,Port Gary,Male,25-34
11367,2025-10-01T12:52:29.689Z,Paid Ads,India,Marquezhaven,Other,25-34
11387,2025-09-15T12:52:29.689Z,Paid Ads,India,Port Rachelburgh,Female,25-34
11405,2026-01-03T12:52:29.689Z,Paid Ads,India,Joshuastad,Other,18-24
11414,2025-12-31T12:52:29.689Z,Influencer,India,South Stephanieburgh,Female,45+
11418,2025-03-29T12:52:29.689Z,Referral,India,Aguilarville,Female,45+
11419,2025-10-14T12:52:29.689Z,Referral,India,Port Edward,Other,45+
11420,2025-09-01T12:52:29.689Z,Organic,India,Heathertown,Other,18-24
11423,2025-05-13T12:52:29.689Z,Referral,India,East Lauratown,Female,45+
11425,2025-12-27T12:52:29.689Z,Referral,India,Sextonburgh,Female,45+
11446,2025-12-19T12:52:29.689Z,Influencer,India,South Victoriahaven,Male,25-34
11453,2025-10-10T12:52:29.689Z,Paid Ads,India,Lake Cameronville,Male,45+
11461,2025-12-18T12:52:29.689Z,Referral,India,Vaughnstad,Other,25-34
11480,2025-07-26T12:52:29.689Z,Email,India,New Jefferyburgh,Male,45+
11487,2025-11-28T12:52:29.689Z,Influencer,India,New Monica,Male,18-24
11492,2025-05-18T12:52:29.689Z,Paid Ads,India,Stephanieland,Male,45+
11493,2025-09-29T12:52:29.689Z,Organic,India,Powersside,Male,45+
11500,2025-05-22T12:52:29.689Z,Paid Ads,India,Tuckerfort,Other,35-44
11501,2025-03-26T12:52:29.689Z,Referral,India,Vegaburgh,Female,18-24
11504,2025-09-08T12:52:29.689Z,Paid Ads,India,Harveyborough,Female,35-44
11505,2025-10-23T12:52:29.689Z,Paid Ads,India,Rodriguezshire,Female,45+
11506,2025-03-31T12:52:29.689Z,Organic,India,North Elaine,Female,35-44
11522,2025-03-27T12:52:29.689Z,Organic,India,Huntview,Female,45+
11525,2025-06-18T12:52:29.689Z,Paid Ads,India,Hendersonberg,Female,18-24
11546,2025-10-22T12:52:29.689Z,Paid Ads,India,Riverahaven,Male,25-34
11556,2025-10-19T12:52:29.689Z,Email,India,Michellefurt,Other,35-44
11567,2025-10-01T12:52:29.689Z,Organic,India,Anthonyton,Male,45+
11572,2025-05-09T12:52:29.689Z,Organic,India,Amandamouth,Male,25-34
11578,2025-05-21T12:52:29.689Z,Influencer,India,Port Alexisland,Male,18-24
11580,2025-06-30T12:52:29.689Z,Referral,India,South Paige,Other,25-34
11583,2025-08-17T12:52:29.689Z,Organic,India,North Nicolestad,Female,35-44
11593,2025-08-20T12:52:29.689Z,Organic,India,New Joel,Female,45+
11595,2025-12-31T12:52:29.689Z,Referral,India,Roblesfort,Female,45+
11606,2025-09-12T12:52:29.689Z,Email,India,Johnsonborough,Male,45+
11617,2025-03-27T12:52:29.689Z,Referral,India,Perryfort,Other,35-44
11620,2025-06-18T12:52:29.689Z,Organic,India,Schneiderton,Female,18-24
11628,2025-12-08T12:52:29.689Z,Organic,India,Lake Elizabethfurt,Female,45+
11631,2025-09-10T12:52:29.689Z,Influencer,India,Davidhaven,Male,45+
11632,2025-05-20T12:52:29.689Z,Paid Ads,India,Ingrambury,Other,45+
11635,2025-11-12T12:52:29.689Z,Paid Ads,India,Port Jeffreyfurt,Male,18-24
11640,2025-06-23T12:52:29.689Z,Influencer,India,Port Marc,Male,25-34
11642,2026-01-28T12:52:29.689Z,Organic,India,Christopherside,Other,35-44
11647,2025-09-05T12:52:29.689Z,Organic,India,Port Jeffreyland,Female,35-44
11670,2025-09-09T12:52:29.689Z,Organic,India,Mccallfort,Female,45+
11673,2026-01-30T12:52:29.689Z,Paid Ads,India,Port Janice,Female,18-24
11683,2025-07-08T12:52:29.689Z,Referral,India,New Timothyport,Other,35-44
11685,2025-03-31T12:52:29.689Z,Email,India,Ernesthaven,Female,35-44
11694,2025-04-12T12:52:29.689Z,Referral,India,Garciamouth,Female,45+
11703,2025-10-21T12:52:29.689Z,Email,India,Jamesland,Other,25-34
11714,2025-03-25T12:52:29.689Z,Email,India,Reginafort,Other,35-44
11716,2026-02-07T12:52:29.689Z,Paid Ads,India,Smithfurt,Female,25-34
11718,2025-11-16T12:52:29.689Z,Influencer,India,Palmerbury,Female,25-34
11728,2025-07-19T12:52:29.689Z,Email,India,East Tiffanytown,Other,18-24
11730,2025-05-23T12:52:29.689Z,Paid Ads,India,West Victoriaview,Male,45+
11735,2025-12-21T12:52:29.689Z,Referral,India,East Sandra,Male,18-24
11748,2025-06-08T12:52:29.689Z,Referral,India,Port Douglas,Other,25-34
11750,2025-09-19T12:52:29.689Z,Referral,India,Justinborough,Other,35-44
11753,2026-02-09T12:52:29.689Z,Paid Ads,India,Trevinoshire,Male,45+
11761,2025-07-25T12:52:29.689Z,Paid Ads,India,West Angelafort,Male,45+
11769,2025-10-11T12:52:29.689Z,Organic,India,Jeffreyhaven,Other,45+
11776,2025-04-11T12:52:29.689Z,Referral,India,South Adam,Male,25-34
11777,2025-07-08T12:52:29.689Z,Email,India,East Sarah,Other,18-24
11800,2025-04-16T12:52:29.689Z,Email,India,Lake Jack,Female,18-24
11810,2026-01-12T12:52:29.689Z,Organic,India,Kevinshire,Male,45+
11818,2026-01-15T12:52:29.689Z,Influencer,India,Kimberlyfurt,Female,25-34
11819,2025-07-14T12:52:29.689Z,Email,India,Petertown,Other,18-24
11821,2025-07-07T12:52:29.689Z,Referral,India,Potterton,Male,35-44
11822,2025-06-23T12:52:29.689Z,Referral,India,Markland,Male,25-34
11825,2025-08-09T12:52:29.689Z,Influencer,India,West Julie,Other,45+
11826,2026-02-09T12:52:29.689Z,Email,India,Amyland,Female,25-34
11829,2025-11-13T12:52:29.689Z,Influencer,India,Brownville,Male,45+
11835,2025-03-10T12:52:29.689Z,Organic,India,North Lauriechester,Other,25-34
11856,2026-02-10T12:52:29.689Z,Email,India,Richardside,Male,45+
11864,2025-11-10T12:52:29.689Z,Influencer,India,West Brycechester,Male,35-44
11871,2025-03-03T12:52:29.689Z,Organic,India,New Timothy,Female,25-34
11874,2025-10-11T12:52:29.689Z,Organic,India,West Karenville,Female,45+
11885,2026-02-25T12:52:29.689Z,Email,India,New Marc,Female,18-24
11886,2025-09-12T12:52:29.689Z,Influencer,India,Holtshire,Male,18-24
11910,2025-05-12T12:52:29.689Z,Referral,India,Anneside,Male,18-24
11924,2026-02-15T12:52:29.689Z,Organic,India,Port Melissa,Other,35-44
11925,2025-12-18T12:52:29.689Z,Organic,India,Hensonland,Male,25-34
11934,2025-05-07T12:52:29.689Z,Organic,India,New Robertchester,Male,18-24
11936,2025-12-01T12:52:29.689Z,Referral,India,Katrinaville,Female,35-44
11948,2026-01-18T12:52:29.689Z,Influencer,India,Michaelchester,Other,18-24
11949,2026-01-01T12:52:29.689Z,Paid Ads,India,New Jonathanshire,Other,35-44
11956,2025-05-14T12:52:29.689Z,Paid Ads,India,Lake Paulstad,Other,18-24
11962,2025-11-11T12:52:29.689Z,Referral,India,West Andrewburgh,Female,35-44
11967,2025-09-24T12:52:29.689Z,Paid Ads,India,Scottview,Male,18-24
11970,2025-11-21T12:52:29.689Z,Referral,India,Anthonyburgh,Male,18-24
11975,2025-12-15T12:52:29.689Z,Referral,India,North Brentberg,Female,18-24
11978,2025-08-26T12:52:29.689Z,Paid Ads,India,West Janethaven,Female,45+
12004,2026-01-16T12:52:29.689Z,Paid Ads,India,Warrenchester,Other,25-34
12005,2025-11-16T12:52:29.689Z,Referral,India,South Amandaton,Other,18-24
12007,2025-10-27T12:52:29.689Z,Referral,India,North Kelly,Male,18-24
12021,2025-08-18T12:52:29.689Z,Referral,India,Lake Samanthaton,Male,18-24
12024,2025-04-22T12:52:29.689Z,Influencer,India,East Terriville,Female,45+
12025,2025-03-07T12:52:29.689Z,Paid Ads,India,Port Elizabeth,Other,18-24
12051,2026-01-27T12:52:29.689Z,Referral,India,South Elizabeth,Female,18-24
12054,2025-12-27T12:52:29.689Z,Referral,India,New Kathleenburgh,Female,18-24
12059,2025-09-20T12:52:29.689Z,Organic,India,Dennisstad,Male,45+
12065,2025-11-29T12:52:29.689Z,Organic,India,Bowmanhaven,Female,25-34
12067,2025-08-31T12:52:29.689Z,Referral,India,Alexville,Female,45+
12069,2025-07-18T12:52:29.689Z,Paid Ads,India,Port Holly,Other,35-44
12071,2025-12-01T12:52:29.689Z,Influencer,India,Andersonview,Other,25-34
12074,2025-04-13T12:52:29.689Z,Paid Ads,India,East Matthewton,Female,35-44
12077,2025-09-04T12:52:29.689Z,Paid Ads,India,Shaneshire,Female,45+
12080,2025-08-08T12:52:29.689Z,Influencer,India,Andrewview,Female,35-44
12093,2025-03-06T12:52:29.689Z,Email,India,New Brandon,Female,45+
12097,2025-05-12T12:52:29.689Z,Referral,India,South Brittanyborough,Male,35-44
12101,2025-05-26T12:52:29.689Z,Paid Ads,India,West Williamview,Other,18-24
12106,2025-06-22T12:52:29.689Z,Email,India,Robinsonshire,Male,25-34
12107,2025-07-20T12:52:29.689Z,Email,India,Waltersport,Female,25-34
12110,2025-03-28T12:52:29.689Z,Organic,India,Alexanderville,Male,35-44
12112,2025-06-27T12:52:29.689Z,Paid Ads,India,Adrianstad,Female,45+
12114,2026-01-19T12:52:29.689Z,Email,India,East Dennis,Other,35-44
12125,2025-03-12T12:52:29.689Z,Influencer,India,New Philipfurt,Male,35-44
12128,2026-02-18T12:52:29.689Z,Organic,India,New Billy,Other,18-24
12130,2025-12-10T12:52:29.689Z,Organic,India,Bethville,Female,18-24
12138,2025-06-13T12:52:29.689Z,Influencer,India,Lake Ambershire,Other,35-44
12144,2025-10-13T12:52:29.689Z,Referral,India,Port Brian,Female,45+
12153,2025-04-01T12:52:29.689Z,Referral,India,New Abigail,Female,35-44
12154,2025-09-07T12:52:29.689Z,Referral,India,Port Stephenland,Male,35-44
12169,2025-09-23T12:52:29.689Z,Referral,India,Lake Timothy,Female,45+
12185,2025-12-26T12:52:29.689Z,Influencer,India,North Lindaside,Other,25-34
12191,2025-11-19T12:52:29.689Z,Email,India,Port Jaredmouth,Other,35-44
12193,2025-09-24T12:52:29.689Z,Referral,India,Michaelstad,Other,25-34
12206,2025-09-26T12:52:29.689Z,Referral,India,New Kristin,Other,35-44
12212,2025-03-16T12:52:29.689Z,Paid Ads,India,Meghanchester,Female,45+
12220,2025-06-20T12:52:29.689Z,Email,India,New Ralph,Female,25-34
12229,2025-09-24T12:52:29.689Z,Referral,India,New Brittanyshire,Male,25-34
12234,2025-05-02T12:52:29.689Z,Email,India,Pachecomouth,Other,35-44
12243,2025-10-19T12:52:29.689Z,Paid Ads,India,Mcdanielhaven,Male,18-24
12253,2025-09-01T12:52:29.689Z,Organic,India,West Michaelview,Female,25-34
12259,2025-07-16T12:52:29.689Z,Email,India,West Kimberlyfort,Male,35-44
12271,2025-11-09T12:52:29.689Z,Referral,India,Jessicafort,Female,18-24
12272,2025-09-28T12:52:29.689Z,Paid Ads,India,Smithview,Male,18-24
12278,2025-11-10T12:52:29.689Z,Organic,India,Jasonside,Female,25-34
12282,2025-09-20T12:52:29.689Z,Organic,India,Port Jamiefurt,Female,35-44
12283,2025-12-13T12:52:29.689Z,Influencer,India,Jamesmouth,Other,35-44
12289,2025-06-15T12:52:29.689Z,Organic,India,Ashleyton,Other,25-34
12295,2025-10-16T12:52:29.689Z,Paid Ads,India,Moorefort,Male,45+
12298,2025-08-03T12:52:29.689Z,Email,India,East Brianburgh,Female,25-34
12300,2025-08-17T12:52:29.689Z,Paid Ads,India,Walkerstad,Male,45+
12302,2025-11-12T12:52:29.689Z,Email,India,South Benjamin,Other,25-34
12318,2026-01-12T12:52:29.689Z,Email,India,Hubbardmouth,Female,45+
12319,2025-09-19T12:52:29.689Z,Influencer,India,Alexanderfort,Male,25-34
12327,2025-11-21T12:52:29.689Z,Email,India,Reidstad,Female,25-34
12329,2025-07-01T12:52:29.689Z,Email,India,South David,Other,45+
12331,2025-08-21T12:52:29.689Z,Organic,India,Kennethmouth,Other,18-24
12343,2025-06-16T12:52:29.689Z,Email,India,Port Albertstad,Female,25-34
12345,2025-08-17T12:52:29.689Z,Email,India,North Joel,Male,18-24
12357,2025-08-12T12:52:29.689Z,Organic,India,East Pam,Female,25-34
12359,2025-12-15T12:52:29.689Z,Organic,India,Maryberg,Other,45+
12371,2025-09-04T12:52:29.689Z,Influencer,India,West James,Other,35-44
12377,2025-12-06T12:52:29.689Z,Organic,India,East Shanebury,Other,45+
12382,2025-07-05T12:52:29.689Z,Influencer,India,Lake Ronaldview,Other,35-44
12387,2025-07-09T12:52:29.689Z,Influencer,India,East Leslie,Female,45+
12392,2025-09-14T12:52:29.689Z,Paid Ads,India,North Davidborough,Male,35-44
12394,2025-08-22T12:52:29.689Z,Paid Ads,India,West Ethanfurt,Other,45+
12398,2025-10-25T12:52:29.689Z,Referral,India,Michelleton,Other,45+
12409,2025-06-03T12:52:29.689Z,Influencer,India,Adamtown,Other,25-34
12418,2025-09-09T12:52:29.689Z,Referral,India,Lake Eric,Female,35-44
12423,2025-10-31T12:52:29.689Z,Influencer,India,East Timothyberg,Female,25-34
12424,2026-01-10T12:52:29.689Z,Referral,India,Lake Christine,Other,35-44
12430,2026-02-07T12:52:29.689Z,Paid Ads,India,Port Bill,Female,35-44
12431,2025-08-31T12:52:29.689Z,Organic,India,Deannaland,Male,35-44
12432,2025-10-24T12:52:29.689Z,Email,India,Blakemouth,Male,25-34
12436,2025-04-04T12:52:29.689Z,Referral,India,Riveraburgh,Other,25-34
12442,2025-06-30T12:52:29.689Z,Email,India,Clayville,Female,18-24
12443,2025-05-05T12:52:29.689Z,Email,India,Sullivanton,Male,45+
12444,2025-04-28T12:52:29.689Z,Email,India,South Jeremyfort,Other,18-24
12447,2025-11-14T12:52:29.689Z,Organic,India,Mistymouth,Other,25-34
12449,2025-10-18T12:52:29.689Z,Organic,India,Collinland,Female,18-24
12467,2025-10-16T12:52:29.689Z,Influencer,India,Gutierrezburgh,Female,18-24
12474,2025-08-29T12:52:29.689Z,Paid Ads,India,New Gregory,Male,35-44
12480,2025-12-14T12:52:29.689Z,Organic,India,Meganmouth,Female,25-34
12484,2025-04-15T12:52:29.689Z,Paid Ads,India,East Tanya,Male,18-24
12487,2025-12-06T12:52:29.689Z,Paid Ads,India,Reginachester,Other,35-44
12493,2025-04-04T12:52:29.689Z,Organic,India,Christopherstad,Female,45+
12510,2026-02-27T12:52:29.689Z,Referral,India,Crosbyburgh,Male,35-44
12545,2025-07-09T12:52:29.689Z,Referral,India,North Laura,Other,18-24
12551,2025-04-15T12:52:29.689Z,Organic,India,Jacquelinehaven,Female,25-34
12554,2025-10-04T12:52:29.689Z,Email,India,Port Dianaport,Other,45+
12564,2025-05-19T12:52:29.689Z,Organic,India,Ellisburgh,Other,18-24
12567,2025-06-06T12:52:29.689Z,Organic,India,Danielport,Other,35-44
12568,2025-06-26T12:52:29.689Z,Email,India,Johnsonview,Other,35-44
12570,2025-03-26T12:52:29.689Z,Organic,India,Lake Nancyville,Male,25-34
12575,2025-08-16T12:52:29.689Z,Referral,India,Lake Darren,Other,25-34
12584,2025-11-24T12:52:29.689Z,Paid Ads,India,Hurstbury,Other,25-34
12586,2025-06-07T12:52:29.689Z,Email,India,Chasefurt,Other,25-34
12593,2026-01-11T12:52:29.689Z,Email,India,South Timothyberg,Other,45+
12602,2025-09-05T12:52:29.689Z,Paid Ads,India,West Katherine,Other,25-34
12606,2025-06-25T12:52:29.689Z,Referral,India,Edwardsshire,Female,25-34
12623,2025-06-25T12:52:29.689Z,Paid Ads,India,Martinezberg,Other,18-24
12624,2026-01-31T12:52:29.689Z,Influencer,India,Gallowayport,Female,35-44
12627,2025-07-10T12:52:29.689Z,Influencer,India,Mirandaland,Male,35-44
12634,2025-09-02T12:52:29.689Z,Organic,India,Lake Kathryn,Other,35-44
12643,2025-05-09T12:52:29.689Z,Email,India,Millsland,Female,25-34
12644,2025-09-16T12:52:29.689Z,Paid Ads,India,Munozchester,Female,18-24
12664,2025-12-21T12:52:29.689Z,Referral,India,Katherineside,Other,25-34
12668,2025-12-25T12:52:29.689Z,Email,India,South Diana,Male,45+
12672,2025-08-29T12:52:29.689Z,Organic,India,New Deanna,Male,25-34
12676,2025-10-18T12:52:29.689Z,Organic,India,Sanchezshire,Male,18-24
12680,2025-05-05T12:52:29.689Z,Referral,India,Stephaniefort,Male,45+
12682,2025-07-27T12:52:29.689Z,Organic,India,Joshuachester,Female,18-24
12696,2025-09-25T12:52:29.689Z,Influencer,India,New Ritachester,Male,35-44
12699,2025-10-11T12:52:29.689Z,Paid Ads,India,Tammyview,Other,35-44
12703,2025-04-14T12:52:29.689Z,Organic,India,West Hannah,Male,18-24
12707,2026-01-27T12:52:29.689Z,Influencer,India,Livingstonfurt,Other,18-24
12711,2025-09-05T12:52:29.689Z,Paid Ads,India,Melissafurt,Male,18-24
12714,2026-02-25T12:52:29.689Z,Organic,India,North Brian,Other,25-34
12715,2026-02-11T12:52:29.689Z,Organic,India,Tapiamouth,Other,18-24
12718,2025-06-05T12:52:29.689Z,Email,India,Johnsonhaven,Other,35-44
12726,2025-08-28T12:52:29.689Z,Organic,India,South Philipbury,Male,18-24
12736,2025-07-14T12:52:29.689Z,Influencer,India,Lake Stephanie,Other,25-34
12748,2025-04-21T12:52:29.689Z,Organic,India,Walkerborough,Other,18-24
12756,2025-05-04T12:52:29.689Z,Email,India,Randallshire,Male,25-34
12767,2026-02-24T12:52:29.689Z,Organic,India,Coxshire,Other,35-44
12772,2025-06-18T12:52:29.689Z,Organic,India,East Michaelbury,Male,18-24
12774,2025-11-10T12:52:29.689Z,Influencer,India,North Paulfurt,Female,35-44
12788,2025-06-11T12:52:29.689Z,Email,India,Jessicatown,Male,35-44
12791,2025-08-31T12:52:29.689Z,Influencer,India,Lake Sharon,Male,35-44
12796,2025-07-20T12:52:29.689Z,Organic,India,Angelabury,Female,45+
12809,2026-01-24T12:52:29.689Z,Email,India,Donaldberg,Female,25-34
12811,2025-05-07T12:52:29.689Z,Referral,India,Port Ann,Other,18-24
12820,2025-11-11T12:52:29.689Z,Paid Ads,India,Port Timothy,Female,25-34
12825,2026-02-28T12:52:29.689Z,Referral,India,East Stephanieton,Male,45+
12826,2025-06-15T12:52:29.689Z,Organic,India,Port Tinachester,Male,18-24
12830,2025-06-01T12:52:29.689Z,Paid Ads,India,West Morganport,Male,45+
12844,2025-09-06T12:52:29.689Z,Influencer,India,Jasonview,Female,25-34
12851,2026-02-25T12:52:29.689Z,Influencer,India,Lake Mistyfurt,Female,18-24
12852,2025-06-26T12:52:29.689Z,Email,India,Rodneyhaven,Female,45+
12853,2025-10-28T12:52:29.689Z,Paid Ads,India,Clarkport,Other,25-34
12854,2025-06-27T12:52:29.689Z,Organic,India,Osborneview,Other,18-24
12856,2025-06-13T12:52:29.689Z,Email,India,Davidtown,Male,35-44
12862,2026-02-04T12:52:29.689Z,Influencer,India,New Vanessaville,Male,25-34
12863,2025-05-25T12:52:29.689Z,Paid Ads,India,North Melissa,Female,25-34
12878,2026-01-23T12:52:29.689Z,Referral,India,Kentton,Male,45+
12880,2026-01-10T12:52:29.689Z,Paid Ads,India,Lake Stephanieton,Female,45+
12892,2025-05-19T12:52:29.689Z,Paid Ads,India,Toddport,Male,25-34
12902,2026-02-23T12:52:29.689Z,Organic,India,Stephaniefort,Male,18-24
12907,2025-07-23T12:52:29.689Z,Organic,India,New Davidborough,Other,45+
12917,2025-04-19T12:52:29.689Z,Paid Ads,India,West Jacob,Female,25-34
12919,2025-07-01T12:52:29.689Z,Paid Ads,India,Simmonsfort,Other,18-24
12922,2025-07-14T12:52:29.689Z,Email,India,New Juliaside,Female,35-44
12923,2025-09-07T12:52:29.689Z,Organic,India,Joshuatown,Other,35-44
12931,2025-10-04T12:52:29.689Z,Organic,India,Kevinhaven,Male,45+
12936,2025-03-26T12:52:29.689Z,Influencer,India,West Jessicamouth,Male,25-34
12937,2025-07-22T12:52:29.689Z,Influencer,India,New Geraldshire,Male,35-44
12948,2025-06-11T12:52:29.689Z,Email,India,Port Mary,Male,18-24
12951,2026-01-02T12:52:29.689Z,Paid Ads,India,Haleview,Other,45+
12966,2025-05-03T12:52:29.689Z,Organic,India,Lake Brian,Other,25-34
12970,2026-02-15T12:52:29.689Z,Influencer,India,Harrisview,Male,18-24
12971,2025-07-24T12:52:29.689Z,Paid Ads,India,East Jamesfurt,Male,25-34
12983,2025-09-09T12:52:29.689Z,Email,India,Port Victoriamouth,Other,45+
12991,2025-03-11T12:52:29.689Z,Email,India,Erikmouth,Other,25-34
13002,2025-04-07T12:52:29.689Z,Email,India,New Elizabeth,Male,25-34
13006,2025-10-18T12:52:29.689Z,Organic,India,Hansenstad,Other,18-24
13010,2025-07-19T12:52:29.689Z,Referral,India,Sanchezville,Other,45+
13011,2025-03-04T12:52:29.689Z,Paid Ads,India,North Megan,Other,45+
13016,2025-09-02T12:52:29.689Z,Organic,India,Hernandezberg,Other,18-24
13027,2025-11-06T12:52:29.689Z,Email,India,Traciemouth,Male,35-44
13029,2025-12-24T12:52:29.689Z,Influencer,India,North Toddside,Female,18-24
13036,2025-10-25T12:52:29.689Z,Influencer,India,Cantrellstad,Male,18-24
13054,2025-06-04T12:52:29.689Z,Influencer,India,Deborahberg,Female,25-34
13064,2025-06-10T12:52:29.689Z,Organic,India,Dunnport,Male,45+
13071,2025-12-10T12:52:29.689Z,Influencer,India,Michellemouth,Other,25-34
13077,2025-05-12T12:52:29.689Z,Email,India,Lawsonstad,Female,35-44
13093,2025-10-20T12:52:29.689Z,Influencer,India,Sethberg,Female,45+
13097,2025-06-16T12:52:29.689Z,Email,India,Paultown,Female,25-34
13100,2025-07-02T12:52:29.689Z,Email,India,Baileyshire,Female,35-44
13104,2025-09-02T12:52:29.689Z,Paid Ads,India,South David,Male,18-24
13116,2026-02-08T12:52:29.689Z,Referral,India,South Jason,Female,18-24
13117,2025-12-13T12:52:29.689Z,Email,India,Sullivanberg,Female,35-44
13153,2025-03-10T12:52:29.689Z,Email,India,Abigailport,Female,18-24
13156,2025-05-29T12:52:29.689Z,Referral,India,South Conniemouth,Male,35-44
13163,2025-10-05T12:52:29.689Z,Referral,India,Lake Bradleytown,Female,35-44
13174,2025-08-12T12:52:29.689Z,Paid Ads,India,Marissahaven,Female,45+
13176,2025-09-26T12:52:29.689Z,Organic,India,Wilsonville,Male,25-34
13181,2025-12-05T12:52:29.689Z,Referral,India,East Elizabeth,Other,18-24
13182,2025-05-05T12:52:29.689Z,Referral,India,Deleonfort,Other,25-34
13190,2025-05-15T12:52:29.689Z,Organic,India,West John,Other,35-44
13193,2026-02-08T12:52:29.689Z,Organic,India,East Caitlinbury,Other,18-24
13219,2025-05-17T12:52:29.689Z,Email,India,Mariahview,Other,18-24
13231,2025-05-24T12:52:29.689Z,Organic,India,North Williamton,Female,25-34
13233,2025-04-03T12:52:29.689Z,Email,India,North Jacob,Male,45+
13236,2025-07-05T12:52:29.689Z,Email,India,Shaneville,Male,25-34
13239,2025-05-20T12:52:29.689Z,Referral,India,Lake Richard,Female,45+
13242,2025-11-13T12:52:29.689Z,Influencer,India,South Victoriachester,Other,45+
13253,2025-04-09T12:52:29.689Z,Paid Ads,India,New Paulside,Other,25-34
13255,2025-06-30T12:52:29.689Z,Paid Ads,India,Port Johnbury,Other,45+
13261,2025-07-22T12:52:29.689Z,Influencer,India,New Eric,Other,18-24
13263,2025-03-05T12:52:29.689Z,Email,India,Terrichester,Other,18-24
13264,2025-07-18T12:52:29.689Z,Paid Ads,India,Beardside,Male,18-24
13266,2025-04-06T12:52:29.689Z,Influencer,India,Michaelshire,Other,45+
13273,2025-03-31T12:52:29.689Z,Influencer,India,Port Allison,Female,25-34
13291,2025-11-13T12:52:29.689Z,Referral,India,East Charles,Male,18-24
13295,2025-03-21T12:52:29.689Z,Referral,India,Rossville,Male,45+
13297,2025-03-27T12:52:29.689Z,Influencer,India,Kaylaburgh,Male,35-44
13299,2025-03-29T12:52:29.689Z,Paid Ads,India,South Kayla,Male,25-34
13314,2026-01-17T12:52:29.689Z,Email,India,East Deborah,Other,45+
13316,2026-01-04T12:52:29.689Z,Paid Ads,India,New Tony,Male,25-34
13317,2025-10-08T12:52:29.689Z,Email,India,Lyonshaven,Female,35-44
13325,2026-02-26T12:52:29.689Z,Organic,India,Port Jefferymouth,Female,18-24
13326,2025-06-22T12:52:29.689Z,Organic,India,Jerryborough,Female,18-24
13327,2025-12-28T12:52:29.689Z,Paid Ads,India,Kellychester,Other,35-44
13332,2025-04-29T12:52:29.689Z,Email,India,North Wayneton,Male,25-34
13338,2025-10-05T12:52:29.689Z,Influencer,India,New Tina,Male,35-44
13340,2025-12-19T12:52:29.689Z,Organic,India,West Andrewborough,Female,18-24
13346,2025-07-11T12:52:29.689Z,Referral,India,East Theresa,Other,45+
13350,2025-08-13T12:52:29.689Z,Referral,India,North Jonathanside,Other,45+
13352,2025-11-16T12:52:29.689Z,Referral,India,Johnsonburgh,Female,45+
13355,2025-12-11T12:52:29.689Z,Email,India,Simpsonport,Male,25-34
13358,2026-01-05T12:52:29.689Z,Influencer,India,West Jennifer,Male,18-24
13367,2025-08-17T12:52:29.689Z,Organic,India,Lake Amber,Male,35-44
13370,2025-11-23T12:52:29.689Z,Influencer,India,East Shannonview,Female,18-24
13381,2025-11-07T12:52:29.689Z,Influencer,India,West Robertburgh,Other,45+
13383,2025-10-21T12:52:29.689Z,Paid Ads,India,Roachside,Female,45+
13401,2025-09-02T12:52:29.689Z,Organic,India,New Dustinport,Other,35-44
13406,2026-02-17T12:52:29.689Z,Referral,India,Crystalbury,Other,45+
13409,2026-01-01T12:52:29.689Z,Influencer,India,New Mark,Male,35-44
13422,2025-12-24T12:52:29.689Z,Referral,India,West Anna,Other,45+
13427,2025-09-25T12:52:29.689Z,Influencer,India,Wilsonmouth,Other,45+
13435,2025-05-05T12:52:29.689Z,Paid Ads,India,East Nicholasmouth,Female,35-44
13438,2025-08-13T12:52:29.689Z,Email,India,North Hailey,Male,25-34
13439,2025-08-14T12:52:29.689Z,Referral,India,North Laurachester,Female,45+
13443,2025-04-29T12:52:29.689Z,Paid Ads,India,Laurenfort,Male,45+
13447,2025-11-21T12:52:29.689Z,Organic,India,Murraychester,Male,25-34
13449,2025-07-02T12:52:29.689Z,Influencer,India,Kristinafurt,Male,35-44
13455,2025-04-03T12:52:29.689Z,Email,India,Petersenville,Female,35-44
13464,2025-08-26T12:52:29.689Z,Email,India,New Tylerport,Female,25-34
13468,2025-11-16T12:52:29.689Z,Email,India,Tracyfurt,Female,45+
13471,2025-05-30T12:52:29.689Z,Paid Ads,India,New Zachary,Female,25-34
13474,2025-04-07T12:52:29.689Z,Email,India,West Leemouth,Female,25-34
13491,2025-08-02T12:52:29.689Z,Referral,India,East Aaronburgh,Male,35-44
13502,2025-05-20T12:52:29.689Z,Email,India,Solomonmouth,Male,25-34
13518,2025-03-29T12:52:29.689Z,Influencer,India,Rosehaven,Other,25-34
13519,2025-11-06T12:52:29.689Z,Paid Ads,India,West Holly,Male,35-44
13523,2025-10-16T12:52:29.689Z,Paid Ads,India,New Aliciaville,Other,25-34
13530,2025-07-25T12:52:29.689Z,Paid Ads,India,New Dominicberg,Male,18-24
13531,2025-12-31T12:52:29.689Z,Organic,India,Dawnshire,Female,18-24
13533,2025-09-07T12:52:29.689Z,Organic,India,Popeland,Female,25-34
13554,2025-06-24T12:52:29.689Z,Email,India,Johnsonberg,Male,25-34
13555,2025-05-02T12:52:29.689Z,Paid Ads,India,New Heatherview,Female,18-24
13564,2025-10-13T12:52:29.689Z,Referral,India,Lynnland,Male,18-24
13566,2025-11-14T12:52:29.689Z,Email,India,Ashleeberg,Other,35-44
13572,2025-04-22T12:52:29.689Z,Influencer,India,Lake Lisa,Male,45+
13577,2025-10-28T12:52:29.689Z,Referral,India,Cookside,Other,18-24
13580,2025-10-30T12:52:29.689Z,Paid Ads,India,East Leslie,Male,45+
13591,2025-06-14T12:52:29.689Z,Referral,India,Robertstad,Female,35-44
13596,2025-12-23T12:52:29.689Z,Influencer,India,Lake Richard,Other,18-24
13602,2025-04-15T12:52:29.689Z,Paid Ads,India,Kimberlymouth,Male,25-34
13606,2025-04-27T12:52:29.689Z,Paid Ads,India,Frankchester,Male,18-24
13608,2025-12-12T12:52:29.689Z,Email,India,Michaelport,Female,35-44
13609,2025-06-07T12:52:29.689Z,Paid Ads,India,Wayneberg,Male,35-44
13616,2025-04-09T12:52:29.689Z,Influencer,India,North Sandrafurt,Other,18-24
13619,2025-03-30T12:52:29.689Z,Organic,India,New Brittanyshire,Male,25-34
13621,2025-10-14T12:52:29.689Z,Organic,India,Michelletown,Male,35-44
13626,2025-09-01T12:52:29.689Z,Influencer,India,Wesleyton,Female,25-34
13631,2025-11-25T12:52:29.689Z,Email,India,Lake Richard,Male,45+
13639,2025-10-22T12:52:29.689Z,Organic,India,Thompsonview,Female,25-34
13656,2025-06-21T12:52:29.689Z,Referral,India,Glassfort,Female,35-44
13662,2025-09-07T12:52:29.689Z,Influencer,India,Michelleshire,Female,18-24
13668,2025-03-21T12:52:29.689Z,Email,India,East Scott,Other,18-24
13671,2025-11-06T12:52:29.689Z,Email,India,Jeffreyland,Other,18-24
13689,2025-10-01T12:52:29.689Z,Paid Ads,India,Saraport,Male,45+
13700,2026-01-10T12:52:29.689Z,Organic,India,Port Erichaven,Female,35-44
13708,2026-01-27T12:52:29.689Z,Referral,India,Thompsonchester,Male,25-34
13721,2025-03-04T12:52:29.689Z,Email,India,New Jamesmouth,Female,25-34
13728,2026-01-25T12:52:29.689Z,Referral,India,Williamport,Female,18-24
13734,2025-11-20T12:52:29.689Z,Referral,India,East Williamfurt,Other,45+
13739,2025-08-08T12:52:29.689Z,Organic,India,Sharpchester,Male,35-44
13773,2025-08-14T12:52:29.689Z,Paid Ads,India,Diazport,Female,18-24
13786,2026-02-20T12:52:29.689Z,Email,India,Grantfurt,Male,45+
13797,2025-04-26T12:52:29.689Z,Email,India,Port Robert,Other,25-34
13799,2026-02-01T12:52:29.689Z,Referral,India,West Elizabeth,Other,25-34
13801,2025-09-04T12:52:29.689Z,Organic,India,North Stevenborough,Female,35-44
13811,2025-06-21T12:52:29.689Z,Influencer,India,Lake Jeffrey,Female,18-24
13813,2025-06-07T12:52:29.689Z,Paid Ads,India,Port William,Male,45+
13817,2025-10-01T12:52:29.689Z,Email,India,West Tracy,Female,25-34
13818,2025-08-22T12:52:29.689Z,Organic,India,Perkinsburgh,Male,25-34
13826,2025-12-09T12:52:29.689Z,Email,India,Cantumouth,Other,45+
13831,2026-02-05T12:52:29.689Z,Paid Ads,India,New Jessica,Male,35-44
13832,2025-06-29T12:52:29.689Z,Referral,India,North Dylan,Male,45+
13834,2025-04-08T12:52:29.689Z,Paid Ads,India,South Michelle,Male,18-24
13840,2025-11-05T12:52:29.689Z,Email,India,North John,Other,25-34
13846,2025-05-02T12:52:29.689Z,Email,India,East Heathermouth,Female,35-44
13853,2025-08-01T12:52:29.689Z,Referral,India,New Andrew,Female,25-34
13854,2025-04-23T12:52:29.689Z,Paid Ads,India,Johnsonland,Male,45+
13871,2025-09-03T12:52:29.689Z,Organic,India,Port Richard,Female,18-24
13888,2026-01-29T12:52:29.689Z,Influencer,India,Costatown,Other,35-44
13890,2025-03-15T12:52:29.689Z,Organic,India,South Hannah,Male,45+
13904,2025-03-01T12:52:29.689Z,Email,India,Michaeltown,Other,18-24
13910,2025-07-20T12:52:29.689Z,Organic,India,Doyleville,Male,25-34
13911,2025-03-09T12:52:29.689Z,Email,India,East Samuelview,Male,45+
13914,2025-10-27T12:52:29.689Z,Email,India,Pooleburgh,Female,18-24
13915,2025-04-20T12:52:29.689Z,Organic,India,West David,Other,18-24
13917,2025-05-10T12:52:29.689Z,Paid Ads,India,North Michaelstad,Other,45+
13925,2025-07-20T12:52:29.689Z,Email,India,East Justinview,Female,35-44
13933,2025-07-21T12:52:29.689Z,Organic,India,New Monica,Female,35-44
13936,2025-04-01T12:52:29.689Z,Influencer,India,East Barbara,Female,35-44
13937,2025-08-07T12:52:29.689Z,Influencer,India,North Kennethland,Female,45+
13940,2025-06-12T12:52:29.689Z,Paid Ads,India,Jenniferborough,Male,25-34
13941,2025-11-19T12:52:29.689Z,Organic,India,Whitneytown,Female,25-34
13947,2025-11-17T12:52:29.689Z,Paid Ads,India,South Jason,Female,18-24
13968,2025-03-24T12:52:29.689Z,Influencer,India,Carlsontown,Other,45+
13980,2025-09-14T12:52:29.689Z,Referral,India,South Loganborough,Other,25-34
13983,2025-08-21T12:52:29.689Z,Influencer,India,South Lynnbury,Female,45+
13984,2025-12-14T12:52:29.689Z,Paid Ads,India,Beckerside,Other,45+
13987,2026-02-15T12:52:29.689Z,Email,India,Benderhaven,Female,18-24
13991,2025-10-16T12:52:29.689Z,Influencer,India,Josephshire,Other,45+
13995,2025-09-09T12:52:29.689Z,Email,India,Jamesmouth,Other,18-24
13997,2025-11-16T12:52:29.689Z,Paid Ads,India,East Danielburgh,Other,18-24
14015,2026-02-25T12:52:29.689Z,Organic,India,Petersside,Female,18-24
14025,2025-07-21T12:52:29.689Z,Paid Ads,India,Edwardberg,Female,25-34
14029,2025-03-05T12:52:29.689Z,Organic,India,Amberfort,Other,35-44
14031,2026-01-06T12:52:29.689Z,Referral,India,West Stephanie,Female,18-24
14054,2025-08-10T12:52:29.689Z,Referral,India,North Sethchester,Male,35-44
14056,2025-04-20T12:52:29.689Z,Referral,India,North Laura,Other,25-34
14059,2025-08-05T12:52:29.689Z,Influencer,India,Lake Nancymouth,Female,25-34
14077,2026-02-22T12:52:29.689Z,Referral,India,Brianmouth,Male,18-24
14078,2025-03-11T12:52:29.689Z,Organic,India,New Anthony,Female,25-34
14079,2025-06-13T12:52:29.689Z,Referral,India,West Christopherhaven,Other,45+
14087,2025-11-13T12:52:29.689Z,Paid Ads,India,Bauerberg,Male,45+
14091,2026-01-23T12:52:29.689Z,Referral,India,New Justin,Female,25-34
14095,2025-09-20T12:52:29.689Z,Influencer,India,Thompsonton,Other,45+
14096,2025-12-28T12:52:29.689Z,Referral,India,Port Beth,Other,45+
14114,2025-10-11T12:52:29.689Z,Organic,India,Michaelton,Female,18-24
14126,2025-08-22T12:52:29.689Z,Influencer,India,North Jill,Male,45+
14129,2025-10-29T12:52:29.689Z,Paid Ads,India,East Devon,Male,35-44
14130,2026-01-15T12:52:29.689Z,Email,India,Darylmouth,Male,45+
14135,2025-04-13T12:52:29.689Z,Influencer,India,Michaelberg,Male,45+
14140,2025-08-15T12:52:29.689Z,Organic,India,North Jasminton,Other,35-44
14141,2025-03-12T12:52:29.689Z,Influencer,India,North Kimberly,Other,45+
14145,2026-01-15T12:52:29.689Z,Email,India,North Theresa,Female,25-34
14147,2026-02-22T12:52:29.689Z,Paid Ads,India,Christopherport,Female,35-44
14151,2025-03-11T12:52:29.689Z,Organic,India,Floresland,Other,25-34
14153,2025-05-24T12:52:29.689Z,Email,India,Stephensonshire,Other,25-34
14155,2025-04-19T12:52:29.689Z,Referral,India,Wangbury,Female,45+
14173,2025-04-07T12:52:29.689Z,Paid Ads,India,Lake Raven,Male,45+
14174,2025-10-28T12:52:29.689Z,Paid Ads,India,Lake Steven,Female,35-44
14190,2026-01-17T12:52:29.689Z,Paid Ads,India,Port Josephland,Other,35-44
14192,2025-05-14T12:52:29.689Z,Influencer,India,Carrollfurt,Male,35-44
14197,2025-04-12T12:52:29.689Z,Email,India,West Johntown,Male,45+
14218,2025-12-26T12:52:29.689Z,Organic,India,Juliamouth,Female,25-34
14225,2025-03-18T12:52:29.689Z,Email,India,Hessbury,Other,45+
14229,2025-09-02T12:52:29.689Z,Referral,India,Janetfort,Male,45+
14232,2025-05-11T12:52:29.689Z,Email,India,Richton,Male,25-34
14234,2025-10-18T12:52:29.689Z,Influencer,India,Jasonchester,Other,18-24
14238,2025-06-24T12:52:29.689Z,Referral,India,Lake Todd,Other,35-44
14241,2025-12-18T12:52:29.689Z,Email,India,Joelmouth,Other,35-44
14243,2025-08-26T12:52:29.689Z,Paid Ads,India,East Leeview,Female,45+
14247,2025-05-01T12:52:29.689Z,Email,India,Justinshire,Female,18-24
14251,2025-09-11T12:52:29.689Z,Email,India,Port Danielleport,Female,18-24
14254,2025-08-22T12:52:29.689Z,Influencer,India,Douglasmouth,Female,25-34
14261,2026-01-26T12:52:29.689Z,Paid Ads,India,Emilychester,Other,25-34
14266,2025-11-13T12:52:29.689Z,Paid Ads,India,West Donnafurt,Other,25-34
14271,2025-09-03T12:52:29.689Z,Influencer,India,Port Barbara,Female,18-24
14273,2025-03-16T12:52:29.689Z,Organic,India,South Christopherland,Female,18-24
14288,2026-01-25T12:52:29.689Z,Email,India,Kevinburgh,Male,35-44
14301,2025-04-23T12:52:29.689Z,Email,India,East Biancatown,Male,45+
14315,2025-11-05T12:52:29.689Z,Email,India,Jacksonfort,Male,18-24
14323,2025-12-13T12:52:29.689Z,Influencer,India,West Gordonstad,Male,18-24
14338,2026-02-19T12:52:29.689Z,Organic,India,Collinsshire,Male,35-44
14347,2025-07-08T12:52:29.689Z,Paid Ads,India,East Thomasport,Female,25-34
14355,2025-11-04T12:52:29.689Z,Paid Ads,India,Lake Joseph,Female,18-24
14360,2025-06-06T12:52:29.689Z,Influencer,India,Brucemouth,Female,45+
14365,2025-09-06T12:52:29.689Z,Organic,India,South Melissa,Male,35-44
14368,2025-06-16T12:52:29.689Z,Influencer,India,Travisbury,Other,35-44
14369,2025-03-15T12:52:29.689Z,Email,India,Angelaton,Female,45+
14371,2025-12-08T12:52:29.689Z,Influencer,India,West Robert,Other,18-24
14386,2025-07-13T12:52:29.689Z,Influencer,India,Lake Lisaberg,Other,18-24
14394,2026-01-16T12:52:29.689Z,Email,India,Ayalamouth,Female,45+
14400,2026-01-12T12:52:29.689Z,Referral,India,Adamsview,Female,18-24
14402,2025-05-21T12:52:29.689Z,Email,India,Harrisview,Other,45+
14405,2025-06-16T12:52:29.689Z,Paid Ads,India,Hatfieldberg,Female,35-44
14409,2025-10-25T12:52:29.689Z,Referral,India,Youngborough,Female,18-24
14429,2025-08-25T12:52:29.689Z,Influencer,India,Jacksonmouth,Male,45+
14431,2025-08-27T12:52:29.689Z,Organic,India,Lake Edwinfort,Male,25-34
14436,2025-10-23T12:52:29.689Z,Organic,India,Bakerton,Female,18-24
14440,2025-07-13T12:52:29.689Z,Paid Ads,India,Cobbtown,Female,45+
14441,2025-07-23T12:52:29.689Z,Organic,India,West Angela,Other,18-24
14442,2025-05-12T12:52:29.689Z,Referral,India,Rodriguezberg,Male,18-24
14444,2025-12-05T12:52:29.689Z,Referral,India,Port Amy,Other,35-44
14459,2026-01-01T12:52:29.689Z,Organic,India,Andrewton,Female,35-44
14460,2025-10-04T12:52:29.689Z,Referral,India,South Karen,Other,25-34
14463,2025-11-26T12:52:29.689Z,Email,India,West Ericaside,Other,18-24
14471,2025-12-04T12:52:29.689Z,Organic,India,New Jennifer,Female,45+
14472,2025-03-05T12:52:29.689Z,Influencer,India,Kennedyburgh,Male,35-44
14481,2025-07-27T12:52:29.689Z,Email,India,Atkinsberg,Male,25-34
14486,2025-10-13T12:52:29.689Z,Email,India,Guerrerostad,Male,18-24
14488,2026-02-16T12:52:29.689Z,Paid Ads,India,Dustinbury,Female,45+
14507,2026-02-09T12:52:29.689Z,Email,India,Thomastown,Male,18-24
14509,2025-12-24T12:52:29.689Z,Influencer,India,Port Jason,Other,25-34
14517,2025-08-28T12:52:29.689Z,Email,India,Port Lisa,Male,18-24
14531,2025-07-26T12:52:29.689Z,Paid Ads,India,Port Karen,Female,25-34
14534,2025-05-01T12:52:29.689Z,Email,India,Tateborough,Other,35-44
14536,2025-11-16T12:52:29.689Z,Email,India,South Justinhaven,Male,25-34
14543,2025-08-31T12:52:29.689Z,Referral,India,Port Cody,Other,35-44
14547,2025-07-18T12:52:29.689Z,Email,India,Gomezview,Female,25-34
14553,2025-05-06T12:52:29.689Z,Paid Ads,India,North Jeremy,Other,35-44
14555,2025-10-20T12:52:29.689Z,Referral,India,Port Dorischester,Other,35-44
14563,2025-11-08T12:52:29.689Z,Influencer,India,Lake Sydney,Other,35-44
14583,2025-09-04T12:52:29.689Z,Email,India,South Marymouth,Male,45+
14584,2025-12-04T12:52:29.689Z,Paid Ads,India,Lake Steven,Other,45+
14591,2026-02-20T12:52:29.689Z,Paid Ads,India,Michaelhaven,Male,18-24
14592,2025-03-15T12:52:29.689Z,Referral,India,Clarkstad,Other,45+
14604,2025-03-26T12:52:29.689Z,Referral,India,West Robertport,Other,25-34
14611,2025-07-04T12:52:29.689Z,Influencer,India,New Davidland,Other,45+
14613,2025-10-12T12:52:29.689Z,Referral,India,Clintonmouth,Female,35-44
14619,2025-04-05T12:52:29.689Z,Referral,India,Johnsonfort,Female,25-34
14626,2026-02-24T12:52:29.689Z,Organic,India,Santiagoland,Female,45+
14627,2025-08-31T12:52:29.689Z,Email,India,Christinaport,Other,35-44
14628,2025-05-08T12:52:29.689Z,Paid Ads,India,Phillipsburgh,Male,45+
14629,2025-09-22T12:52:29.689Z,Referral,India,East Timothy,Female,25-34
14631,2025-06-09T12:52:29.689Z,Influencer,India,Port Kayla,Female,18-24
14632,2025-05-31T12:52:29.689Z,Influencer,India,Johnsonmouth,Female,25-34
14633,2025-05-07T12:52:29.689Z,Influencer,India,East Tonyaberg,Male,25-34
14640,2025-11-08T12:52:29.689Z,Email,India,North Joseland,Female,35-44
14648,2025-07-09T12:52:29.689Z,Organic,India,Brownport,Other,45+
14651,2026-02-16T12:52:29.689Z,Organic,India,New Johnside,Male,18-24
14660,2026-01-22T12:52:29.689Z,Organic,India,Carpenterfurt,Other,25-34
14667,2025-08-09T12:52:29.689Z,Organic,India,Weeksmouth,Other,18-24
14670,2025-10-30T12:52:29.689Z,Paid Ads,India,Douglasbury,Male,45+
14674,2026-02-28T12:52:29.689Z,Paid Ads,India,Brownshire,Other,25-34
14684,2026-01-14T12:52:29.689Z,Paid Ads,India,North Michaelburgh,Male,18-24
14692,2025-07-20T12:52:29.689Z,Referral,India,Davisborough,Other,35-44
14699,2025-11-07T12:52:29.689Z,Email,India,Jamieburgh,Male,45+
14700,2025-06-02T12:52:29.689Z,Email,India,New Bryan,Female,35-44
14706,2026-01-14T12:52:29.689Z,Influencer,India,West Michael,Female,45+
14720,2025-07-02T12:52:29.689Z,Referral,India,Cynthiaborough,Other,45+
14721,2025-08-27T12:52:29.689Z,Influencer,India,Rileyfurt,Other,45+
14726,2025-05-09T12:52:29.689Z,Paid Ads,India,North Andrea,Male,18-24
14744,2026-01-27T12:52:29.689Z,Influencer,India,Kimberlybury,Other,18-24
14747,2025-12-16T12:52:29.689Z,Organic,India,Davidberg,Male,45+
14749,2025-11-30T12:52:29.689Z,Email,India,West Kimberly,Female,35-44
14757,2025-10-20T12:52:29.689Z,Referral,India,East Mary,Female,35-44
14773,2025-08-22T12:52:29.689Z,Paid Ads,India,West Dianebury,Male,18-24
14783,2025-07-15T12:52:29.689Z,Paid Ads,India,Lake Melissamouth,Male,18-24
14789,2025-08-05T12:52:29.689Z,Influencer,India,East Francis,Male,35-44
14792,2025-12-01T12:52:29.689Z,Referral,India,New Beth,Male,25-34
14793,2026-02-06T12:52:29.689Z,Referral,India,Cindychester,Male,45+
14798,2025-12-27T12:52:29.689Z,Email,India,North Andrea,Female,35-44
14807,2025-11-10T12:52:29.689Z,Influencer,India,West Patrick,Other,25-34
14812,2026-01-10T12:52:29.689Z,Referral,India,Howardfort,Male,45+
14814,2025-04-28T12:52:29.689Z,Organic,India,Pageburgh,Female,25-34
14821,2025-03-06T12:52:29.689Z,Referral,India,West Melody,Other,45+
14829,2025-08-04T12:52:29.689Z,Paid Ads,India,Morrisburgh,Female,18-24
14837,2025-07-30T12:52:29.689Z,Email,India,Johnport,Male,35-44
14842,2026-01-26T12:52:29.689Z,Referral,India,New Sandra,Other,25-34
14852,2025-12-21T12:52:29.689Z,Referral,India,Moralesmouth,Male,45+
14854,2026-02-03T12:52:29.689Z,Referral,India,Crawfordside,Male,45+
14857,2025-09-17T12:52:29.689Z,Referral,India,Hardyville,Female,25-34
14860,2025-08-23T12:52:29.689Z,Organic,India,West Randy,Female,18-24
14864,2025-05-29T12:52:29.689Z,Influencer,India,Amyside,Female,35-44
14865,2025-11-29T12:52:29.689Z,Referral,India,Albertmouth,Other,25-34
14871,2025-05-17T12:52:29.689Z,Influencer,India,Wrightshire,Female,18-24
14872,2025-05-12T12:52:29.689Z,Paid Ads,India,South Sherry,Other,25-34
14880,2025-10-16T12:52:29.689Z,Paid Ads,India,Lake Barbara,Male,45+
14881,2025-07-06T12:52:29.689Z,Referral,India,West Walter,Male,35-44
14885,2025-08-16T12:52:29.689Z,Referral,India,Greentown,Male,35-44
14886,2025-04-24T12:52:29.689Z,Email,India,Nancymouth,Male,35-44
14888,2025-05-19T12:52:29.689Z,Referral,India,East Lynn,Male,25-34
14890,2025-06-19T12:52:29.689Z,Referral,India,Brownland,Other,35-44
14894,2026-01-26T12:52:29.689Z,Influencer,India,Beckychester,Female,18-24
14901,2025-06-16T12:52:29.689Z,Influencer,India,Evantown,Female,35-44
14903,2025-11-19T12:52:29.689Z,Influencer,India,South Jamesside,Female,25-34
14912,2025-04-13T12:52:29.689Z,Organic,India,Travisville,Male,35-44
14913,2025-08-17T12:52:29.689Z,Email,India,Annamouth,Other,35-44
14917,2025-03-09T12:52:29.689Z,Paid Ads,India,North Davidland,Other,18-24
14923,2025-03-11T12:52:29.689Z,Paid Ads,India,South Meghanmouth,Other,18-24
14934,2026-01-19T12:52:29.689Z,Organic,India,East Courtneymouth,Male,18-24
14935,2025-10-23T12:52:29.689Z,Email,India,Hamptonfort,Male,25-34
14946,2025-10-06T12:52:29.689Z,Referral,India,Port Meredithville,Other,18-24
14952,2025-10-12T12:52:29.689Z,Paid Ads,India,Tylertown,Other,25-34
14958,2025-04-17T12:52:29.689Z,Paid Ads,India,Alyssashire,Female,35-44
14966,2026-02-07T12:52:29.689Z,Referral,India,Lake Nathan,Male,25-34
14970,2026-02-14T12:52:29.689Z,Email,India,Christianmouth,Other,25-34
14972,2025-08-14T12:52:29.689Z,Referral,India,North Louis,Male,45+
14977,2025-03-23T12:52:29.689Z,Email,India,South Mathewville,Other,35-44
14982,2025-10-10T12:52:29.689Z,Influencer,India,North Samantha,Other,45+
14991,2025-06-29T12:52:29.689Z,Email,India,East Vicki,Male,18-24
14993,2025-09-22T12:52:29.689Z,Paid Ads,India,Jonathanfort,Female,25-34
14994,2026-02-10T12:52:29.689Z,Organic,India,Port Leahborough,Male,45+
14999,2025-09-23T12:52:29.689Z,Organic,India,West Alexandermouth,Other,25-34
15009,2025-06-03T12:52:29.689Z,Paid Ads,India,North Stevenfurt,Other,35-44
15017,2025-10-25T12:52:29.689Z,Referral,India,Stevenfort,Female,18-24
15030,2025-07-31T12:52:29.689Z,Paid Ads,India,New Joshua,Female,18-24
15031,2026-01-15T12:52:29.689Z,Organic,India,Steinland,Female,35-44
15035,2025-06-21T12:52:29.689Z,Email,India,Diazmouth,Other,25-34
15041,2025-09-15T12:52:29.689Z,Organic,India,Lake Deborah,Other,35-44
15043,2025-07-20T12:52:29.689Z,Influencer,India,Rebekahfort,Female,18-24
15045,2025-07-31T12:52:29.689Z,Referral,India,Lake Jon,Female,45+
15048,2025-07-17T12:52:29.689Z,Referral,India,Williamsport,Male,25-34
15049,2026-02-28T12:52:29.689Z,Influencer,India,Andrewsfurt,Male,18-24
15053,2025-11-08T12:52:29.689Z,Paid Ads,India,Danielland,Male,18-24
15065,2026-02-17T12:52:29.689Z,Influencer,India,Smithhaven,Male,18-24
15068,2025-06-14T12:52:29.689Z,Organic,India,Vargasland,Other,25-34
15076,2025-10-27T12:52:29.689Z,Email,India,New Mitchell,Male,35-44
15078,2025-07-16T12:52:29.689Z,Referral,India,East Stacey,Other,35-44
15081,2025-07-04T12:52:29.689Z,Referral,India,North Taraside,Male,45+
15082,2025-09-02T12:52:29.689Z,Organic,India,Stuartshire,Female,18-24
15085,2025-03-24T12:52:29.689Z,Organic,India,New Brendanbury,Female,18-24
15091,2025-11-02T12:52:29.689Z,Referral,India,Mollyton,Male,25-34
15094,2025-04-08T12:52:29.689Z,Paid Ads,India,South Edwardview,Female,45+
15102,2026-02-24T12:52:29.689Z,Influencer,India,Lake Dustin,Other,18-24
15105,2026-01-26T12:52:29.689Z,Paid Ads,India,Codyburgh,Other,18-24
15111,2025-07-05T12:52:29.689Z,Paid Ads,India,Donaldshire,Male,45+
15112,2025-12-23T12:52:29.689Z,Influencer,India,South Scott,Female,18-24
15115,2026-02-05T12:52:29.689Z,Email,India,South Christopher,Male,45+
15117,2025-06-15T12:52:29.689Z,Organic,India,New Raymond,Other,35-44
15122,2025-05-18T12:52:29.689Z,Influencer,India,Rileymouth,Other,45+
15126,2026-01-03T12:52:29.689Z,Influencer,India,West Alishashire,Male,25-34
15129,2025-12-28T12:52:29.689Z,Referral,India,Butlerchester,Other,25-34
15134,2026-01-10T12:52:29.689Z,Influencer,India,Lake Katherine,Male,25-34
15154,2025-04-23T12:52:29.689Z,Organic,India,Stephenland,Male,25-34
15156,2025-08-04T12:52:29.689Z,Paid Ads,India,Gibsontown,Male,25-34
15167,2025-12-12T12:52:29.689Z,Influencer,India,East Mariamouth,Male,45+
15175,2025-06-18T12:52:29.689Z,Organic,India,Gonzalesborough,Male,45+
15177,2025-05-30T12:52:29.689Z,Organic,India,Lake Elizabeth,Male,25-34
15184,2025-07-14T12:52:29.689Z,Influencer,India,Danieltown,Female,18-24
15185,2025-11-22T12:52:29.689Z,Paid Ads,India,Port Donnamouth,Male,45+
15209,2025-03-09T12:52:29.689Z,Influencer,India,East Matthew,Female,45+
15215,2025-07-15T12:52:29.689Z,Email,India,Richardbury,Other,45+
15236,2026-01-05T12:52:29.689Z,Influencer,India,Port Kimberly,Other,35-44
15238,2026-01-13T12:52:29.689Z,Influencer,India,Hamiltonshire,Female,35-44
15240,2025-12-24T12:52:29.689Z,Email,India,Johnsonmouth,Female,45+
15241,2025-03-22T12:52:29.689Z,Paid Ads,India,North Ashleytown,Female,45+
15243,2025-06-27T12:52:29.689Z,Email,India,Pagemouth,Male,45+
15244,2025-10-25T12:52:29.689Z,Referral,India,East Matthew,Male,18-24
15249,2025-08-22T12:52:29.689Z,Influencer,India,South Nicholas,Female,35-44
15254,2025-10-23T12:52:29.689Z,Paid Ads,India,Lake Ryanshire,Male,25-34
15257,2025-05-19T12:52:29.689Z,Organic,India,Sharonborough,Male,35-44
15275,2025-10-28T12:52:29.689Z,Paid Ads,India,Kristenport,Male,18-24
15282,2025-03-08T12:52:29.689Z,Referral,India,Charlesborough,Male,35-44
15286,2025-08-05T12:52:29.689Z,Email,India,New Julieport,Female,45+
15289,2025-09-02T12:52:29.689Z,Email,India,Staceymouth,Female,45+
15292,2025-06-20T12:52:29.689Z,Referral,India,North Jaime,Other,45+
15293,2025-08-07T12:52:29.689Z,Email,India,Ortizshire,Male,45+
15300,2025-06-15T12:52:29.689Z,Referral,India,Perkinsfort,Male,25-34
15306,2026-01-25T12:52:29.689Z,Referral,India,East Ronald,Male,45+
15308,2026-02-10T12:52:29.689Z,Organic,India,Erinmouth,Other,25-34
15310,2025-03-08T12:52:29.689Z,Paid Ads,India,Gilbertview,Female,35-44
15315,2025-09-19T12:52:29.689Z,Email,India,Kennethtown,Other,25-34
15321,2025-05-17T12:52:29.689Z,Influencer,India,Pamelastad,Other,35-44
15325,2025-06-12T12:52:29.689Z,Influencer,India,Jacquelineberg,Other,45+
15343,2025-08-01T12:52:29.689Z,Organic,India,Pateltown,Other,35-44
15358,2025-06-25T12:52:29.689Z,Paid Ads,India,Dannyview,Male,35-44
15362,2025-10-02T12:52:29.689Z,Organic,India,West Ericberg,Male,45+
15370,2025-10-21T12:52:29.689Z,Referral,India,Matthewbury,Other,45+
15375,2025-07-04T12:52:29.689Z,Referral,India,East Marie,Other,35-44
15376,2025-09-21T12:52:29.689Z,Influencer,India,Williamfort,Male,45+
15379,2025-04-24T12:52:29.689Z,Paid Ads,India,Penaton,Male,45+
15382,2025-04-19T12:52:29.689Z,Email,India,Jacksonland,Female,25-34
15383,2025-06-09T12:52:29.689Z,Email,India,Lake Christine,Other,45+
15390,2025-03-12T12:52:29.689Z,Email,India,North Nicholas,Male,18-24
15403,2026-02-18T12:52:29.689Z,Referral,India,Lake Jenniferton,Male,18-24
15404,2025-04-22T12:52:29.689Z,Referral,India,West Amy,Male,18-24
15408,2025-07-20T12:52:29.689Z,Referral,India,West Michaelmouth,Other,18-24
15413,2025-12-06T12:52:29.689Z,Paid Ads,India,Reevesview,Other,35-44
15414,2025-03-21T12:52:29.689Z,Paid Ads,India,Lake Racheltown,Female,35-44
15417,2025-10-24T12:52:29.689Z,Referral,India,Lindseybury,Male,18-24
15423,2025-03-19T12:52:29.689Z,Referral,India,Port Allenville,Other,18-24
15427,2025-03-11T12:52:29.689Z,Referral,India,North Garyville,Male,35-44
15433,2025-12-29T12:52:29.689Z,Email,India,Andersonview,Female,45+
15448,2025-03-09T12:52:29.689Z,Referral,India,Amberchester,Male,35-44
15449,2025-10-31T12:52:29.689Z,Email,India,North Nicholas,Female,45+
15459,2025-12-10T12:52:29.689Z,Paid Ads,India,Larsenmouth,Male,25-34
15468,2025-04-18T12:52:29.689Z,Influencer,India,Stephenburgh,Male,18-24
15471,2025-04-14T12:52:29.689Z,Referral,India,Port Ginahaven,Male,45+
15476,2026-01-08T12:52:29.689Z,Influencer,India,South Lori,Female,35-44
15483,2025-10-31T12:52:29.689Z,Influencer,India,Nicholsville,Male,45+
15496,2025-09-14T12:52:29.689Z,Referral,India,East Donna,Other,25-34
15501,2025-04-24T12:52:29.689Z,Paid Ads,India,Brianshire,Female,25-34
15510,2025-06-09T12:52:29.689Z,Organic,India,North Shawnberg,Male,18-24
15523,2025-09-10T12:52:29.689Z,Referral,India,Youngfort,Other,18-24
15529,2026-01-15T12:52:29.689Z,Email,India,Duncanborough,Male,45+
15535,2025-06-15T12:52:29.689Z,Paid Ads,India,South Thomasport,Other,18-24
15537,2025-11-15T12:52:29.689Z,Influencer,India,West Lisa,Female,18-24
15538,2026-01-07T12:52:29.689Z,Influencer,India,Hughesland,Other,25-34
15543,2025-11-22T12:52:29.689Z,Paid Ads,India,North Kelly,Other,25-34
15544,2025-11-17T12:52:29.689Z,Paid Ads,India,North Joshua,Other,35-44
15547,2025-11-06T12:52:29.689Z,Organic,India,Thompsonmouth,Male,35-44
15550,2025-09-29T12:52:29.689Z,Email,India,Sherrishire,Other,35-44
15559,2025-03-23T12:52:29.689Z,Email,India,Bartlettfurt,Other,45+
15567,2025-08-07T12:52:29.689Z,Influencer,India,Brightburgh,Female,18-24
15578,2025-07-27T12:52:29.689Z,Referral,India,Port Robert,Female,35-44
15580,2025-04-29T12:52:29.689Z,Email,India,Andreaville,Male,25-34
15587,2025-05-26T12:52:29.689Z,Referral,India,Shannonhaven,Other,18-24
15593,2025-04-28T12:52:29.689Z,Organic,India,Watsonmouth,Female,35-44
15598,2025-07-07T12:52:29.689Z,Email,India,Michaelstad,Female,45+
15602,2025-04-02T12:52:29.689Z,Organic,India,Port Matthewfurt,Female,25-34
15613,2025-09-22T12:52:29.689Z,Referral,India,East Meghanton,Male,18-24
15614,2025-12-08T12:52:29.689Z,Referral,India,Hernandezmouth,Female,18-24
15623,2025-05-05T12:52:29.689Z,Organic,India,Copelandchester,Male,18-24
15624,2025-12-09T12:52:29.689Z,Paid Ads,India,Lake Kevin,Other,25-34
15630,2025-09-28T12:52:29.689Z,Paid Ads,India,Davenporttown,Female,45+
15634,2025-12-17T12:52:29.689Z,Referral,India,Lake Amy,Other,45+
15651,2025-07-15T12:52:29.689Z,Organic,India,West Jamesstad,Female,18-24
15660,2025-11-06T12:52:29.689Z,Referral,India,Marshallton,Female,35-44
15665,2025-04-29T12:52:29.689Z,Referral,India,Schmidttown,Male,25-34
15667,2025-10-06T12:52:29.689Z,Organic,India,East Derrick,Female,35-44
15670,2025-08-28T12:52:29.689Z,Influencer,India,Levineview,Male,45+
15672,2025-04-22T12:52:29.689Z,Influencer,India,East Jasonburgh,Other,35-44
15674,2025-12-02T12:52:29.689Z,Influencer,India,Lake Donnaville,Male,35-44
15686,2025-10-15T12:52:29.689Z,Paid Ads,India,North Ronaldview,Other,35-44
15691,2025-07-15T12:52:29.689Z,Email,India,Lake Sandra,Other,25-34
15692,2025-08-09T12:52:29.689Z,Paid Ads,India,West Mikeville,Male,25-34
15695,2025-07-30T12:52:29.689Z,Influencer,India,Daisyberg,Other,35-44
15698,2025-10-05T12:52:29.689Z,Influencer,India,Keithland,Female,45+
15701,2026-01-26T12:52:29.689Z,Influencer,India,East Madisonview,Male,18-24
15704,2026-02-07T12:52:29.689Z,Paid Ads,India,South Jeremystad,Male,18-24
15708,2025-07-08T12:52:29.689Z,Organic,India,East Jamesstad,Female,45+
15714,2025-10-25T12:52:29.689Z,Paid Ads,India,Patriciaberg,Other,45+
15719,2025-12-29T12:52:29.689Z,Referral,India,Brooksville,Female,25-34
15720,2025-10-31T12:52:29.689Z,Email,India,Mitchellborough,Other,25-34
15725,2026-01-11T12:52:29.689Z,Paid Ads,India,Lake Michael,Other,18-24
15730,2025-10-10T12:52:29.689Z,Influencer,India,Darrenside,Female,25-34
15736,2025-10-22T12:52:29.689Z,Referral,India,East Joseph,Male,35-44
15738,2025-03-30T12:52:29.689Z,Referral,India,New Jamesstad,Male,25-34
15755,2025-10-01T12:52:29.689Z,Influencer,India,Port Jaimefort,Female,25-34
15760,2025-03-11T12:52:29.689Z,Organic,India,Millerberg,Female,18-24
15763,2025-04-21T12:52:29.689Z,Email,India,Karenfort,Female,35-44
15771,2026-01-01T12:52:29.689Z,Email,India,East Allisonside,Other,18-24
15777,2025-12-22T12:52:29.689Z,Influencer,India,Kellyfurt,Male,35-44
15779,2025-05-20T12:52:29.689Z,Influencer,India,Hansenfurt,Female,18-24
15783,2025-06-13T12:52:29.689Z,Referral,India,New Desiree,Female,18-24
15791,2025-10-06T12:52:29.689Z,Referral,India,West Leah,Female,45+
15799,2026-02-21T12:52:29.689Z,Referral,India,North Courtney,Male,18-24
15803,2025-11-13T12:52:29.689Z,Referral,India,East Johnberg,Female,18-24
15815,2026-02-13T12:52:29.689Z,Referral,India,New Daniel,Other,35-44
15821,2025-12-10T12:52:29.689Z,Referral,India,Silvaville,Other,35-44
15836,2025-04-25T12:52:29.689Z,Influencer,India,Port Loganborough,Male,45+
15844,2025-08-05T12:52:29.689Z,Email,India,Wintersberg,Male,18-24
15845,2025-04-30T12:52:29.689Z,Email,India,Pattonfurt,Female,45+
15847,2025-11-10T12:52:29.689Z,Influencer,India,New Yvonne,Other,35-44
15855,2025-06-25T12:52:29.689Z,Influencer,India,Coxfort,Male,35-44
15858,2025-06-12T12:52:29.689Z,Paid Ads,India,New David,Female,45+
15860,2025-04-27T12:52:29.689Z,Referral,India,New Johnfort,Female,45+
15869,2025-03-01T12:52:29.689Z,Paid Ads,India,Heatherborough,Other,35-44
15870,2025-05-30T12:52:29.689Z,Email,India,Port Matthewview,Other,25-34
15885,2025-06-13T12:52:29.689Z,Influencer,India,Debbieburgh,Male,25-34
15889,2025-09-10T12:52:29.689Z,Email,India,South Davidside,Male,18-24
15891,2025-07-20T12:52:29.689Z,Email,India,Port Matthewton,Female,18-24
15894,2025-10-20T12:52:29.689Z,Organic,India,Smithport,Male,18-24
15918,2025-03-15T12:52:29.689Z,Organic,India,Port Matthewland,Other,25-34
15967,2025-08-19T12:52:29.689Z,Organic,India,East Lisastad,Male,18-24
15973,2026-01-14T12:52:29.689Z,Paid Ads,India,Devinmouth,Other,18-24
15979,2025-12-26T12:52:29.689Z,Paid Ads,India,East Mary,Other,25-34
15987,2026-01-08T12:52:29.689Z,Organic,India,Robertsonside,Male,35-44
15989,2025-07-11T12:52:29.689Z,Influencer,India,Cartermouth,Other,45+
15993,2025-12-02T12:52:29.689Z,Paid Ads,India,Lisamouth,Other,45+
15999,2025-04-11T12:52:29.689Z,Influencer,India,Annetteburgh,Other,35-44
16000,2025-12-17T12:52:29.689Z,Paid Ads,India,Vazqueztown,Female,25-34
16001,2026-02-11T12:52:29.689Z,Email,India,South Evan,Male,25-34
16009,2025-11-24T12:52:29.689Z,Email,India,North Lori,Male,45+
16016,2025-09-20T12:52:29.689Z,Referral,India,South Victoriaborough,Female,25-34
16017,2025-10-11T12:52:29.689Z,Influencer,India,West Jared,Male,25-34
16025,2025-08-25T12:52:29.689Z,Referral,India,South Michaelmouth,Other,25-34
16031,2025-12-10T12:52:29.689Z,Influencer,India,Rebeccaville,Male,45+
16032,2026-02-22T12:52:29.689Z,Paid Ads,India,East Brendahaven,Female,25-34
16050,2025-03-21T12:52:29.689Z,Organic,India,Shannonview,Female,45+
16051,2026-01-05T12:52:29.689Z,Referral,India,Jorgeview,Male,45+
16059,2026-02-20T12:52:29.689Z,Referral,India,West Michaelchester,Other,45+
16064,2025-06-08T12:52:29.689Z,Referral,India,Dorothyfort,Other,18-24
16081,2025-08-26T12:52:29.689Z,Referral,India,Griffinbury,Male,35-44
16085,2025-10-28T12:52:29.689Z,Email,India,Lake Bethany,Male,35-44
16090,2025-11-12T12:52:29.689Z,Email,India,New Jorgeshire,Female,18-24
16096,2025-08-05T12:52:29.689Z,Email,India,Monroemouth,Other,25-34
16098,2025-12-05T12:52:29.689Z,Email,India,West Ericamouth,Male,45+
16105,2025-09-26T12:52:29.689Z,Influencer,India,West Michellestad,Female,35-44
16107,2025-10-27T12:52:29.689Z,Referral,India,Williamsfurt,Male,25-34
16109,2025-08-25T12:52:29.689Z,Paid Ads,India,Anthonyhaven,Male,35-44
16112,2025-03-02T12:52:29.689Z,Email,India,Brianton,Female,45+
16114,2026-02-11T12:52:29.689Z,Referral,India,Port Coryview,Other,18-24
16119,2025-11-08T12:52:29.689Z,Paid Ads,India,South Angelachester,Female,25-34
16120,2025-08-01T12:52:29.689Z,Organic,India,Roblesview,Male,18-24
16129,2025-12-09T12:52:29.689Z,Referral,India,Paynestad,Male,18-24
16130,2026-01-05T12:52:29.689Z,Organic,India,Lake Tanyabury,Male,25-34
16136,2025-06-08T12:52:29.689Z,Organic,India,Lorihaven,Female,35-44
16142,2025-12-18T12:52:29.689Z,Email,India,New Andrea,Female,25-34
16146,2026-02-03T12:52:29.689Z,Referral,India,Ericton,Other,25-34
16151,2025-07-07T12:52:29.689Z,Email,India,Port Nicholas,Female,25-34
16156,2025-06-24T12:52:29.689Z,Email,India,New Anthony,Male,35-44
16166,2025-06-21T12:52:29.689Z,Organic,India,Bridgetland,Male,25-34
16168,2025-08-03T12:52:29.689Z,Organic,India,East Scottland,Male,25-34
16179,2025-08-27T12:52:29.689Z,Email,India,Santosburgh,Female,25-34
16190,2025-12-30T12:52:29.689Z,Referral,India,Pearsonberg,Other,18-24
16193,2025-10-17T12:52:29.689Z,Paid Ads,India,Port Robert,Male,25-34
16203,2026-02-27T12:52:29.689Z,Email,India,Dorseyview,Male,25-34
16226,2025-05-21T12:52:29.689Z,Email,India,Larsenland,Other,35-44
16236,2025-09-20T12:52:29.689Z,Email,India,Port Gary,Female,45+
16247,2025-06-19T12:52:29.689Z,Organic,India,North David,Other,18-24
16250,2025-10-01T12:52:29.689Z,Referral,India,South Melissamouth,Female,45+
16260,2025-09-13T12:52:29.689Z,Organic,India,Mckenziemouth,Female,18-24
16261,2025-06-08T12:52:29.689Z,Organic,India,Williamberg,Female,25-34
16263,2025-12-11T12:52:29.689Z,Email,India,New James,Other,35-44
16270,2026-02-08T12:52:29.689Z,Influencer,India,Lake Tiffanystad,Other,25-34
16271,2025-12-21T12:52:29.689Z,Organic,India,Greenfurt,Other,35-44
16274,2025-05-18T12:52:29.689Z,Paid Ads,India,Lake Anthonyfort,Other,18-24
16277,2025-07-31T12:52:29.689Z,Organic,India,North Charlesburgh,Male,45+
16278,2026-01-16T12:52:29.689Z,Paid Ads,India,Mcmahonburgh,Male,25-34
16279,2025-08-17T12:52:29.689Z,Paid Ads,India,Craigborough,Other,18-24
16283,2025-10-10T12:52:29.689Z,Paid Ads,India,Port Manuel,Male,18-24
16291,2026-02-09T12:52:29.689Z,Paid Ads,India,Contrerasville,Female,18-24
16294,2025-06-24T12:52:29.689Z,Referral,India,Wrightland,Female,18-24
16297,2026-02-17T12:52:29.689Z,Organic,India,Jenniferbury,Male,35-44
16313,2026-02-28T12:52:29.689Z,Organic,India,East Kimborough,Female,18-24
16319,2025-04-22T12:52:29.689Z,Paid Ads,India,Aprilside,Female,45+
16320,2025-05-24T12:52:29.689Z,Paid Ads,India,Christopherchester,Other,45+
16331,2025-03-07T12:52:29.689Z,Paid Ads,India,West Coreyburgh,Other,45+
16334,2025-06-22T12:52:29.689Z,Email,India,Bondberg,Female,35-44
16337,2025-11-08T12:52:29.689Z,Paid Ads,India,Meganstad,Male,35-44
16380,2025-06-04T12:52:29.689Z,Email,India,North Wendy,Other,18-24
16384,2025-06-02T12:52:29.689Z,Organic,India,Lewistown,Male,18-24
16396,2025-09-03T12:52:29.689Z,Paid Ads,India,Lake Pamelaport,Female,35-44
16398,2025-07-26T12:52:29.689Z,Paid Ads,India,Port Gregorychester,Female,18-24
16419,2025-07-09T12:52:29.689Z,Organic,India,Sharonhaven,Female,18-24
16429,2025-03-31T12:52:29.689Z,Influencer,India,Patriciaside,Male,45+
16433,2025-06-10T12:52:29.689Z,Paid Ads,India,Jamesfort,Other,25-34
16444,2025-05-25T12:52:29.689Z,Organic,India,West Colton,Male,45+
16445,2025-03-03T12:52:29.689Z,Email,India,Kiarabury,Male,25-34
16446,2025-11-01T12:52:29.689Z,Email,India,Robertshaven,Other,35-44
16448,2025-09-03T12:52:29.689Z,Influencer,India,Lake Tammy,Other,25-34
16449,2025-09-16T12:52:29.689Z,Influencer,India,West Cody,Other,35-44
16455,2025-06-25T12:52:29.689Z,Email,India,Bennetthaven,Female,45+
16470,2025-05-17T12:52:29.689Z,Paid Ads,India,Port Alexander,Female,35-44
16472,2026-02-27T12:52:29.689Z,Paid Ads,India,New Anthonymouth,Other,45+
16475,2025-04-25T12:52:29.689Z,Email,India,North Jason,Other,18-24
16487,2025-09-29T12:52:29.689Z,Email,India,Murphyfurt,Female,45+
16492,2025-06-04T12:52:29.689Z,Email,India,Lake Jennifer,Other,45+
16495,2025-07-02T12:52:29.689Z,Referral,India,Lake Jasontown,Other,35-44
16501,2026-02-04T12:52:29.689Z,Referral,India,Lake Dustin,Other,45+
16505,2025-07-13T12:52:29.689Z,Referral,India,West Brian,Female,45+
16517,2026-01-20T12:52:29.689Z,Organic,India,Phamchester,Other,25-34
16520,2025-05-20T12:52:29.689Z,Email,India,Morrowbury,Male,18-24
16523,2025-06-24T12:52:29.689Z,Referral,India,Port Nicholas,Male,25-34
16524,2025-03-16T12:52:29.689Z,Influencer,India,North Ravenland,Female,25-34
16528,2025-05-25T12:52:29.689Z,Influencer,India,Payneview,Male,35-44
16541,2025-09-12T12:52:29.689Z,Referral,India,East Riley,Female,45+
16542,2026-02-25T12:52:29.689Z,Influencer,India,South Elijahmouth,Other,45+
16544,2025-09-06T12:52:29.689Z,Influencer,India,Lake Cory,Other,25-34
16551,2025-12-21T12:52:29.689Z,Referral,India,West Ericton,Female,18-24
16556,2025-03-18T12:52:29.689Z,Referral,India,Jessebury,Female,35-44
16558,2025-05-28T12:52:29.689Z,Influencer,India,Kellyville,Other,18-24
16559,2026-02-20T12:52:29.689Z,Organic,India,West Kaylabury,Other,35-44
16569,2025-09-12T12:52:29.689Z,Paid Ads,India,New Katherinefurt,Male,25-34
16573,2025-07-22T12:52:29.689Z,Referral,India,Anthonychester,Other,18-24
16574,2026-02-05T12:52:29.689Z,Influencer,India,Peterchester,Other,18-24
16590,2025-10-26T12:52:29.689Z,Email,India,Bishopton,Female,35-44
16600,2025-05-01T12:52:29.689Z,Email,India,New Grant,Male,25-34
16609,2025-03-11T12:52:29.689Z,Referral,India,Ryanbury,Male,35-44
16643,2025-05-11T12:52:29.689Z,Organic,India,West Keith,Other,35-44
16644,2025-08-26T12:52:29.689Z,Influencer,India,East Heathermouth,Male,35-44
16656,2025-11-10T12:52:29.689Z,Email,India,Garrettton,Female,18-24
16658,2025-07-26T12:52:29.689Z,Organic,India,Castillomouth,Male,35-44
16662,2025-12-12T12:52:29.689Z,Organic,India,Craigfurt,Male,18-24
16665,2025-04-18T12:52:29.689Z,Organic,India,Lake Latoyafurt,Male,25-34
16675,2026-02-19T12:52:29.689Z,Organic,India,East William,Female,18-24
16689,2025-04-11T12:52:29.689Z,Organic,India,Johnsonfurt,Female,35-44
16691,2025-11-08T12:52:29.689Z,Organic,India,West Tiffanyhaven,Male,25-34
16694,2025-06-01T12:52:29.689Z,Influencer,India,West Carlosside,Other,45+
16706,2025-04-13T12:52:29.689Z,Email,India,West Nicholasview,Female,18-24
16719,2025-11-21T12:52:29.689Z,Paid Ads,India,Virginiaport,Other,45+
16731,2025-06-16T12:52:29.689Z,Referral,India,South Paulhaven,Other,25-34
16739,2025-08-20T12:52:29.689Z,Organic,India,North James,Other,45+
16749,2026-02-01T12:52:29.689Z,Email,India,Port Melissa,Other,18-24
16770,2026-02-25T12:52:29.689Z,Paid Ads,India,Williamtown,Other,25-34
16772,2025-11-07T12:52:29.689Z,Email,India,Nicholsburgh,Female,45+
16779,2025-12-25T12:52:29.689Z,Referral,India,Amandahaven,Other,25-34
16782,2025-03-10T12:52:29.689Z,Email,India,West Maria,Female,18-24
16796,2025-07-31T12:52:29.689Z,Email,India,Lake Peter,Male,45+
16808,2025-06-21T12:52:29.689Z,Email,India,Lake Rebecca,Other,35-44
16822,2025-05-06T12:52:29.689Z,Paid Ads,India,New Kristineport,Male,35-44
16848,2025-07-10T12:52:29.689Z,Referral,India,South Nicole,Other,18-24
16850,2025-04-23T12:52:29.689Z,Influencer,India,Parsonstown,Other,18-24
16853,2025-04-02T12:52:29.689Z,Influencer,India,Port Madison,Male,35-44
16856,2025-03-31T12:52:29.689Z,Influencer,India,Sabrinaland,Male,35-44
16869,2025-08-03T12:52:29.689Z,Referral,India,New Shannonberg,Female,45+
16876,2025-10-06T12:52:29.689Z,Referral,India,North Brandonhaven,Male,18-24
16877,2025-06-09T12:52:29.689Z,Influencer,India,Port Crystalburgh,Female,45+
16881,2026-02-26T12:52:29.689Z,Referral,India,Sylviachester,Other,35-44
16886,2025-11-17T12:52:29.689Z,Referral,India,West Rebeccamouth,Female,35-44
16911,2025-05-14T12:52:29.689Z,Influencer,India,Erinmouth,Female,18-24
16912,2025-09-17T12:52:29.689Z,Organic,India,Kellyside,Female,25-34
16922,2025-11-10T12:52:29.689Z,Influencer,India,East Jessicaburgh,Other,45+
16925,2026-02-28T12:52:29.689Z,Influencer,India,Patrickfurt,Other,25-34
16928,2025-05-29T12:52:29.689Z,Email,India,Frankside,Other,45+
16937,2025-06-28T12:52:29.689Z,Referral,India,Lake Kaitlynstad,Female,45+
16944,2025-08-03T12:52:29.689Z,Influencer,India,Sydneymouth,Other,45+
16949,2025-05-29T12:52:29.689Z,Paid Ads,India,New Christinachester,Female,18-24
16952,2025-10-23T12:52:29.689Z,Organic,India,Leonside,Female,35-44
16969,2025-09-29T12:52:29.689Z,Paid Ads,India,West Lisa,Female,18-24
16976,2025-09-20T12:52:29.689Z,Referral,India,North James,Male,35-44
16997,2025-05-28T12:52:29.689Z,Email,India,West Megan,Other,18-24
17012,2025-04-30T12:52:29.689Z,Email,India,East Sherry,Other,35-44
17013,2025-10-03T12:52:29.689Z,Paid Ads,India,Barbaramouth,Male,18-24
17015,2026-02-01T12:52:29.689Z,Organic,India,West Julia,Male,45+
17019,2026-02-16T12:52:29.689Z,Email,India,East Gloria,Male,25-34
17026,2026-01-24T12:52:29.689Z,Referral,India,Port Miguel,Other,45+
17028,2026-01-15T12:52:29.689Z,Email,India,New Markfurt,Other,45+
17036,2025-06-27T12:52:29.689Z,Influencer,India,South Dianechester,Female,18-24
17042,2025-04-06T12:52:29.689Z,Organic,India,New Tylerland,Other,35-44
17050,2025-12-14T12:52:29.689Z,Referral,India,Elizabethfurt,Male,25-34
17051,2025-11-18T12:52:29.689Z,Paid Ads,India,West Jeffrey,Other,18-24
17055,2025-04-01T12:52:29.689Z,Email,India,Port Christine,Male,45+
17061,2025-07-24T12:52:29.689Z,Influencer,India,Katelynstad,Female,25-34
17067,2025-03-10T12:52:29.689Z,Organic,India,New Emily,Male,18-24
17070,2025-03-27T12:52:29.689Z,Organic,India,Anthonyberg,Male,25-34
17075,2026-01-30T12:52:29.689Z,Paid Ads,India,Lake Jennifer,Male,35-44
17081,2025-06-08T12:52:29.689Z,Referral,India,South Nicoleton,Female,18-24
17086,2025-05-15T12:52:29.689Z,Email,India,Port Benjaminstad,Male,35-44
17088,2026-02-06T12:52:29.689Z,Referral,India,Johnsonborough,Female,45+
17089,2025-03-06T12:52:29.689Z,Referral,India,Ryanchester,Other,25-34
17094,2025-04-18T12:52:29.689Z,Paid Ads,India,Danielview,Female,18-24
17097,2026-01-09T12:52:29.689Z,Organic,India,Lake Jenniferstad,Male,25-34
17100,2025-09-13T12:52:29.689Z,Influencer,India,Patelstad,Female,18-24
17106,2025-04-19T12:52:29.689Z,Paid Ads,India,East Autumnburgh,Other,35-44
17111,2026-01-12T12:52:29.689Z,Referral,India,Clintonstad,Male,18-24
17119,2025-04-22T12:52:29.689Z,Influencer,India,Brownfurt,Female,35-44
17120,2025-04-26T12:52:29.689Z,Influencer,India,East Bryan,Other,25-34
17128,2026-02-05T12:52:29.689Z,Paid Ads,India,Doyleland,Other,18-24
17130,2025-04-05T12:52:29.689Z,Referral,India,New Amanda,Male,25-34
17145,2025-10-18T12:52:29.689Z,Paid Ads,India,East Daleville,Other,45+
17155,2025-10-20T12:52:29.689Z,Email,India,Port Kevinville,Female,35-44
17157,2026-02-23T12:52:29.689Z,Paid Ads,India,Knightstad,Female,18-24
17158,2025-04-26T12:52:29.689Z,Referral,India,West Alexander,Male,35-44
17169,2025-04-12T12:52:29.689Z,Influencer,India,East Davidton,Female,25-34
17170,2025-12-13T12:52:29.689Z,Organic,India,Tuckerborough,Other,25-34
17172,2025-10-24T12:52:29.689Z,Influencer,India,Kellyland,Other,25-34
17187,2025-07-23T12:52:29.689Z,Referral,India,Richardsmouth,Female,45+
17193,2025-03-28T12:52:29.689Z,Email,India,Lake James,Male,25-34
17203,2025-04-14T12:52:29.689Z,Referral,India,East Lori,Female,35-44
17207,2025-09-28T12:52:29.689Z,Organic,India,North Edwardtown,Female,45+
17215,2026-01-21T12:52:29.689Z,Influencer,India,New Josephview,Female,25-34
17225,2025-08-21T12:52:29.689Z,Influencer,India,New Frankhaven,Other,35-44
17243,2025-04-19T12:52:29.689Z,Email,India,South Randall,Female,45+
17256,2025-05-26T12:52:29.689Z,Paid Ads,India,Nathanielchester,Female,35-44
17260,2025-05-29T12:52:29.689Z,Email,India,Barnesport,Female,45+
17264,2025-08-17T12:52:29.689Z,Paid Ads,India,Joelburgh,Female,35-44
17275,2025-08-24T12:52:29.689Z,Referral,India,Watsontown,Male,35-44
17279,2025-09-29T12:52:29.689Z,Referral,India,Clineberg,Male,45+
17280,2025-11-20T12:52:29.689Z,Email,India,West Blake,Female,25-34
17285,2025-04-07T12:52:29.689Z,Influencer,India,Harrisonburgh,Male,18-24
17305,2025-06-25T12:52:29.689Z,Email,India,South Jason,Other,18-24
17306,2025-03-01T12:52:29.689Z,Paid Ads,India,Eugeneville,Female,35-44
17308,2026-01-24T12:52:29.689Z,Influencer,India,Beckermouth,Other,25-34
17313,2025-04-10T12:52:29.689Z,Email,India,Smithfort,Other,25-34
17321,2025-04-27T12:52:29.689Z,Organic,India,Port Mark,Female,18-24
17324,2025-03-25T12:52:29.689Z,Organic,India,New Katherineland,Male,18-24
17327,2025-03-10T12:52:29.689Z,Email,India,North James,Female,18-24
17329,2025-04-09T12:52:29.689Z,Referral,India,Riverabury,Other,35-44
17336,2025-12-09T12:52:29.689Z,Email,India,Simpsonmouth,Other,18-24
17352,2026-02-16T12:52:29.689Z,Email,India,Port Tammyfurt,Other,25-34
17356,2026-01-20T12:52:29.689Z,Referral,India,Jacobsside,Other,45+
17360,2025-09-22T12:52:29.689Z,Email,India,West Michaela,Other,18-24
17398,2025-10-30T12:52:29.689Z,Organic,India,Campbellfurt,Male,35-44
17400,2026-01-23T12:52:29.689Z,Email,India,South Susan,Male,45+
17415,2026-02-07T12:52:29.689Z,Influencer,India,Matthewshire,Other,35-44
17416,2025-12-06T12:52:29.689Z,Email,India,Carpenterland,Other,35-44
17424,2026-01-13T12:52:29.689Z,Organic,India,Martinezfort,Female,35-44
17427,2026-02-12T12:52:29.689Z,Paid Ads,India,Lake Scottburgh,Female,25-34
17431,2025-06-04T12:52:29.689Z,Influencer,India,South Jason,Female,18-24
17432,2026-02-13T12:52:29.689Z,Paid Ads,India,South Jeremiah,Other,35-44
17433,2025-09-24T12:52:29.689Z,Organic,India,New Taylorberg,Other,35-44
17440,2025-07-10T12:52:29.689Z,Email,India,North Tamara,Male,35-44
17443,2025-10-04T12:52:29.689Z,Email,India,Lake Kristina,Male,25-34
17462,2026-01-30T12:52:29.689Z,Influencer,India,New Julia,Male,35-44
17464,2025-09-06T12:52:29.689Z,Influencer,India,South Curtis,Female,25-34
17470,2025-04-14T12:52:29.689Z,Paid Ads,India,East Jamesland,Male,25-34
17473,2025-10-09T12:52:29.689Z,Email,India,Youngberg,Male,35-44
17477,2025-09-26T12:52:29.689Z,Paid Ads,India,Bradleyberg,Male,35-44
17484,2025-03-05T12:52:29.689Z,Influencer,India,East Zachary,Other,25-34
17487,2025-10-04T12:52:29.689Z,Organic,India,Chelseaport,Other,25-34
17493,2026-01-18T12:52:29.689Z,Organic,India,Austinmouth,Other,45+
17495,2025-07-07T12:52:29.689Z,Influencer,India,Solischester,Other,25-34
17498,2025-09-27T12:52:29.689Z,Email,India,Saratown,Male,25-34
17509,2026-01-23T12:52:29.689Z,Paid Ads,India,East Kaylamouth,Other,45+
17510,2025-07-19T12:52:29.689Z,Organic,India,Montgomerytown,Other,18-24
17525,2025-04-12T12:52:29.689Z,Referral,India,Lake Dalechester,Other,45+
17535,2026-02-28T12:52:29.689Z,Paid Ads,India,Jamesmouth,Male,35-44
17536,2025-11-09T12:52:29.689Z,Influencer,India,Daviston,Male,25-34
17554,2025-03-02T12:52:29.689Z,Paid Ads,India,Charlesport,Other,45+
17567,2025-04-24T12:52:29.689Z,Paid Ads,India,Holmeshaven,Male,25-34
17568,2025-12-27T12:52:29.689Z,Paid Ads,India,Jasonmouth,Other,35-44
17584,2025-09-05T12:52:29.689Z,Referral,India,Amandashire,Other,25-34
17593,2025-06-24T12:52:29.689Z,Referral,India,Fischerchester,Male,35-44
17604,2025-08-18T12:52:29.689Z,Influencer,India,Barreraborough,Female,45+
17611,2025-11-09T12:52:29.689Z,Organic,India,Eugenefurt,Female,35-44
17620,2025-12-15T12:52:29.689Z,Organic,India,Clintonton,Other,25-34
17623,2025-12-10T12:52:29.689Z,Email,India,Bellmouth,Male,45+
17634,2025-10-05T12:52:29.689Z,Organic,India,New Timothy,Female,18-24
17635,2025-06-24T12:52:29.689Z,Referral,India,Ginafort,Male,45+
17643,2025-09-19T12:52:29.689Z,Email,India,East Wayne,Male,35-44
17678,2025-04-02T12:52:29.689Z,Email,India,Loganbury,Male,45+
17701,2025-07-28T12:52:29.689Z,Referral,India,Port Ryan,Female,35-44
17704,2025-03-19T12:52:29.689Z,Email,India,Kennethberg,Other,35-44
17710,2025-03-11T12:52:29.689Z,Influencer,India,New Maryhaven,Male,25-34
17732,2025-06-26T12:52:29.689Z,Influencer,India,Steventon,Male,25-34
17735,2025-06-21T12:52:29.689Z,Referral,India,West Joyce,Male,45+
17736,2025-04-04T12:52:29.689Z,Email,India,Haydenmouth,Male,35-44
17737,2025-09-23T12:52:29.689Z,Referral,India,New Amandafort,Female,18-24
17738,2025-10-05T12:52:29.689Z,Influencer,India,East Mckenzieside,Female,35-44
17751,2025-12-16T12:52:29.689Z,Organic,India,Vaughanshire,Other,35-44
17758,2025-09-02T12:52:29.689Z,Influencer,India,Lake John,Female,25-34
17762,2026-01-24T12:52:29.689Z,Referral,India,Emilyshire,Male,35-44
17766,2025-05-01T12:52:29.689Z,Referral,India,Connieside,Female,35-44
17768,2026-02-17T12:52:29.689Z,Email,India,Gonzalezberg,Other,25-34
17780,2025-12-20T12:52:29.689Z,Organic,India,New Stephanie,Other,18-24
17782,2025-07-06T12:52:29.689Z,Email,India,Smithshire,Male,45+
17783,2025-10-07T12:52:29.689Z,Referral,India,East Joshuastad,Other,45+
17784,2025-03-28T12:52:29.689Z,Referral,India,Lake Kristinefort,Male,18-24
17794,2025-09-08T12:52:29.689Z,Email,India,North Zachary,Male,25-34
17799,2025-05-25T12:52:29.689Z,Email,India,Littleland,Female,45+
17804,2025-05-01T12:52:29.689Z,Email,India,Michaelton,Male,18-24
17806,2025-08-11T12:52:29.689Z,Paid Ads,India,Port Jessica,Male,18-24
17808,2025-04-29T12:52:29.689Z,Paid Ads,India,Hansontown,Other,25-34
17826,2025-05-15T12:52:29.689Z,Referral,India,Scottburgh,Male,18-24
17845,2025-12-16T12:52:29.689Z,Paid Ads,India,New Theresa,Male,18-24
17852,2025-12-21T12:52:29.689Z,Referral,India,Lake Leslie,Male,18-24
17854,2025-06-08T12:52:29.689Z,Organic,India,Sanchezside,Other,45+
17862,2025-09-11T12:52:29.689Z,Organic,India,Lake Jason,Other,35-44
17863,2025-03-25T12:52:29.689Z,Organic,India,Apriltown,Female,45+
17868,2025-06-05T12:52:29.689Z,Organic,India,Port Thomasville,Female,18-24
17869,2026-01-23T12:52:29.689Z,Referral,India,South Jonathan,Other,25-34
17873,2026-02-28T12:52:29.689Z,Paid Ads,India,Rebeccaport,Female,45+
17891,2025-08-22T12:52:29.689Z,Referral,India,East Nicoleton,Other,18-24
17901,2025-06-13T12:52:29.689Z,Influencer,India,Port Lindsayfort,Female,45+
17914,2025-08-23T12:52:29.689Z,Referral,India,Lake Michaelport,Male,45+
17915,2026-01-18T12:52:29.689Z,Referral,India,West Nicoleburgh,Other,35-44
17919,2025-10-11T12:52:29.689Z,Referral,India,Riverafurt,Female,35-44
17921,2025-03-20T12:52:29.689Z,Organic,India,West Danielbury,Female,45+
17936,2025-12-11T12:52:29.689Z,Email,India,East Tiffany,Male,45+
17940,2025-07-23T12:52:29.689Z,Influencer,India,Harpertown,Female,18-24
17941,2025-05-16T12:52:29.689Z,Paid Ads,India,Loritown,Other,18-24
17950,2025-05-10T12:52:29.689Z,Email,India,East Jessicafort,Female,45+
17952,2025-08-09T12:52:29.689Z,Email,India,West Michele,Female,45+
17961,2025-05-26T12:52:29.689Z,Organic,India,South Kentport,Male,25-34
17979,2025-08-21T12:52:29.689Z,Organic,India,South Jasonborough,Male,45+
17981,2025-08-28T12:52:29.689Z,Influencer,India,North Kimborough,Male,45+
17999,2025-06-19T12:52:29.689Z,Referral,India,Port Kristina,Female,18-24
18004,2025-06-29T12:52:29.689Z,Organic,India,West Courtney,Other,45+
18006,2025-04-12T12:52:29.689Z,Paid Ads,India,East Dylanfurt,Female,45+
18007,2025-07-23T12:52:29.689Z,Referral,India,Batesstad,Other,45+
18016,2025-07-05T12:52:29.689Z,Paid Ads,India,Lake Rachel,Other,18-24
18026,2025-08-02T12:52:29.689Z,Paid Ads,India,New Douglas,Male,45+
18045,2025-12-27T12:52:29.689Z,Referral,India,East Andrewton,Female,25-34
18046,2025-05-16T12:52:29.689Z,Influencer,India,Lake Kelly,Male,25-34
18054,2025-10-14T12:52:29.689Z,Organic,India,Diazstad,Male,18-24
18067,2026-01-17T12:52:29.689Z,Referral,India,New Larry,Female,18-24
18074,2025-09-21T12:52:29.689Z,Organic,India,Nathanielberg,Other,45+
18075,2025-12-10T12:52:29.689Z,Paid Ads,India,New Brentland,Male,18-24
18076,2025-06-27T12:52:29.689Z,Referral,India,Jacobberg,Other,18-24
18079,2026-01-01T12:52:29.689Z,Organic,India,South Maxwellport,Other,18-24
18081,2025-03-29T12:52:29.689Z,Organic,India,Paulhaven,Other,35-44
18085,2025-06-15T12:52:29.689Z,Paid Ads,India,Payneborough,Other,45+
18096,2025-09-08T12:52:29.689Z,Email,India,Whitneyborough,Other,25-34
18101,2026-02-19T12:52:29.689Z,Email,India,New Williamstad,Female,35-44
18102,2025-11-09T12:52:29.689Z,Influencer,India,North Stacyborough,Male,18-24
18103,2026-02-16T12:52:29.689Z,Email,India,Mariaborough,Male,25-34
18106,2026-02-25T12:52:29.689Z,Influencer,India,South Donnaport,Other,45+
18116,2025-07-01T12:52:29.689Z,Paid Ads,India,Rojasmouth,Male,18-24
18117,2025-07-23T12:52:29.689Z,Paid Ads,India,New Markfort,Female,25-34
18122,2025-03-19T12:52:29.689Z,Paid Ads,India,Bishopland,Male,35-44
18124,2025-04-13T12:52:29.689Z,Influencer,India,South Brianborough,Female,25-34
18127,2026-02-06T12:52:29.689Z,Influencer,India,Samuelmouth,Other,25-34
18132,2026-02-19T12:52:29.689Z,Referral,India,Colleenchester,Female,35-44
18139,2025-09-24T12:52:29.689Z,Paid Ads,India,Andreashire,Female,18-24
18140,2025-08-12T12:52:29.689Z,Influencer,India,Amyborough,Other,45+
18145,2025-03-03T12:52:29.689Z,Referral,India,Williamsmouth,Female,45+
18160,2025-07-09T12:52:29.689Z,Organic,India,Malloryside,Female,45+
18168,2025-04-14T12:52:29.689Z,Paid Ads,India,Port Josestad,Male,45+
18170,2025-08-02T12:52:29.689Z,Paid Ads,India,West Christinaview,Female,45+
18180,2025-08-15T12:52:29.689Z,Email,India,Justinview,Other,35-44
18182,2025-08-25T12:52:29.689Z,Paid Ads,India,North Melissa,Other,35-44
18185,2026-01-15T12:52:29.689Z,Email,India,Klinehaven,Female,18-24
18198,2025-08-29T12:52:29.689Z,Email,India,West Aliciaview,Other,18-24
18200,2026-02-13T12:52:29.689Z,Organic,India,West Steven,Male,25-34
18210,2025-04-27T12:52:29.689Z,Influencer,India,North Michael,Female,18-24
18218,2025-03-09T12:52:29.689Z,Influencer,India,Sellersport,Female,45+
18229,2025-10-07T12:52:29.689Z,Referral,India,Nicholasborough,Male,45+
18237,2025-11-20T12:52:29.689Z,Referral,India,East Roberthaven,Other,18-24
18238,2025-05-13T12:52:29.689Z,Organic,India,North Jasonburgh,Male,35-44
18248,2025-11-02T12:52:29.689Z,Paid Ads,India,South Zacharyview,Female,25-34
18249,2025-09-23T12:52:29.689Z,Referral,India,West James,Female,18-24
18262,2025-09-21T12:52:29.689Z,Organic,India,Lake Jessicaville,Other,18-24
18265,2025-05-17T12:52:29.689Z,Paid Ads,India,Crawfordfort,Female,45+
18267,2025-05-27T12:52:29.689Z,Influencer,India,Port Davidmouth,Female,45+
18270,2026-01-14T12:52:29.689Z,Paid Ads,India,Danielton,Male,35-44
18279,2025-04-24T12:52:29.689Z,Organic,India,Tammyton,Other,25-34
18280,2025-04-16T12:52:29.689Z,Influencer,India,South Christopher,Female,45+
18284,2026-01-15T12:52:29.689Z,Organic,India,Angelabury,Female,35-44
18288,2026-01-01T12:52:29.689Z,Paid Ads,India,West Jamieborough,Male,18-24
18292,2026-02-16T12:52:29.689Z,Paid Ads,India,Martinezville,Female,35-44
18294,2025-11-12T12:52:29.689Z,Email,India,Romerobury,Female,35-44
18296,2025-05-04T12:52:29.689Z,Email,India,Tuckerton,Female,18-24
18305,2025-12-23T12:52:29.689Z,Paid Ads,India,Mcneilburgh,Male,25-34
18308,2025-08-07T12:52:29.689Z,Influencer,India,Elliottstad,Female,25-34
18318,2025-10-06T12:52:29.689Z,Email,India,East Jacob,Female,45+
18319,2025-09-26T12:52:29.689Z,Paid Ads,India,New Racheltown,Male,25-34
18322,2026-02-04T12:52:29.689Z,Organic,India,Amberburgh,Male,45+
18332,2025-05-18T12:52:29.689Z,Organic,India,Medinaberg,Other,45+
18349,2025-11-06T12:52:29.689Z,Referral,India,South Danielport,Female,18-24
18362,2025-04-06T12:52:29.689Z,Influencer,India,North Thomasmouth,Male,25-34
18370,2025-05-10T12:52:29.689Z,Email,India,South Jeffreyland,Female,35-44
18371,2025-08-17T12:52:29.689Z,Referral,India,Lake Tammyland,Other,18-24
18373,2025-05-05T12:52:29.689Z,Organic,India,South Ashleyburgh,Male,25-34
18374,2025-05-20T12:52:29.689Z,Organic,India,East Brandonland,Male,35-44
18380,2025-03-07T12:52:29.689Z,Influencer,India,Martinside,Female,45+
18385,2025-03-31T12:52:29.689Z,Email,India,Lopezstad,Female,45+
18389,2026-01-25T12:52:29.689Z,Influencer,India,Sampsonview,Male,35-44
18430,2025-12-21T12:52:29.689Z,Organic,India,Amyview,Other,35-44
18432,2025-05-17T12:52:29.689Z,Email,India,Carolynview,Other,18-24
18441,2025-07-02T12:52:29.689Z,Referral,India,Rayton,Other,25-34
18454,2025-03-07T12:52:29.689Z,Email,India,Foxmouth,Female,25-34
18457,2025-09-16T12:52:29.689Z,Referral,India,Heatherhaven,Male,45+
18472,2025-05-18T12:52:29.689Z,Organic,India,North Curtis,Female,18-24
18478,2025-09-20T12:52:29.689Z,Paid Ads,India,South Caitlin,Female,35-44
18481,2025-11-13T12:52:29.689Z,Email,India,Rosarioport,Female,18-24
18491,2025-05-18T12:52:29.689Z,Referral,India,Kennethland,Male,45+
18493,2026-02-07T12:52:29.689Z,Email,India,Downsbury,Other,25-34
18496,2025-07-13T12:52:29.689Z,Referral,India,Ellisbury,Male,25-34
18497,2025-04-07T12:52:29.689Z,Organic,India,New Jamesside,Female,45+
18506,2025-04-03T12:52:29.689Z,Organic,India,North Dalton,Male,25-34
18513,2026-01-05T12:52:29.689Z,Paid Ads,India,Lake Anna,Male,25-34
18519,2026-01-16T12:52:29.689Z,Paid Ads,India,Port Hayley,Other,35-44
18527,2025-06-13T12:52:29.689Z,Referral,India,New John,Male,18-24
18536,2025-11-07T12:52:29.689Z,Email,India,Port Russell,Female,18-24
18548,2025-03-20T12:52:29.689Z,Email,India,Obrienberg,Other,45+
18565,2026-01-31T12:52:29.689Z,Email,India,Holmesfurt,Female,35-44
18569,2025-04-20T12:52:29.689Z,Referral,India,Crawfordton,Male,45+
18571,2025-11-18T12:52:29.689Z,Referral,India,Thomashaven,Female,35-44
18572,2025-07-24T12:52:29.689Z,Influencer,India,South Justinberg,Female,45+
18579,2025-10-01T12:52:29.689Z,Paid Ads,India,Scottside,Other,25-34
18589,2025-10-14T12:52:29.689Z,Influencer,India,Davidview,Female,35-44
18594,2025-03-13T12:52:29.689Z,Email,India,Lake Jamesmouth,Female,18-24
18602,2025-04-03T12:52:29.689Z,Paid Ads,India,Tinastad,Male,35-44
18624,2025-10-01T12:52:29.689Z,Email,India,Lucasside,Male,35-44
18627,2025-08-28T12:52:29.689Z,Email,India,Ericksontown,Male,25-34
18657,2025-09-10T12:52:29.689Z,Influencer,India,Johnton,Other,18-24
18658,2025-06-23T12:52:29.689Z,Referral,India,Christopherberg,Other,45+
18664,2025-06-22T12:52:29.689Z,Paid Ads,India,Jonesstad,Other,18-24
18682,2025-07-23T12:52:29.689Z,Referral,India,East Gregoryland,Male,18-24
18684,2025-03-20T12:52:29.689Z,Referral,India,Crawfordborough,Female,45+
18700,2025-04-02T12:52:29.689Z,Organic,India,Courtneyfurt,Male,35-44
18709,2025-06-20T12:52:29.689Z,Paid Ads,India,Noblefort,Male,45+
18714,2025-04-19T12:52:29.689Z,Email,India,North Julie,Male,25-34
18716,2025-10-06T12:52:29.689Z,Organic,India,West Saraview,Other,35-44
18718,2025-11-07T12:52:29.689Z,Paid Ads,India,West Mark,Male,35-44
18724,2025-10-26T12:52:29.689Z,Organic,India,South Rachael,Other,25-34
18729,2025-04-20T12:52:29.689Z,Email,India,Sloanmouth,Male,18-24
18731,2026-02-26T12:52:29.689Z,Email,India,Christineshire,Male,18-24
18736,2025-09-16T12:52:29.689Z,Influencer,India,Markville,Other,45+
18753,2025-04-07T12:52:29.689Z,Paid Ads,India,Robertsside,Other,25-34
18758,2025-05-27T12:52:29.689Z,Influencer,India,Robertshire,Other,45+
18764,2025-09-07T12:52:29.689Z,Influencer,India,Reynoldshaven,Other,35-44
18782,2025-06-24T12:52:29.689Z,Paid Ads,India,Garrettfurt,Female,45+
18783,2025-04-11T12:52:29.689Z,Referral,India,Oneillmouth,Female,25-34
18788,2025-04-24T12:52:29.689Z,Organic,India,Masseyside,Other,18-24
18790,2025-03-26T12:52:29.689Z,Paid Ads,India,West Kenneth,Other,35-44
18792,2026-01-04T12:52:29.689Z,Email,India,West Samuel,Female,35-44
18794,2025-12-28T12:52:29.689Z,Referral,India,Chadchester,Female,45+
18799,2025-08-27T12:52:29.689Z,Influencer,India,Figueroaside,Female,45+
18800,2026-01-08T12:52:29.689Z,Paid Ads,India,West Anthonyside,Other,25-34
18806,2025-07-29T12:52:29.689Z,Influencer,India,Jeremyburgh,Other,45+
18811,2025-12-08T12:52:29.689Z,Organic,India,Ashleyville,Other,45+
18815,2025-09-13T12:52:29.689Z,Influencer,India,Port Austinbury,Male,35-44
18820,2025-05-21T12:52:29.689Z,Organic,India,West Steven,Female,18-24
18822,2025-05-27T12:52:29.689Z,Email,India,Sheachester,Other,35-44
18842,2025-05-10T12:52:29.689Z,Email,India,Martinezborough,Female,45+
18846,2025-04-29T12:52:29.689Z,Paid Ads,India,West Jennifer,Male,45+
18857,2025-06-18T12:52:29.689Z,Email,India,Kimville,Other,18-24
18860,2025-03-13T12:52:29.689Z,Influencer,India,New Jenniferstad,Male,25-34
18864,2025-05-05T12:52:29.689Z,Email,India,South Frankton,Female,25-34
18905,2025-07-22T12:52:29.689Z,Organic,India,Danielsbury,Male,35-44
18909,2025-05-31T12:52:29.689Z,Email,India,New Donna,Female,35-44
18913,2025-03-25T12:52:29.689Z,Email,India,Port Andreaborough,Female,45+
18923,2025-03-13T12:52:29.689Z,Organic,India,Port Claire,Male,25-34
18924,2025-04-22T12:52:29.689Z,Email,India,Port Heidi,Other,25-34
18934,2026-02-17T12:52:29.689Z,Referral,India,Lake Joe,Male,35-44
18942,2025-08-04T12:52:29.689Z,Influencer,India,New Anna,Other,45+
18945,2025-07-30T12:52:29.689Z,Organic,India,Peterschester,Male,35-44
18948,2025-05-23T12:52:29.689Z,Organic,India,New Abigailton,Female,35-44
18962,2025-11-07T12:52:29.689Z,Influencer,India,Dylantown,Other,35-44
18967,2025-04-10T12:52:29.689Z,Email,India,Bartlettville,Male,45+
18972,2025-06-05T12:52:29.689Z,Organic,India,Johnsonmouth,Male,25-34
18983,2025-05-06T12:52:29.689Z,Referral,India,North Erinstad,Male,45+
18992,2025-11-10T12:52:29.689Z,Paid Ads,India,Conradside,Female,45+
19000,2025-07-15T12:52:29.689Z,Paid Ads,India,Lake Nicolemouth,Female,45+
19002,2025-12-29T12:52:29.689Z,Paid Ads,India,Whitakerport,Male,45+
19006,2025-10-08T12:52:29.689Z,Paid Ads,India,Stevenmouth,Other,35-44
19009,2025-07-21T12:52:29.689Z,Paid Ads,India,New Jo,Other,25-34
19011,2025-12-20T12:52:29.689Z,Organic,India,Port Juanfort,Male,18-24
19018,2025-04-13T12:52:29.689Z,Influencer,India,Teresabury,Other,25-34
19023,2025-12-18T12:52:29.689Z,Email,India,West Tonyshire,Male,45+
19053,2026-02-21T12:52:29.689Z,Influencer,India,South Christophermouth,Male,35-44
19059,2025-05-28T12:52:29.689Z,Influencer,India,West Charlesville,Other,18-24
19061,2025-12-21T12:52:29.689Z,Influencer,India,Brendanhaven,Female,18-24
19063,2025-03-28T12:52:29.689Z,Paid Ads,India,Lake Sandrastad,Female,45+
19073,2026-01-21T12:52:29.689Z,Influencer,India,North Yolandaview,Other,25-34
19087,2025-05-22T12:52:29.689Z,Organic,India,North Christopherfort,Male,45+
19088,2026-02-10T12:52:29.689Z,Paid Ads,India,Kennethburgh,Female,45+
19089,2025-10-05T12:52:29.689Z,Paid Ads,India,North Teresa,Female,45+
19092,2025-07-19T12:52:29.689Z,Email,India,Lawsonport,Female,25-34
19096,2025-04-20T12:52:29.689Z,Influencer,India,South Connorhaven,Female,35-44
19120,2026-02-20T12:52:29.689Z,Organic,India,Gonzalezmouth,Male,35-44
19121,2025-09-03T12:52:29.689Z,Paid Ads,India,Smithmouth,Female,18-24
19125,2025-12-26T12:52:29.689Z,Organic,India,South Jillland,Male,35-44
19126,2025-12-21T12:52:29.689Z,Paid Ads,India,Georgeberg,Female,35-44
19131,2025-03-12T12:52:29.689Z,Organic,India,North Elaine,Other,25-34
19139,2026-02-27T12:52:29.689Z,Email,India,Brownbury,Male,18-24
19143,2025-09-21T12:52:29.689Z,Referral,India,Martinview,Other,18-24
19146,2025-10-08T12:52:29.689Z,Influencer,India,Angelahaven,Female,45+
19159,2025-08-19T12:52:29.689Z,Paid Ads,India,Smithtown,Female,35-44
19161,2025-09-08T12:52:29.689Z,Paid Ads,India,South Brittany,Other,35-44
19164,2025-06-25T12:52:29.689Z,Paid Ads,India,Bowersfort,Male,45+
19165,2025-07-12T12:52:29.689Z,Email,India,South Daltonburgh,Male,25-34
19168,2025-06-16T12:52:29.689Z,Paid Ads,India,South Theresafort,Female,25-34
19171,2025-06-17T12:52:29.689Z,Paid Ads,India,North Todd,Male,25-34
19180,2025-12-25T12:52:29.689Z,Email,India,West Brooketown,Other,35-44
19189,2025-12-31T12:52:29.689Z,Organic,India,Webershire,Male,45+
19193,2025-08-06T12:52:29.689Z,Referral,India,Darrenbury,Male,18-24
19224,2025-05-29T12:52:29.689Z,Email,India,Jerryfort,Other,25-34
19232,2025-06-27T12:52:29.689Z,Paid Ads,India,Robersonborough,Female,35-44
19234,2025-04-13T12:52:29.689Z,Email,India,Elizabethborough,Other,18-24
19235,2025-06-18T12:52:29.689Z,Referral,India,South Andrea,Other,18-24
19274,2025-10-24T12:52:29.689Z,Influencer,India,Bryantfort,Male,18-24
19285,2025-12-26T12:52:29.689Z,Referral,India,Lindashire,Other,35-44
19289,2025-06-26T12:52:29.689Z,Referral,India,Sullivanton,Male,35-44
19301,2025-09-20T12:52:29.689Z,Influencer,India,Theodorehaven,Other,45+
19302,2025-08-05T12:52:29.689Z,Paid Ads,India,Lewisstad,Other,18-24
19306,2025-04-19T12:52:29.689Z,Paid Ads,India,Annechester,Male,35-44
19309,2025-10-27T12:52:29.689Z,Organic,India,East Jeremybury,Male,25-34
19325,2025-11-19T12:52:29.689Z,Referral,India,Aprilfort,Female,45+
19326,2025-11-06T12:52:29.689Z,Referral,India,Brianview,Female,35-44
19337,2025-07-16T12:52:29.689Z,Organic,India,East Jeremy,Male,18-24
19344,2025-07-09T12:52:29.689Z,Referral,India,Williamsberg,Male,25-34
19354,2025-05-08T12:52:29.689Z,Paid Ads,India,Port Sue,Male,35-44
19360,2025-08-30T12:52:29.689Z,Organic,India,Boydchester,Female,35-44
19367,2025-10-05T12:52:29.689Z,Influencer,India,South Dylan,Female,18-24
19370,2025-04-23T12:52:29.689Z,Paid Ads,India,Derrickborough,Other,18-24
19377,2025-10-12T12:52:29.689Z,Paid Ads,India,Lynchmouth,Female,45+
19395,2025-03-18T12:52:29.689Z,Organic,India,Gallagherland,Male,45+
19396,2025-10-12T12:52:29.689Z,Email,India,South Carlamouth,Male,45+
19410,2025-05-18T12:52:29.689Z,Email,India,Port Jake,Female,25-34
19411,2025-05-09T12:52:29.689Z,Organic,India,New Jackhaven,Male,25-34
19414,2025-12-26T12:52:29.689Z,Influencer,India,South Jacobchester,Male,25-34
19415,2025-05-26T12:52:29.689Z,Referral,India,Watsonview,Other,25-34
19423,2025-08-11T12:52:29.689Z,Influencer,India,East Jasonchester,Male,18-24
19434,2025-05-24T12:52:29.689Z,Influencer,India,Daltonhaven,Male,25-34
19451,2025-07-11T12:52:29.689Z,Paid Ads,India,Lewisborough,Female,25-34
19461,2025-12-15T12:52:29.689Z,Paid Ads,India,Kellistad,Other,35-44
19464,2026-01-25T12:52:29.689Z,Influencer,India,Reevesville,Female,25-34
19471,2026-02-27T12:52:29.689Z,Influencer,India,Christopherside,Other,25-34
19473,2025-07-01T12:52:29.689Z,Organic,India,Port Kimberly,Other,18-24
19475,2025-12-18T12:52:29.689Z,Email,India,New Nicole,Female,18-24
19479,2025-05-06T12:52:29.689Z,Influencer,India,Fergusonton,Other,45+
19484,2025-12-30T12:52:29.689Z,Referral,India,Sarahbury,Female,35-44
19495,2026-02-24T12:52:29.689Z,Email,India,North Petershire,Female,18-24
19497,2025-10-07T12:52:29.689Z,Paid Ads,India,Pattersonstad,Male,25-34
19500,2025-07-05T12:52:29.689Z,Paid Ads,India,Watkinsside,Female,35-44
19502,2025-08-25T12:52:29.689Z,Organic,India,East Vanessa,Male,18-24
19503,2025-11-12T12:52:29.689Z,Paid Ads,India,New Michael,Other,45+
19507,2025-10-29T12:52:29.689Z,Influencer,India,East Jamesburgh,Male,25-34
19512,2025-10-12T12:52:29.689Z,Paid Ads,India,New Lisa,Other,35-44
19514,2026-02-03T12:52:29.689Z,Email,India,East Ernest,Other,18-24
19517,2025-09-22T12:52:29.689Z,Influencer,India,Banksborough,Other,18-24
19519,2025-07-01T12:52:29.689Z,Paid Ads,India,Fishermouth,Female,35-44
19522,2026-01-03T12:52:29.689Z,Organic,India,Smithland,Male,35-44
19525,2026-02-25T12:52:29.689Z,Email,India,South Paul,Other,45+
19535,2025-05-12T12:52:29.689Z,Email,India,Port Aaronport,Male,35-44
19536,2025-09-02T12:52:29.689Z,Influencer,India,East Andrewburgh,Female,25-34
19538,2025-10-09T12:52:29.689Z,Referral,India,Lake Larry,Female,45+
19540,2025-12-27T12:52:29.689Z,Organic,India,Hernandezfort,Male,45+
19551,2025-08-28T12:52:29.689Z,Organic,India,Weaverfort,Male,35-44
19552,2025-07-10T12:52:29.689Z,Influencer,India,South Mariechester,Male,35-44
19557,2025-12-18T12:52:29.689Z,Email,India,Russellstad,Female,35-44
19586,2025-08-12T12:52:29.689Z,Referral,India,North Jacquelinestad,Female,18-24
19587,2025-08-31T12:52:29.689Z,Organic,India,West Teresa,Male,25-34
19588,2025-04-26T12:52:29.689Z,Influencer,India,Cherylborough,Female,35-44
19594,2025-06-23T12:52:29.689Z,Organic,India,Zacharytown,Other,18-24
19597,2025-08-19T12:52:29.689Z,Organic,India,Peterview,Other,18-24
19607,2025-09-17T12:52:29.689Z,Influencer,India,Fishermouth,Female,25-34
19611,2026-02-26T12:52:29.689Z,Influencer,India,Krystalmouth,Male,35-44
19612,2026-01-16T12:52:29.689Z,Referral,India,Juliaside,Other,35-44
19616,2025-12-26T12:52:29.689Z,Paid Ads,India,Stephenport,Other,18-24
19618,2026-01-07T12:52:29.689Z,Paid Ads,India,South Nicholas,Male,45+
19628,2026-02-25T12:52:29.689Z,Referral,India,Benjaminport,Other,45+
19640,2025-11-28T12:52:29.689Z,Organic,India,West Christopher,Female,35-44
19641,2025-09-14T12:52:29.689Z,Referral,India,Port Christinemouth,Other,25-34
19644,2025-11-16T12:52:29.689Z,Organic,India,Amandamouth,Male,25-34
19652,2026-02-27T12:52:29.689Z,Organic,India,West Richard,Male,25-34
19654,2026-01-25T12:52:29.689Z,Organic,India,Michaelmouth,Female,45+
19665,2026-01-08T12:52:29.689Z,Organic,India,Richardton,Female,45+
19680,2025-10-12T12:52:29.689Z,Email,India,Monicashire,Male,18-24
19681,2025-12-13T12:52:29.689Z,Influencer,India,Clarkshire,Other,18-24
19687,2025-12-24T12:52:29.689Z,Organic,India,North Daniel,Male,25-34
19688,2025-12-31T12:52:29.689Z,Paid Ads,India,Bradtown,Other,18-24
19699,2025-08-28T12:52:29.689Z,Referral,India,Port Jennifer,Female,35-44
19725,2025-09-25T12:52:29.689Z,Paid Ads,India,Colemanborough,Male,35-44
19732,2025-07-31T12:52:29.689Z,Influencer,India,Lake Leslie,Male,18-24
19764,2025-07-17T12:52:29.689Z,Referral,India,Port Roberttown,Other,45+
19775,2026-02-26T12:52:29.689Z,Organic,India,Jonesmouth,Female,25-34
19776,2025-03-03T12:52:29.689Z,Organic,India,West Stanley,Other,45+
19785,2025-06-13T12:52:29.689Z,Organic,India,Harrischester,Female,25-34
19786,2025-10-20T12:52:29.689Z,Paid Ads,India,Moralesberg,Female,25-34
19804,2025-12-26T12:52:29.689Z,Influencer,India,North Gregorytown,Female,18-24
19821,2026-02-07T12:52:29.689Z,Email,India,New Bethany,Male,35-44
19824,2025-09-03T12:52:29.689Z,Organic,India,Lake Diane,Male,35-44
19831,2025-07-05T12:52:29.689Z,Paid Ads,India,Lake Theresa,Other,45+
19851,2025-07-04T12:52:29.689Z,Email,India,North Angelicabury,Female,18-24
19856,2025-03-01T12:52:29.689Z,Email,India,New Bruce,Male,45+
19857,2025-05-06T12:52:29.689Z,Organic,India,Boltonhaven,Male,25-34
19863,2025-03-09T12:52:29.689Z,Paid Ads,India,Wolfmouth,Other,18-24
19864,2025-08-17T12:52:29.689Z,Paid Ads,India,Khanport,Female,45+
19886,2026-01-08T12:52:29.689Z,Organic,India,Conradstad,Male,45+
19890,2025-12-02T12:52:29.689Z,Email,India,Richardshire,Male,35-44
19894,2025-09-05T12:52:29.689Z,Influencer,India,Sheliashire,Male,18-24
19899,2025-07-04T12:52:29.689Z,Paid Ads,India,East Michael,Female,35-44
19924,2025-06-17T12:52:29.689Z,Referral,India,North Ryan,Other,35-44
19925,2025-05-15T12:52:29.689Z,Email,India,East Kenneth,Female,25-34
19938,2026-02-20T12:52:29.689Z,Email,India,Simpsonborough,Female,45+
19941,2025-12-07T12:52:29.689Z,Organic,India,Melanieside,Male,45+
19951,2026-02-18T12:52:29.689Z,Email,India,Raymondshire,Male,25-34
19954,2025-10-27T12:52:29.689Z,Organic,India,East Marie,Male,45+
19961,2025-12-08T12:52:29.689Z,Referral,India,Port John,Other,35-44
19967,2026-02-20T12:52:29.689Z,Referral,India,Christophermouth,Other,18-24
19973,2025-09-07T12:52:29.689Z,Influencer,India,Adamstown,Male,25-34
19980,2025-10-07T12:52:29.689Z,Email,India,Loweburgh,Male,45+
19987,2026-01-29T12:52:29.689Z,Referral,India,Watkinschester,Other,45+
19989,2025-11-07T12:52:29.689Z,Influencer,India,East Donna,Other,18-24
19990,2025-05-23T12:52:29.689Z,Organic,India,Jonesburgh,Male,35-44
19997,2025-03-08T12:52:29.689Z,Influencer,India,New Scottview,Other,18-24
20001,2025-09-20T12:52:29.689Z,Paid Ads,India,Jasmineberg,Male,18-24
20002,2025-06-06T12:52:29.689Z,Organic,India,Barbarashire,Female,18-24
20014,2025-10-03T12:52:29.689Z,Paid Ads,India,East Josephberg,Male,25-34
20026,2025-09-08T12:52:29.689Z,Referral,India,West Alejandra,Other,18-24
20030,2025-03-13T12:52:29.689Z,Influencer,India,North Carrie,Female,18-24
20035,2025-09-03T12:52:29.689Z,Referral,India,South Eric,Other,25-34
20037,2025-03-01T12:52:29.689Z,Organic,India,Pamelamouth,Male,18-24
20040,2025-10-24T12:52:29.689Z,Influencer,India,Jonathanshire,Male,35-44
20041,2025-05-12T12:52:29.689Z,Organic,India,Christineland,Other,18-24
20052,2025-03-29T12:52:29.689Z,Email,India,Port Thomas,Female,45+
20062,2025-04-18T12:52:29.689Z,Paid Ads,India,New Corey,Male,35-44
20068,2025-09-30T12:52:29.689Z,Email,India,North Amber,Female,35-44
20069,2025-07-22T12:52:29.689Z,Referral,India,Lake Arielview,Female,18-24
20090,2025-04-24T12:52:29.689Z,Referral,India,Josephview,Female,45+
20091,2025-12-16T12:52:29.689Z,Email,India,South Caitlinberg,Male,35-44
20102,2026-01-15T12:52:29.689Z,Referral,India,East Nicholas,Male,25-34
20103,2025-06-24T12:52:29.689Z,Organic,India,Phillipville,Male,25-34
20113,2025-03-08T12:52:29.689Z,Referral,India,Lake Carrie,Other,18-24
20116,2025-08-03T12:52:29.689Z,Influencer,India,Brandonfurt,Other,18-24
20124,2025-07-19T12:52:29.689Z,Influencer,India,Lake Hollyfort,Male,18-24
20126,2025-09-20T12:52:29.689Z,Influencer,India,South Johnstad,Other,35-44
20140,2025-03-08T12:52:29.689Z,Paid Ads,India,South Mariaborough,Female,25-34
20148,2025-04-06T12:52:29.689Z,Influencer,India,New Kenneth,Female,18-24
20173,2025-11-24T12:52:29.689Z,Organic,India,Lake John,Male,35-44
20178,2025-05-24T12:52:29.689Z,Influencer,India,Calebburgh,Other,18-24
20185,2025-05-29T12:52:29.689Z,Email,India,Kennedyhaven,Female,45+
20192,2025-10-22T12:52:29.689Z,Influencer,India,South Christopher,Male,18-24
20193,2025-08-03T12:52:29.689Z,Paid Ads,India,Lake Johnny,Female,25-34
20197,2025-08-21T12:52:29.689Z,Influencer,India,New Karenport,Male,45+
20200,2026-02-20T12:52:29.689Z,Referral,India,Barkertown,Female,45+
20203,2025-05-26T12:52:29.689Z,Organic,India,South Jacob,Female,45+
20205,2026-01-13T12:52:29.689Z,Referral,India,East Bryantown,Male,45+
20206,2025-07-07T12:52:29.689Z,Influencer,India,Rodgersville,Other,18-24
20215,2025-04-15T12:52:29.689Z,Email,India,North Jasminemouth,Male,45+
20216,2025-08-29T12:52:29.689Z,Referral,India,Lawrencefurt,Female,18-24
20219,2025-07-03T12:52:29.689Z,Referral,India,East Sarahbury,Other,18-24
20224,2025-04-23T12:52:29.689Z,Paid Ads,India,Baileyberg,Female,18-24
20239,2026-02-06T12:52:29.689Z,Referral,India,Robinsonstad,Male,25-34
20243,2025-09-03T12:52:29.689Z,Influencer,India,Port Troyberg,Other,18-24
20252,2025-05-27T12:52:29.689Z,Influencer,India,Port Bradleyshire,Female,18-24
20261,2025-07-03T12:52:29.689Z,Email,India,Port Stanley,Male,25-34
20279,2025-04-26T12:52:29.689Z,Referral,India,Jamieborough,Female,35-44
20283,2025-11-06T12:52:29.689Z,Referral,India,Ericfort,Female,18-24
20287,2025-12-15T12:52:29.689Z,Paid Ads,India,South Kylebury,Male,25-34
20291,2025-11-22T12:52:29.689Z,Influencer,India,Gomezhaven,Other,45+
20292,2025-08-26T12:52:29.689Z,Influencer,India,South Kimberly,Other,45+
20300,2025-10-12T12:52:29.689Z,Influencer,India,West Georgeview,Other,18-24
20301,2025-10-22T12:52:29.689Z,Referral,India,West David,Female,25-34
20302,2025-04-14T12:52:29.689Z,Email,India,Palmershire,Other,35-44
20310,2025-09-27T12:52:29.689Z,Email,India,Sylviaside,Female,18-24
20312,2025-10-25T12:52:29.689Z,Organic,India,East Mike,Female,25-34
20323,2025-04-21T12:52:29.689Z,Influencer,India,Michelestad,Male,45+
20341,2026-01-20T12:52:29.689Z,Organic,India,Melissaport,Male,45+
20342,2025-07-21T12:52:29.689Z,Influencer,India,Kellyburgh,Other,18-24
20343,2025-06-10T12:52:29.689Z,Organic,India,South Fernando,Other,35-44
20351,2025-11-07T12:52:29.689Z,Influencer,India,Lake Christinatown,Male,35-44
20352,2025-04-07T12:52:29.689Z,Paid Ads,India,East Kirsten,Female,35-44
20368,2025-06-05T12:52:29.689Z,Referral,India,Johnstad,Female,25-34
20370,2025-12-02T12:52:29.689Z,Referral,India,Greenshire,Male,35-44
20384,2025-06-16T12:52:29.689Z,Paid Ads,India,North Brandi,Male,18-24
20395,2025-10-10T12:52:29.689Z,Organic,India,New Saraburgh,Female,45+
20411,2025-10-12T12:52:29.689Z,Paid Ads,India,South Toddstad,Male,18-24
20413,2025-07-07T12:52:29.689Z,Referral,India,Richchester,Other,18-24
20426,2025-07-10T12:52:29.689Z,Paid Ads,India,Jaredberg,Other,45+
20429,2025-11-15T12:52:29.689Z,Email,India,Stephenshaven,Male,18-24
20443,2025-09-07T12:52:29.689Z,Email,India,Hollandside,Other,45+
20458,2025-07-22T12:52:29.689Z,Organic,India,Ellisstad,Male,18-24
20462,2026-01-08T12:52:29.689Z,Paid Ads,India,Michaelland,Female,45+
20465,2025-11-04T12:52:29.689Z,Email,India,New Cameron,Female,35-44
20466,2025-07-09T12:52:29.689Z,Referral,India,Reidmouth,Female,18-24
20468,2025-10-20T12:52:29.689Z,Referral,India,South Waltermouth,Female,45+
20490,2025-08-06T12:52:29.689Z,Email,India,Mosleyfort,Male,18-24
20493,2025-10-28T12:52:29.689Z,Influencer,India,Robinsonmouth,Other,25-34
20499,2025-07-31T12:52:29.689Z,Email,India,Emilyberg,Female,25-34
20506,2025-08-10T12:52:29.689Z,Email,India,Lake Adriantown,Other,25-34
20513,2025-09-12T12:52:29.689Z,Paid Ads,India,Parsonshaven,Male,18-24
20525,2025-08-28T12:52:29.689Z,Email,India,West David,Female,18-24
20528,2025-05-03T12:52:29.689Z,Email,India,East Bobby,Male,25-34
20536,2026-01-28T12:52:29.689Z,Referral,India,Pedroburgh,Male,45+
20538,2025-12-22T12:52:29.689Z,Email,India,Port Tyler,Female,45+
20547,2025-03-23T12:52:29.689Z,Referral,India,Port Bradley,Other,45+
20553,2026-02-10T12:52:29.689Z,Organic,India,Daltonmouth,Male,25-34
20555,2025-12-08T12:52:29.689Z,Email,India,Hudsonchester,Female,25-34
20559,2025-03-16T12:52:29.689Z,Email,India,North Angelastad,Female,45+
20565,2026-01-10T12:52:29.689Z,Referral,India,East Elizabethhaven,Male,45+
20567,2025-06-20T12:52:29.689Z,Influencer,India,South Debra,Male,45+
20569,2025-12-24T12:52:29.689Z,Organic,India,New Joshua,Other,25-34
20578,2025-05-29T12:52:29.689Z,Organic,India,Thomasberg,Other,18-24
20584,2025-10-04T12:52:29.689Z,Organic,India,East Samuelmouth,Other,25-34
20588,2025-11-28T12:52:29.689Z,Email,India,North Emilyton,Male,45+
20589,2025-04-23T12:52:29.689Z,Paid Ads,India,West Jamieside,Other,35-44
20592,2026-01-10T12:52:29.689Z,Referral,India,Harveyton,Other,35-44
20593,2025-12-26T12:52:29.689Z,Organic,India,Paulabury,Female,25-34
20604,2025-04-28T12:52:29.689Z,Influencer,India,North Christina,Female,25-34
20605,2025-08-08T12:52:29.689Z,Email,India,East Christopher,Other,25-34
20611,2025-10-22T12:52:29.689Z,Paid Ads,India,Nathanielside,Female,18-24
20624,2025-09-18T12:52:29.689Z,Email,India,Jonport,Other,25-34
20628,2025-07-23T12:52:29.689Z,Email,India,West Joe,Male,45+
20634,2025-04-01T12:52:29.689Z,Influencer,India,Hayesmouth,Female,25-34
20644,2025-12-16T12:52:29.689Z,Referral,India,Jenniferland,Other,35-44
20651,2025-07-19T12:52:29.689Z,Paid Ads,India,Paulport,Male,45+
20659,2026-02-03T12:52:29.689Z,Organic,India,West Cody,Male,45+
20669,2026-02-09T12:52:29.689Z,Referral,India,East Meganhaven,Male,45+
20673,2025-10-13T12:52:29.689Z,Referral,India,Estradastad,Other,18-24
20677,2025-11-15T12:52:29.689Z,Paid Ads,India,Brianafurt,Male,25-34
20679,2026-02-10T12:52:29.689Z,Email,India,Brandonshire,Other,18-24
20701,2025-10-16T12:52:29.689Z,Email,India,East Elizabethton,Female,18-24
20703,2025-12-26T12:52:29.689Z,Influencer,India,Selenachester,Female,25-34
20713,2025-03-21T12:52:29.689Z,Organic,India,Crystalmouth,Male,45+
20719,2026-01-07T12:52:29.689Z,Paid Ads,India,East Louisport,Other,45+
20729,2025-10-19T12:52:29.689Z,Email,India,Johnsonport,Female,18-24
20734,2025-10-16T12:52:29.689Z,Referral,India,West Craig,Other,45+
20736,2025-04-04T12:52:29.689Z,Email,India,Chenfort,Male,45+
20751,2025-07-01T12:52:29.689Z,Paid Ads,India,Lake Mike,Other,35-44
20754,2025-11-17T12:52:29.689Z,Paid Ads,India,Wardland,Other,35-44
20762,2026-02-24T12:52:29.689Z,Email,India,New Jenniferberg,Male,25-34
20765,2025-10-09T12:52:29.689Z,Influencer,India,Port Daniellestad,Male,18-24
20769,2026-02-28T12:52:29.689Z,Organic,India,Port David,Male,25-34
20772,2025-04-30T12:52:29.689Z,Influencer,India,Melissaland,Other,45+
20775,2025-08-11T12:52:29.689Z,Paid Ads,India,Lisaview,Male,18-24
20792,2025-11-24T12:52:29.689Z,Paid Ads,India,Roybury,Male,18-24
20804,2025-07-24T12:52:29.689Z,Paid Ads,India,Jesseburgh,Male,25-34
20806,2026-01-23T12:52:29.689Z,Paid Ads,India,Loriland,Male,18-24
20811,2025-03-14T12:52:29.689Z,Referral,India,East Elizabethville,Female,45+
20813,2025-05-02T12:52:29.689Z,Organic,India,Erikmouth,Other,35-44
20829,2025-05-09T12:52:29.689Z,Organic,India,South Scott,Female,18-24
20831,2026-01-03T12:52:29.689Z,Referral,India,Port Colleen,Male,45+
20834,2025-06-15T12:52:29.689Z,Referral,India,Murphyville,Female,35-44
20846,2025-07-16T12:52:29.689Z,Referral,India,Port Joelville,Male,45+
20849,2026-02-03T12:52:29.689Z,Email,India,South Jamiefort,Other,25-34
20851,2025-12-28T12:52:29.689Z,Influencer,India,Matthewton,Male,35-44
20867,2025-12-23T12:52:29.689Z,Influencer,India,Rossside,Other,45+
20872,2026-02-02T12:52:29.689Z,Organic,India,North Rachel,Other,35-44
20874,2025-09-06T12:52:29.689Z,Organic,India,South Shannonchester,Male,25-34
20880,2025-09-13T12:52:29.689Z,Paid Ads,India,Johnsonstad,Other,18-24
20881,2025-08-18T12:52:29.689Z,Paid Ads,India,Nicoleland,Male,35-44
20883,2025-04-30T12:52:29.689Z,Paid Ads,India,Wallport,Female,18-24
20895,2025-10-13T12:52:29.689Z,Influencer,India,Port Jackie,Male,35-44
20897,2025-10-06T12:52:29.689Z,Email,India,Lake Daniel,Male,35-44
20900,2025-08-23T12:52:29.689Z,Organic,India,West Traceyhaven,Male,45+
20902,2025-11-14T12:52:29.689Z,Paid Ads,India,Gregorytown,Other,35-44
20919,2025-07-26T12:52:29.689Z,Referral,India,Lake Christopherstad,Male,45+
20922,2026-01-09T12:52:29.689Z,Paid Ads,India,Lake Jordan,Male,45+
20923,2025-10-22T12:52:29.689Z,Referral,India,Abigailside,Female,18-24
20936,2025-05-11T12:52:29.689Z,Email,India,Laurieside,Male,35-44
20943,2025-11-07T12:52:29.689Z,Influencer,India,North Arianaside,Other,35-44
20946,2025-06-04T12:52:29.689Z,Paid Ads,India,North Amy,Other,45+
20948,2025-09-03T12:52:29.689Z,Paid Ads,India,Reyesborough,Female,18-24
20954,2025-07-10T12:52:29.689Z,Referral,India,Lake Nicole,Male,45+
20963,2025-03-27T12:52:29.689Z,Influencer,India,Jermaineburgh,Female,35-44
20965,2025-09-22T12:52:29.689Z,Referral,India,Lake Jamesshire,Other,35-44
20967,2025-06-16T12:52:29.689Z,Referral,India,New Victoriaberg,Female,25-34
20968,2026-02-15T12:52:29.689Z,Influencer,India,Washingtonhaven,Female,35-44
20970,2025-10-24T12:52:29.689Z,Influencer,India,Sarahborough,Female,25-34
20972,2025-10-30T12:52:29.689Z,Organic,India,West Tiffanyview,Male,45+
20974,2025-12-27T12:52:29.689Z,Influencer,India,Brayton,Female,45+
20978,2025-12-29T12:52:29.689Z,Paid Ads,India,North Markborough,Female,25-34
20980,2026-01-13T12:52:29.689Z,Organic,India,Scottshire,Male,18-24
20981,2025-03-11T12:52:29.689Z,Referral,India,Port Barry,Other,18-24
20987,2025-12-04T12:52:29.689Z,Paid Ads,India,Colleenmouth,Other,25-34
20992,2026-02-11T12:52:29.689Z,Email,India,Amandaton,Female,18-24
21004,2025-07-12T12:52:29.689Z,Referral,India,Kyleshire,Male,45+
21010,2026-02-06T12:52:29.689Z,Paid Ads,India,Joneschester,Female,25-34
21017,2025-03-26T12:52:29.689Z,Paid Ads,India,Davismouth,Male,25-34
21019,2025-07-18T12:52:29.689Z,Email,India,South Victor,Male,18-24
21030,2025-03-17T12:52:29.689Z,Paid Ads,India,Harperfurt,Female,25-34
21037,2025-07-24T12:52:29.689Z,Referral,India,Kimberlyborough,Female,45+
21054,2026-01-17T12:52:29.689Z,Organic,India,North Daniel,Male,18-24
21055,2025-12-18T12:52:29.689Z,Influencer,India,Kellymouth,Other,18-24
21057,2025-05-06T12:52:29.689Z,Email,India,Jenniferborough,Male,45+
21091,2025-09-10T12:52:29.689Z,Influencer,India,Robersontown,Other,35-44
21100,2025-09-10T12:52:29.689Z,Organic,India,New Edward,Other,45+
21103,2025-03-27T12:52:29.689Z,Organic,India,Dianaland,Female,45+
21112,2025-03-15T12:52:29.689Z,Paid Ads,India,New Caseyburgh,Female,18-24
21113,2025-06-09T12:52:29.689Z,Organic,India,West Margaretfort,Other,35-44
21118,2025-08-08T12:52:29.689Z,Email,India,Nancychester,Other,35-44
21119,2026-01-20T12:52:29.689Z,Influencer,India,Morrisonport,Female,18-24
21128,2025-04-24T12:52:29.689Z,Email,India,Angelaton,Male,35-44
21135,2025-10-31T12:52:29.689Z,Paid Ads,India,North Valeriehaven,Other,25-34
21142,2026-02-27T12:52:29.689Z,Paid Ads,India,East Rayburgh,Other,35-44
21143,2025-06-28T12:52:29.689Z,Referral,India,Kimberlytown,Female,35-44
21150,2026-01-10T12:52:29.689Z,Email,India,East Anita,Male,18-24
21174,2026-01-06T12:52:29.689Z,Referral,India,Juliafort,Male,35-44
21178,2025-06-20T12:52:29.689Z,Organic,India,South Denise,Male,45+
21182,2026-02-28T12:52:29.689Z,Organic,India,Melissaside,Female,35-44
21192,2025-10-18T12:52:29.689Z,Influencer,India,West Tammyborough,Female,45+
21201,2025-12-14T12:52:29.689Z,Influencer,India,Cynthiashire,Other,45+
21203,2025-03-02T12:52:29.689Z,Paid Ads,India,Priceside,Other,25-34
21218,2025-09-23T12:52:29.689Z,Influencer,India,Peterberg,Male,45+
21224,2025-07-02T12:52:29.689Z,Paid Ads,India,Sanchezfort,Other,45+
21227,2025-11-14T12:52:29.689Z,Referral,India,Michelleland,Other,35-44
21239,2025-08-17T12:52:29.689Z,Organic,India,Port Crystaltown,Other,45+
21240,2026-01-02T12:52:29.689Z,Email,India,North Jeremy,Male,35-44
21241,2025-07-13T12:52:29.689Z,Referral,India,Brucehaven,Male,18-24
21257,2025-11-14T12:52:29.689Z,Organic,India,Mejiafurt,Female,35-44
21260,2025-07-26T12:52:29.689Z,Paid Ads,India,New Fredborough,Male,18-24
21263,2025-10-08T12:52:29.689Z,Influencer,India,Port Carriechester,Male,18-24
21268,2025-10-20T12:52:29.689Z,Organic,India,South Ericland,Female,35-44
21288,2025-08-31T12:52:29.689Z,Referral,India,New Aaron,Male,25-34
21291,2025-09-18T12:52:29.689Z,Influencer,India,North Mark,Female,35-44
21293,2026-01-06T12:52:29.689Z,Email,India,Port Joshua,Female,18-24
21294,2026-01-20T12:52:29.689Z,Email,India,Andrewbury,Male,18-24
21307,2025-09-11T12:52:29.689Z,Organic,India,Townsendshire,Other,18-24
21311,2025-12-18T12:52:29.689Z,Paid Ads,India,Shannonview,Male,25-34
21326,2025-05-22T12:52:29.689Z,Paid Ads,India,Christopherview,Male,25-34
21335,2025-12-26T12:52:29.689Z,Email,India,Lewisville,Female,18-24
21337,2026-02-08T12:52:29.689Z,Paid Ads,India,Hunterfurt,Female,35-44
21338,2025-04-08T12:52:29.689Z,Paid Ads,India,Jennifermouth,Female,18-24
21340,2025-05-04T12:52:29.689Z,Paid Ads,India,Jacksonhaven,Female,25-34
21341,2025-04-08T12:52:29.689Z,Referral,India,Brownchester,Female,35-44
21347,2025-03-04T12:52:29.689Z,Influencer,India,Connorview,Other,25-34
21374,2025-12-23T12:52:29.689Z,Organic,India,Port Vincent,Other,18-24
21378,2025-12-15T12:52:29.689Z,Organic,India,Kellyshire,Female,25-34
21393,2025-05-10T12:52:29.689Z,Paid Ads,India,Robertbury,Male,35-44
21395,2026-01-15T12:52:29.689Z,Organic,India,West Virginia,Female,25-34
21406,2025-09-22T12:52:29.689Z,Email,India,South Ashleychester,Female,25-34
21408,2025-03-01T12:52:29.689Z,Organic,India,Grantstad,Other,35-44
21416,2025-11-24T12:52:29.689Z,Organic,India,Lake Angel,Other,45+
21417,2025-11-12T12:52:29.689Z,Email,India,East Jasonfurt,Female,35-44
21434,2025-07-14T12:52:29.689Z,Organic,India,Webbchester,Other,25-34
21445,2025-12-26T12:52:29.689Z,Paid Ads,India,New Samuel,Male,25-34
21451,2025-03-16T12:52:29.689Z,Referral,India,South Danielside,Male,45+
21452,2025-12-11T12:52:29.689Z,Influencer,India,Tylertown,Other,25-34
21458,2026-02-07T12:52:29.689Z,Email,India,Amandachester,Other,45+
21471,2025-11-21T12:52:29.689Z,Referral,India,Allenport,Male,18-24
21473,2025-05-27T12:52:29.689Z,Influencer,India,Woodsstad,Female,25-34
21475,2025-08-08T12:52:29.689Z,Paid Ads,India,New Brian,Female,45+
21506,2025-05-11T12:52:29.689Z,Influencer,India,Johntown,Other,18-24
21507,2025-05-29T12:52:29.689Z,Email,India,Staceyport,Other,45+
21515,2025-06-15T12:52:29.689Z,Email,India,West Jack,Male,45+
21523,2026-01-13T12:52:29.689Z,Paid Ads,India,Grossborough,Male,18-24
21536,2025-07-05T12:52:29.689Z,Organic,India,Oliverton,Male,35-44
21546,2025-06-07T12:52:29.689Z,Influencer,India,Lake Oscarport,Female,18-24
21560,2025-05-31T12:52:29.689Z,Paid Ads,India,Port Kennethburgh,Female,45+
21562,2025-08-13T12:52:29.689Z,Organic,India,Wilsonside,Male,25-34
21566,2025-06-22T12:52:29.689Z,Organic,India,West Anthonyfort,Male,18-24
21571,2025-10-10T12:52:29.689Z,Email,India,Jacksonhaven,Other,25-34
21573,2025-03-15T12:52:29.689Z,Organic,India,Port Jacobburgh,Female,35-44
21576,2025-10-13T12:52:29.689Z,Organic,India,Port Gabriellebury,Other,18-24
21581,2025-08-16T12:52:29.689Z,Influencer,India,New Briannaside,Female,45+
21582,2026-01-27T12:52:29.689Z,Paid Ads,India,Johnhaven,Other,35-44
21599,2025-08-13T12:52:29.689Z,Referral,India,South Nicoletown,Male,18-24
21607,2026-01-25T12:52:29.689Z,Referral,India,Donnaview,Female,35-44
21614,2025-08-25T12:52:29.689Z,Organic,India,Curtisbury,Male,35-44
21623,2026-02-07T12:52:29.689Z,Referral,India,Schneiderfurt,Other,18-24
21630,2025-12-14T12:52:29.689Z,Organic,India,Oliverhaven,Other,45+
21636,2025-12-19T12:52:29.689Z,Influencer,India,East Steven,Female,35-44
21641,2025-05-03T12:52:29.689Z,Paid Ads,India,Johnmouth,Other,35-44
21651,2025-06-06T12:52:29.689Z,Organic,India,Port Alishaview,Female,35-44
21653,2025-12-04T12:52:29.689Z,Influencer,India,Michaelland,Male,35-44
21655,2026-01-07T12:52:29.689Z,Organic,India,Rebeccaport,Male,35-44
21656,2025-07-12T12:52:29.689Z,Organic,India,North Chad,Female,45+
21661,2026-01-10T12:52:29.689Z,Paid Ads,India,North Brendaton,Female,18-24
21665,2025-07-21T12:52:29.689Z,Influencer,India,Port Peterfort,Female,25-34
21667,2025-06-06T12:52:29.689Z,Paid Ads,India,Lake Sally,Female,18-24
21671,2026-01-20T12:52:29.689Z,Email,India,Atkinsonburgh,Male,35-44
21682,2025-06-13T12:52:29.689Z,Referral,India,South Donaldberg,Female,25-34
21704,2025-04-12T12:52:29.689Z,Paid Ads,India,West Aaronland,Female,18-24
21712,2025-11-14T12:52:29.689Z,Referral,India,West Aliciafort,Other,45+
21713,2025-07-14T12:52:29.689Z,Referral,India,West Christyhaven,Male,25-34
21717,2025-12-09T12:52:29.689Z,Email,India,Campbellland,Male,18-24
21719,2026-02-02T12:52:29.689Z,Referral,India,West Annette,Male,35-44
21721,2025-12-16T12:52:29.689Z,Referral,India,Davidview,Other,35-44
21722,2025-09-23T12:52:29.689Z,Referral,India,Port Christophermouth,Male,45+
21724,2025-12-29T12:52:29.689Z,Influencer,India,Lake Katherinestad,Other,35-44
21745,2025-08-03T12:52:29.689Z,Paid Ads,India,Tiffanymouth,Male,18-24
21746,2025-06-26T12:52:29.689Z,Paid Ads,India,Port Christopher,Female,18-24
21748,2025-03-06T12:52:29.689Z,Influencer,India,Brittanymouth,Female,45+
21753,2026-02-05T12:52:29.689Z,Referral,India,Castilloport,Male,25-34
21755,2025-08-10T12:52:29.689Z,Influencer,India,Jeffreyburgh,Female,35-44
21760,2025-04-04T12:52:29.689Z,Email,India,East Tracyton,Other,25-34
21767,2025-07-01T12:52:29.689Z,Influencer,India,Bushchester,Female,35-44
21791,2025-11-14T12:52:29.689Z,Organic,India,East Leah,Female,25-34
21799,2025-08-12T12:52:29.689Z,Influencer,India,Port Brianshire,Other,35-44
21801,2026-01-24T12:52:29.689Z,Referral,India,Richardsonville,Other,18-24
21804,2025-11-29T12:52:29.689Z,Email,India,North Lauraborough,Female,25-34
21805,2025-12-30T12:52:29.689Z,Paid Ads,India,Nataliehaven,Other,25-34
21806,2025-12-15T12:52:29.689Z,Organic,India,Brandthaven,Male,18-24
21811,2026-02-25T12:52:29.689Z,Referral,India,Owensmouth,Other,35-44
21814,2025-12-05T12:52:29.689Z,Paid Ads,India,Lake Williamland,Male,45+
21819,2025-07-26T12:52:29.689Z,Organic,India,Lake Nicholas,Male,35-44
21820,2025-03-28T12:52:29.689Z,Influencer,India,Williamsstad,Female,45+
21823,2026-02-10T12:52:29.689Z,Organic,India,Johnsmouth,Female,45+
21834,2025-06-13T12:52:29.689Z,Email,India,Zacharystad,Female,35-44
21846,2025-04-17T12:52:29.689Z,Influencer,India,Port Robertburgh,Other,18-24
21849,2026-02-27T12:52:29.689Z,Paid Ads,India,Lake Jermaine,Female,18-24
21852,2025-10-26T12:52:29.689Z,Paid Ads,India,New Alexanderville,Female,25-34
21859,2025-07-01T12:52:29.689Z,Organic,India,South Amyland,Male,45+
21873,2025-05-28T12:52:29.689Z,Paid Ads,India,North Michaelland,Other,45+
21874,2025-12-30T12:52:29.689Z,Paid Ads,India,Dominiqueburgh,Other,25-34
21878,2025-08-14T12:52:29.689Z,Organic,India,Stephenmouth,Female,35-44
21881,2025-05-15T12:52:29.689Z,Referral,India,Turnerbury,Male,45+
21887,2026-02-19T12:52:29.689Z,Influencer,India,Steinmouth,Other,35-44
21890,2025-12-13T12:52:29.689Z,Organic,India,East Jennifermouth,Other,25-34
21897,2025-06-02T12:52:29.689Z,Referral,India,Ayalaville,Female,18-24
21898,2025-07-08T12:52:29.689Z,Paid Ads,India,West Marie,Male,18-24
21900,2025-09-12T12:52:29.689Z,Influencer,India,Shawburgh,Other,25-34
21907,2025-05-21T12:52:29.689Z,Paid Ads,India,New Kayla,Male,25-34
21909,2025-07-24T12:52:29.689Z,Email,India,West Triciaborough,Female,45+
21913,2025-07-31T12:52:29.689Z,Organic,India,North Joshuaview,Other,35-44
21916,2026-02-01T12:52:29.689Z,Paid Ads,India,Dianaside,Male,45+
21917,2025-11-26T12:52:29.689Z,Email,India,Stewartfort,Other,18-24
21919,2026-01-28T12:52:29.689Z,Email,India,Nicholsborough,Other,25-34
21930,2025-08-31T12:52:29.689Z,Influencer,India,Brandistad,Female,18-24
21932,2025-05-18T12:52:29.689Z,Influencer,India,Davisside,Other,45+
21933,2025-07-25T12:52:29.689Z,Organic,India,New Wendy,Male,35-44
21944,2025-09-09T12:52:29.689Z,Influencer,India,Reedmouth,Other,18-24
21946,2025-03-30T12:52:29.689Z,Influencer,India,Lake Jesse,Male,18-24
21950,2025-08-21T12:52:29.689Z,Organic,India,Richardport,Female,18-24
21958,2025-03-13T12:52:29.689Z,Paid Ads,India,New Mark,Male,45+
21964,2025-06-06T12:52:29.689Z,Organic,India,Russellton,Female,18-24
21965,2025-04-03T12:52:29.689Z,Referral,India,Carolfurt,Male,18-24
21969,2025-11-03T12:52:29.689Z,Organic,India,Kempbury,Other,45+
21978,2025-04-25T12:52:29.689Z,Email,India,Greenebury,Other,35-44
21979,2025-05-27T12:52:29.689Z,Influencer,India,New Joe,Other,25-34
21980,2025-09-26T12:52:29.689Z,Paid Ads,India,Vargashaven,Male,18-24
21981,2025-07-08T12:52:29.689Z,Organic,India,Sharonville,Female,25-34
21984,2025-06-22T12:52:29.689Z,Influencer,India,Leslieshire,Female,45+
21995,2025-10-26T12:52:29.689Z,Email,India,Port Robertburgh,Female,25-34
21998,2026-02-03T12:52:29.689Z,Paid Ads,India,Deborahfurt,Female,25-34
22014,2025-11-25T12:52:29.689Z,Paid Ads,India,Bentonfort,Other,35-44
22016,2025-07-02T12:52:29.689Z,Organic,India,West Adam,Female,45+
22019,2025-08-04T12:52:29.689Z,Influencer,India,Port Sarahton,Male,45+
22021,2025-09-26T12:52:29.689Z,Organic,India,Michaelhaven,Female,25-34
22024,2025-06-10T12:52:29.689Z,Influencer,India,Port Kristinachester,Male,25-34
22039,2025-06-07T12:52:29.689Z,Influencer,India,Cynthiafort,Male,45+
22043,2025-09-20T12:52:29.689Z,Referral,India,South Patriciafort,Male,45+
22047,2025-12-31T12:52:29.689Z,Referral,India,Chavezville,Female,35-44
22064,2025-06-30T12:52:29.689Z,Email,India,Stacyside,Female,25-34
22065,2025-06-24T12:52:29.689Z,Email,India,Port Johnton,Other,18-24
22069,2026-01-05T12:52:29.689Z,Referral,India,East Michaelport,Other,18-24
22072,2026-02-03T12:52:29.689Z,Organic,India,South Janiceland,Female,25-34
22075,2026-02-14T12:52:29.689Z,Referral,India,West Jennifer,Male,25-34
22079,2025-10-19T12:52:29.689Z,Influencer,India,New Erik,Male,45+
22081,2025-11-12T12:52:29.689Z,Organic,India,New Michealchester,Other,18-24
22084,2025-04-24T12:52:29.689Z,Paid Ads,India,Brendaview,Other,25-34
22086,2025-10-03T12:52:29.689Z,Organic,India,Stevensborough,Male,25-34
22103,2026-01-17T12:52:29.689Z,Referral,India,Jasmineville,Male,35-44
22112,2025-09-09T12:52:29.689Z,Referral,India,Nathanchester,Male,25-34
22115,2025-10-16T12:52:29.689Z,Organic,India,Campbellland,Other,45+
22136,2025-10-24T12:52:29.689Z,Influencer,India,East Melissafort,Other,25-34
22138,2025-05-15T12:52:29.689Z,Email,India,West Joseph,Male,18-24
22145,2025-09-04T12:52:29.689Z,Organic,India,South Jeremyfort,Other,35-44
22149,2025-10-10T12:52:29.689Z,Email,India,New Janice,Male,35-44
22153,2025-09-13T12:52:29.689Z,Influencer,India,Lake Jonathanville,Male,25-34
22154,2025-10-07T12:52:29.689Z,Organic,India,New Robert,Male,18-24
22156,2026-01-21T12:52:29.689Z,Email,India,Port Darrell,Female,45+
22161,2025-11-06T12:52:29.689Z,Influencer,India,North Karen,Female,25-34
22170,2025-07-02T12:52:29.689Z,Organic,India,North Matthew,Male,18-24
22183,2025-09-20T12:52:29.689Z,Influencer,India,Tiffanybury,Other,18-24
22188,2025-07-29T12:52:29.689Z,Paid Ads,India,New Jill,Other,25-34
22194,2025-08-16T12:52:29.689Z,Organic,India,Davidton,Other,45+
22204,2025-09-15T12:52:29.689Z,Influencer,India,South Justinshire,Male,25-34
22207,2025-09-21T12:52:29.689Z,Influencer,India,New Joseton,Female,25-34
22208,2025-09-14T12:52:29.689Z,Paid Ads,India,Martinezshire,Male,45+
22218,2025-07-22T12:52:29.689Z,Email,India,Anthonyton,Female,18-24
22221,2025-05-25T12:52:29.689Z,Influencer,India,East Philip,Female,45+
22230,2025-05-24T12:52:29.689Z,Referral,India,Mcdonaldfurt,Male,18-24
22242,2025-07-04T12:52:29.689Z,Organic,India,Burnsview,Male,25-34
22244,2026-01-15T12:52:29.689Z,Referral,India,South Lauren,Male,35-44
22246,2026-01-09T12:52:29.689Z,Organic,India,Garciafurt,Other,45+
22249,2025-10-31T12:52:29.689Z,Organic,India,Branchside,Other,35-44
22252,2025-11-17T12:52:29.689Z,Referral,India,Aliciabury,Female,45+
22259,2025-08-15T12:52:29.689Z,Email,India,Patelfort,Other,35-44
22282,2025-03-22T12:52:29.689Z,Influencer,India,New Adam,Male,18-24
22283,2025-12-04T12:52:29.689Z,Referral,India,Perryberg,Male,25-34
22290,2025-09-09T12:52:29.689Z,Referral,India,Peterstad,Other,45+
22292,2025-05-16T12:52:29.689Z,Paid Ads,India,Lake Christinafort,Other,45+
22299,2025-12-16T12:52:29.689Z,Organic,India,Hernandezside,Male,18-24
22301,2026-02-10T12:52:29.689Z,Paid Ads,India,New Meganview,Male,18-24
22307,2025-12-05T12:52:29.689Z,Paid Ads,India,Jenniferstad,Other,25-34
22314,2025-10-01T12:52:29.689Z,Email,India,Lake Karen,Female,18-24
22322,2025-05-28T12:52:29.689Z,Organic,India,Amandamouth,Female,45+
22324,2025-05-12T12:52:29.689Z,Referral,India,Port Gabriellestad,Male,35-44
22334,2025-09-19T12:52:29.689Z,Referral,India,Triciaborough,Female,45+
22343,2026-02-15T12:52:29.689Z,Organic,India,Freyfort,Male,25-34
22345,2025-05-01T12:52:29.689Z,Influencer,India,Port Jeffrey,Male,18-24
22348,2025-12-18T12:52:29.689Z,Paid Ads,India,Boothtown,Other,18-24
22355,2026-02-09T12:52:29.689Z,Paid Ads,India,Lake Anthony,Other,45+
22356,2026-01-24T12:52:29.689Z,Referral,India,North Donald,Male,45+
22371,2025-05-03T12:52:29.689Z,Referral,India,Adamhaven,Female,18-24
22378,2025-07-12T12:52:29.689Z,Influencer,India,Lake Cassandra,Other,25-34
22387,2025-12-12T12:52:29.689Z,Referral,India,North Hannah,Male,18-24
22389,2025-07-23T12:52:29.689Z,Influencer,India,Vazquezfurt,Other,45+
22400,2026-01-13T12:52:29.689Z,Organic,India,Simmonsside,Female,25-34
22414,2025-06-06T12:52:29.689Z,Email,India,Chrisfurt,Female,18-24
22422,2025-04-08T12:52:29.689Z,Referral,India,Wardton,Other,45+
22433,2025-08-15T12:52:29.689Z,Referral,India,South George,Other,45+
22435,2025-08-09T12:52:29.689Z,Organic,India,Laurenfurt,Female,45+
22443,2025-09-16T12:52:29.689Z,Email,India,Richardland,Other,35-44
22451,2025-10-08T12:52:29.689Z,Referral,India,New Debbie,Male,35-44
22453,2026-02-13T12:52:29.689Z,Email,India,Port Carrie,Male,45+
22455,2025-09-13T12:52:29.689Z,Influencer,India,East Michael,Other,45+
22465,2025-11-10T12:52:29.689Z,Influencer,India,Port John,Other,25-34
22473,2025-09-21T12:52:29.689Z,Influencer,India,Bobbytown,Other,25-34
22487,2025-08-28T12:52:29.689Z,Paid Ads,India,Brownburgh,Female,18-24
22488,2025-04-08T12:52:29.689Z,Organic,India,Kristinburgh,Female,45+
22492,2025-03-05T12:52:29.689Z,Referral,India,New Lindaside,Other,45+
22500,2025-10-13T12:52:29.689Z,Organic,India,Spencerhaven,Male,35-44
22508,2025-09-05T12:52:29.689Z,Email,India,Dodsonmouth,Male,45+
22510,2025-06-12T12:52:29.689Z,Email,India,Fieldsberg,Male,35-44
22519,2025-04-15T12:52:29.689Z,Influencer,India,Wigginsshire,Female,18-24
22523,2025-06-11T12:52:29.689Z,Organic,India,Jerryview,Other,25-34
22532,2025-12-27T12:52:29.689Z,Influencer,India,Port Carolynberg,Other,45+
22537,2025-03-14T12:52:29.689Z,Organic,India,Grahamstad,Male,18-24
22539,2025-04-25T12:52:29.689Z,Email,India,East Wandashire,Other,25-34
22553,2025-03-26T12:52:29.689Z,Influencer,India,Port Stephenfurt,Male,25-34
22557,2025-03-13T12:52:29.689Z,Paid Ads,India,Kimmouth,Male,35-44
22559,2025-06-17T12:52:29.689Z,Email,India,West Michael,Female,45+
22576,2026-01-09T12:52:29.689Z,Influencer,India,East Abigail,Male,45+
22583,2025-03-15T12:52:29.689Z,Influencer,India,Abbottburgh,Male,18-24
22606,2025-07-28T12:52:29.689Z,Paid Ads,India,North Virginiahaven,Male,25-34
22617,2025-04-13T12:52:29.689Z,Influencer,India,West John,Other,45+
22620,2025-07-24T12:52:29.689Z,Email,India,Millerborough,Female,35-44
22625,2025-04-01T12:52:29.689Z,Referral,India,Collinsfurt,Male,18-24
22636,2025-05-05T12:52:29.689Z,Influencer,India,Lake Charlesville,Female,35-44
22652,2025-05-30T12:52:29.689Z,Email,India,South Teresa,Male,25-34
22660,2025-12-30T12:52:29.689Z,Email,India,South Michaelborough,Male,35-44
22672,2025-08-14T12:52:29.689Z,Referral,India,Angelafort,Male,25-34
22675,2025-06-28T12:52:29.689Z,Paid Ads,India,East James,Other,18-24
22680,2025-05-16T12:52:29.689Z,Influencer,India,Ryantown,Other,18-24
22682,2025-09-27T12:52:29.689Z,Influencer,India,South Marioview,Male,35-44
22692,2025-11-23T12:52:29.689Z,Influencer,India,Danielmouth,Other,25-34
22701,2025-05-28T12:52:29.689Z,Paid Ads,India,Cynthiatown,Other,25-34
22712,2025-06-07T12:52:29.689Z,Paid Ads,India,Patrickland,Other,45+
22714,2025-11-24T12:52:29.689Z,Email,India,Wilsonmouth,Male,25-34
22718,2026-02-01T12:52:29.689Z,Referral,India,Cameronport,Female,45+
22721,2026-01-30T12:52:29.689Z,Email,India,Youngton,Other,45+
22727,2025-11-11T12:52:29.689Z,Organic,India,Samanthahaven,Other,25-34
22728,2025-06-21T12:52:29.689Z,Influencer,India,South Sarahmouth,Male,18-24
22738,2025-05-28T12:52:29.689Z,Referral,India,Perkinsmouth,Male,18-24
22740,2025-06-21T12:52:29.689Z,Referral,India,West Sandra,Other,25-34
22741,2025-08-13T12:52:29.689Z,Influencer,India,East Patrickville,Other,45+
22742,2025-07-26T12:52:29.689Z,Organic,India,Marthastad,Other,35-44
22751,2025-07-10T12:52:29.689Z,Paid Ads,India,New Anthonyburgh,Female,18-24
22762,2026-01-09T12:52:29.689Z,Influencer,India,New Brandi,Male,35-44
22766,2026-02-15T12:52:29.689Z,Organic,India,Owensburgh,Other,45+
22775,2025-09-12T12:52:29.689Z,Organic,India,Port Anna,Other,18-24
22808,2025-11-01T12:52:29.689Z,Paid Ads,India,West Jamieview,Male,18-24
22812,2025-04-30T12:52:29.689Z,Email,India,North Alan,Other,35-44
22815,2025-12-21T12:52:29.689Z,Referral,India,Mathisfurt,Male,18-24
22816,2025-03-02T12:52:29.689Z,Referral,India,Lake Angela,Male,18-24
22817,2025-09-08T12:52:29.689Z,Paid Ads,India,Port Jesse,Other,45+
22820,2025-06-24T12:52:29.689Z,Organic,India,Kimberlyville,Other,45+
22827,2025-03-18T12:52:29.689Z,Influencer,India,East Lauren,Female,45+
22828,2025-08-09T12:52:29.689Z,Organic,India,Kimshire,Male,25-34
22838,2025-09-28T12:52:29.689Z,Referral,India,Hallfort,Female,25-34
22844,2025-10-22T12:52:29.689Z,Referral,India,West Matthewport,Female,25-34
22855,2025-09-18T12:52:29.689Z,Influencer,India,New Jessica,Male,35-44
22856,2025-10-10T12:52:29.689Z,Influencer,India,Robinsonton,Male,25-34
22859,2025-06-02T12:52:29.689Z,Paid Ads,India,Stephenside,Male,18-24
22861,2026-02-01T12:52:29.689Z,Email,India,West Ronaldmouth,Male,35-44
22872,2025-09-28T12:52:29.689Z,Influencer,India,Josephview,Other,25-34
22876,2025-07-12T12:52:29.689Z,Email,India,New Alexanderhaven,Other,25-34
22882,2025-12-08T12:52:29.689Z,Organic,India,Stevenchester,Male,35-44
22891,2025-08-19T12:52:29.689Z,Influencer,India,Jennifermouth,Female,18-24
22892,2025-08-23T12:52:29.689Z,Referral,India,South Teresa,Female,18-24
22898,2025-09-20T12:52:29.689Z,Organic,India,Ingrammouth,Other,25-34
22906,2025-04-02T12:52:29.689Z,Referral,India,East Shawnland,Other,35-44
22909,2025-11-13T12:52:29.689Z,Referral,India,Port Dana,Male,35-44
22911,2025-10-04T12:52:29.689Z,Influencer,India,Pachecoberg,Other,35-44
22913,2025-09-13T12:52:29.689Z,Referral,India,Port Ericahaven,Female,18-24
22917,2025-09-19T12:52:29.689Z,Organic,India,Juanberg,Female,35-44
22922,2026-01-31T12:52:29.689Z,Referral,India,Brennanport,Male,35-44
22923,2025-07-06T12:52:29.689Z,Organic,India,Theresatown,Female,18-24
22925,2026-02-10T12:52:29.689Z,Influencer,India,Tinaborough,Other,25-34
22931,2026-01-04T12:52:29.689Z,Influencer,India,North Jasonborough,Other,25-34
22935,2026-01-24T12:52:29.689Z,Referral,India,Lake Kathryn,Male,25-34
22943,2025-09-11T12:52:29.689Z,Email,India,North Jamie,Female,25-34
22951,2025-03-18T12:52:29.689Z,Organic,India,Lake Mollymouth,Other,18-24
22952,2025-05-03T12:52:29.689Z,Referral,India,South David,Male,25-34
22975,2025-04-01T12:52:29.689Z,Influencer,India,Port Philip,Female,45+
22978,2025-08-08T12:52:29.689Z,Organic,India,New Kristinmouth,Male,35-44
22981,2026-01-20T12:52:29.689Z,Influencer,India,West Craig,Female,25-34
22996,2025-09-26T12:52:29.689Z,Email,India,North Roberto,Other,45+
23006,2025-07-26T12:52:29.689Z,Paid Ads,India,Lauraside,Female,25-34
23027,2025-11-12T12:52:29.689Z,Referral,India,Rodgerschester,Other,18-24
23029,2025-07-02T12:52:29.689Z,Referral,India,Haroldtown,Other,18-24
23032,2025-08-03T12:52:29.689Z,Email,India,Jillstad,Other,18-24
23049,2025-03-27T12:52:29.689Z,Referral,India,Amandaside,Male,18-24
23055,2025-12-02T12:52:29.689Z,Influencer,India,Andrewview,Female,45+
23060,2025-04-03T12:52:29.689Z,Influencer,India,Perkinsport,Other,45+
23066,2025-05-18T12:52:29.689Z,Influencer,India,New Jennifer,Other,18-24
23070,2025-08-29T12:52:29.689Z,Referral,India,Matthewburgh,Female,18-24
23072,2025-04-10T12:52:29.689Z,Organic,India,Hansenbury,Other,25-34
23074,2026-01-26T12:52:29.689Z,Paid Ads,India,North Calvin,Male,18-24
23075,2025-03-13T12:52:29.689Z,Organic,India,Port David,Female,25-34
23088,2025-09-07T12:52:29.689Z,Referral,India,South Brian,Female,18-24
23094,2025-06-11T12:52:29.689Z,Paid Ads,India,East Garrett,Other,35-44
23095,2025-03-05T12:52:29.689Z,Influencer,India,Travisburgh,Female,35-44
23097,2025-09-21T12:52:29.689Z,Email,India,Adkinschester,Other,18-24
23098,2025-05-10T12:52:29.689Z,Organic,India,Chadton,Other,18-24
23099,2025-09-24T12:52:29.689Z,Organic,India,Jenkinston,Female,18-24
23100,2025-03-03T12:52:29.689Z,Email,India,New Jonathan,Male,45+
23101,2025-08-31T12:52:29.689Z,Influencer,India,Stevenschester,Female,18-24
23102,2026-02-18T12:52:29.689Z,Referral,India,Port Tamimouth,Other,35-44
23105,2025-05-03T12:52:29.689Z,Influencer,India,Luceroland,Male,18-24
23113,2025-10-12T12:52:29.689Z,Influencer,India,Lake Taylorville,Female,18-24
23116,2025-03-22T12:52:29.689Z,Email,India,East Tannerbury,Female,45+
23119,2025-03-19T12:52:29.689Z,Influencer,India,Michaelborough,Female,35-44
23121,2025-06-29T12:52:29.689Z,Referral,India,Samanthaside,Female,45+
23125,2026-01-23T12:52:29.689Z,Paid Ads,India,Stokesstad,Female,18-24
23129,2025-04-16T12:52:29.689Z,Email,India,Jessicamouth,Other,35-44
23148,2025-08-08T12:52:29.689Z,Referral,India,Michelleville,Female,25-34
23154,2025-11-10T12:52:29.689Z,Email,India,West Jamesberg,Male,25-34
23159,2025-05-30T12:52:29.689Z,Paid Ads,India,Cookburgh,Male,25-34
23160,2026-01-01T12:52:29.689Z,Organic,India,Port Carrie,Other,25-34
23163,2025-09-25T12:52:29.689Z,Email,India,West Adam,Female,35-44
23178,2025-05-20T12:52:29.689Z,Influencer,India,South Sonya,Other,35-44
23179,2025-05-30T12:52:29.689Z,Influencer,India,North Jamesberg,Male,35-44
23181,2025-03-27T12:52:29.689Z,Influencer,India,Lake Melissa,Female,35-44
23182,2025-05-30T12:52:29.689Z,Influencer,India,Kingmouth,Other,18-24
23196,2025-11-02T12:52:29.689Z,Referral,India,Kingmouth,Male,25-34
23197,2026-01-15T12:52:29.689Z,Organic,India,Port James,Other,25-34
23198,2025-12-29T12:52:29.689Z,Email,India,Gregoryview,Male,35-44
23219,2025-08-19T12:52:29.689Z,Paid Ads,India,Taylorton,Other,45+
23221,2026-01-01T12:52:29.689Z,Influencer,India,North Christinafort,Other,35-44
23227,2025-08-10T12:52:29.689Z,Organic,India,New Gregoryton,Male,25-34
23229,2025-05-03T12:52:29.689Z,Referral,India,Sarahmouth,Female,18-24
23253,2025-12-30T12:52:29.689Z,Referral,India,Cherylchester,Female,35-44
23260,2025-10-21T12:52:29.689Z,Email,India,Port Matthewhaven,Other,45+
23263,2025-12-08T12:52:29.689Z,Influencer,India,Port Michelle,Other,45+
23264,2025-04-13T12:52:29.689Z,Paid Ads,India,Drewburgh,Other,35-44
23265,2025-10-02T12:52:29.689Z,Paid Ads,India,Port Mary,Male,18-24
23268,2025-12-26T12:52:29.689Z,Paid Ads,India,New Angel,Male,35-44
23271,2025-05-16T12:52:29.689Z,Influencer,India,Courtneymouth,Female,25-34
23274,2025-11-18T12:52:29.689Z,Paid Ads,India,Raymondborough,Female,25-34
23279,2025-03-31T12:52:29.689Z,Referral,India,Kellybury,Other,25-34
23285,2025-09-09T12:52:29.689Z,Referral,India,New Paul,Female,35-44
23286,2025-07-26T12:52:29.689Z,Email,India,South Mark,Male,35-44
23292,2025-06-04T12:52:29.689Z,Influencer,India,Brandonview,Other,18-24
23293,2025-11-11T12:52:29.689Z,Influencer,India,Port Meganmouth,Male,25-34
23304,2025-07-13T12:52:29.689Z,Paid Ads,India,Caseybury,Female,35-44
23315,2025-08-19T12:52:29.689Z,Organic,India,Port Patrickburgh,Female,35-44
23323,2025-04-24T12:52:29.689Z,Email,India,Sarahchester,Female,45+
23327,2025-05-22T12:52:29.689Z,Organic,India,Port Stacyhaven,Male,45+
23329,2025-10-06T12:52:29.689Z,Organic,India,East Kellyport,Other,25-34
23330,2026-01-21T12:52:29.689Z,Referral,India,Lake Angelicaview,Male,35-44
23344,2025-09-24T12:52:29.689Z,Paid Ads,India,Watkinsberg,Other,25-34
23355,2025-08-25T12:52:29.689Z,Influencer,India,New Alicia,Other,25-34
23357,2025-08-12T12:52:29.689Z,Organic,India,Baldwinmouth,Female,18-24
23358,2025-09-12T12:52:29.689Z,Paid Ads,India,Lake Judy,Male,45+
23363,2025-04-25T12:52:29.689Z,Influencer,India,New Stephanieville,Male,35-44
23367,2025-08-08T12:52:29.689Z,Referral,India,Lake Joel,Male,18-24
23370,2025-08-16T12:52:29.689Z,Email,India,Stephaniemouth,Female,45+
23372,2025-08-06T12:52:29.689Z,Influencer,India,East David,Other,45+
23379,2025-06-19T12:52:29.689Z,Referral,India,Crystalfurt,Male,25-34
23383,2026-02-20T12:52:29.689Z,Organic,India,Port Beverly,Female,35-44
23389,2025-12-21T12:52:29.689Z,Email,India,Kellyton,Other,45+
23395,2026-01-21T12:52:29.689Z,Paid Ads,India,East Karen,Female,25-34
23400,2025-03-23T12:52:29.689Z,Influencer,India,Lake Andrewburgh,Other,45+
23406,2025-12-12T12:52:29.689Z,Organic,India,Roachfurt,Other,45+
23407,2025-05-30T12:52:29.689Z,Email,India,South Sandra,Female,18-24
23411,2025-07-16T12:52:29.689Z,Paid Ads,India,Chandlerstad,Female,35-44
23421,2025-10-02T12:52:29.689Z,Influencer,India,Santosfurt,Other,18-24
23429,2025-03-28T12:52:29.689Z,Paid Ads,India,North Toni,Female,45+
23447,2025-06-11T12:52:29.689Z,Influencer,India,Romerotown,Male,35-44
23449,2025-07-20T12:52:29.689Z,Referral,India,Jacksonview,Female,25-34
23452,2025-11-07T12:52:29.689Z,Organic,India,East Lindachester,Female,25-34
23463,2025-12-12T12:52:29.689Z,Email,India,Williammouth,Male,45+
23466,2025-11-05T12:52:29.689Z,Referral,India,New Kayla,Male,45+
23467,2025-09-27T12:52:29.689Z,Paid Ads,India,North Kyle,Male,18-24
23471,2025-06-20T12:52:29.689Z,Referral,India,East Cameronfurt,Other,18-24
23474,2025-04-18T12:52:29.689Z,Organic,India,Daniellefurt,Other,18-24
23480,2025-10-12T12:52:29.689Z,Referral,India,West Josechester,Other,18-24
23486,2025-03-31T12:52:29.689Z,Referral,India,West David,Other,45+
23497,2025-03-06T12:52:29.689Z,Organic,India,East Julietown,Male,18-24
23498,2025-10-12T12:52:29.689Z,Referral,India,New Lisaberg,Other,35-44
23507,2025-11-01T12:52:29.689Z,Paid Ads,India,West Stephaniehaven,Female,18-24
23511,2025-11-03T12:52:29.689Z,Influencer,India,Kevinborough,Female,35-44
23512,2025-05-27T12:52:29.689Z,Email,India,Cynthiaberg,Other,45+
23527,2025-07-26T12:52:29.689Z,Paid Ads,India,Malloryborough,Male,25-34
23528,2025-11-03T12:52:29.689Z,Organic,India,East James,Other,18-24
23534,2025-12-02T12:52:29.689Z,Referral,India,Port David,Female,18-24
23541,2025-07-23T12:52:29.689Z,Paid Ads,India,Davidport,Female,45+
23549,2025-11-19T12:52:29.689Z,Referral,India,East Peter,Male,35-44
23550,2026-01-14T12:52:29.689Z,Paid Ads,India,Prestonborough,Other,45+
23553,2026-01-02T12:52:29.689Z,Organic,India,Huffmanport,Male,35-44
23565,2025-03-27T12:52:29.689Z,Organic,India,Mcbrideberg,Male,18-24
23577,2025-09-30T12:52:29.689Z,Paid Ads,India,Garybury,Female,25-34
23581,2026-02-23T12:52:29.689Z,Paid Ads,India,Reedbury,Other,18-24
23595,2025-11-09T12:52:29.689Z,Referral,India,Kimberlyburgh,Female,35-44
23596,2025-04-17T12:52:29.689Z,Email,India,Boothport,Male,25-34
23599,2025-05-23T12:52:29.689Z,Organic,India,West Samantha,Other,35-44
23602,2025-08-29T12:52:29.689Z,Paid Ads,India,Sullivanport,Female,35-44
23604,2025-08-14T12:52:29.689Z,Influencer,India,New Kristinport,Male,45+
23608,2025-05-11T12:52:29.689Z,Email,India,Patrickbury,Female,35-44
23612,2025-06-15T12:52:29.689Z,Paid Ads,India,New Debbieport,Other,25-34
23614,2025-04-27T12:52:29.689Z,Paid Ads,India,Castroville,Male,18-24
23625,2025-03-31T12:52:29.689Z,Organic,India,Robinfurt,Other,25-34
23630,2025-08-05T12:52:29.689Z,Referral,India,Ramirezview,Other,25-34
23631,2026-02-17T12:52:29.689Z,Influencer,India,Kimberlyfurt,Other,35-44
23635,2025-06-15T12:52:29.689Z,Influencer,India,Patriciaside,Male,35-44
23640,2025-06-14T12:52:29.689Z,Organic,India,Brandyshire,Female,18-24
23655,2025-05-01T12:52:29.689Z,Influencer,India,Darrenshire,Male,35-44
23659,2025-12-01T12:52:29.689Z,Referral,India,Stewarttown,Female,25-34
23661,2025-05-19T12:52:29.689Z,Paid Ads,India,Vangview,Other,35-44
23666,2025-10-03T12:52:29.689Z,Referral,India,North Paulmouth,Other,45+
23672,2025-12-21T12:52:29.689Z,Referral,India,Montoyaborough,Female,18-24
23674,2025-05-31T12:52:29.689Z,Organic,India,Port Elizabeth,Male,45+
23676,2025-06-14T12:52:29.689Z,Paid Ads,India,Garytown,Other,45+
23679,2025-09-26T12:52:29.689Z,Influencer,India,Brianburgh,Other,35-44
23686,2025-05-13T12:52:29.689Z,Email,India,South Patriciatown,Other,45+
23689,2025-12-17T12:52:29.689Z,Paid Ads,India,New Karenburgh,Female,45+
23701,2025-08-19T12:52:29.689Z,Influencer,India,East Jennifer,Other,25-34
23705,2025-10-30T12:52:29.689Z,Email,India,Holtchester,Female,35-44
23720,2025-03-04T12:52:29.689Z,Organic,India,Comptontown,Other,35-44
23721,2025-12-08T12:52:29.689Z,Email,India,New Robin,Female,35-44
23723,2025-11-27T12:52:29.689Z,Organic,India,Laneside,Female,35-44
23727,2025-05-26T12:52:29.689Z,Organic,India,Walkerland,Female,45+
23742,2025-11-12T12:52:29.689Z,Organic,India,New Robertborough,Other,35-44
23750,2026-01-06T12:52:29.689Z,Influencer,India,Littlemouth,Male,35-44
23753,2025-05-18T12:52:29.689Z,Paid Ads,India,Susanchester,Female,45+
23758,2025-05-26T12:52:29.689Z,Paid Ads,India,Lake Jeffview,Other,45+
23763,2025-09-28T12:52:29.689Z,Paid Ads,India,Nicholaston,Other,18-24
23764,2025-08-28T12:52:29.689Z,Influencer,India,East Jenniferfurt,Male,45+
23769,2025-04-07T12:52:29.689Z,Email,India,Tinafort,Other,45+
23771,2025-12-24T12:52:29.689Z,Paid Ads,India,East Jackiefort,Male,45+
23783,2025-06-21T12:52:29.689Z,Paid Ads,India,Lake Benjamin,Female,18-24
23784,2025-08-30T12:52:29.689Z,Organic,India,Port Julie,Male,45+
23785,2025-08-07T12:52:29.689Z,Email,India,North Tara,Male,45+
23786,2025-08-30T12:52:29.689Z,Paid Ads,India,Lake Raymond,Male,25-34
23787,2025-11-14T12:52:29.689Z,Referral,India,Richardsstad,Male,25-34
23795,2025-08-11T12:52:29.689Z,Referral,India,Lake Destiny,Female,45+
23804,2025-08-26T12:52:29.689Z,Referral,India,Raymondfort,Male,35-44
23805,2025-08-13T12:52:29.689Z,Influencer,India,Stevenston,Male,45+
23806,2025-09-01T12:52:29.689Z,Email,India,Dustinside,Female,25-34
23814,2025-11-13T12:52:29.689Z,Paid Ads,India,Milesmouth,Male,45+
23817,2025-06-30T12:52:29.689Z,Paid Ads,India,Novakbury,Other,35-44
23818,2026-02-22T12:52:29.689Z,Referral,India,Rhondaburgh,Male,35-44
23819,2025-08-20T12:52:29.689Z,Email,India,Port Abigail,Female,25-34
23824,2025-07-24T12:52:29.689Z,Organic,India,East Deannaside,Female,25-34
23832,2025-09-03T12:52:29.689Z,Influencer,India,New Reneefort,Female,18-24
23845,2025-11-16T12:52:29.689Z,Paid Ads,India,Lake Jodi,Female,25-34
23857,2026-01-19T12:52:29.689Z,Referral,India,South Anthony,Other,35-44
23860,2025-09-12T12:52:29.689Z,Organic,India,Sullivanton,Other,45+
23864,2025-04-08T12:52:29.689Z,Influencer,India,Port Bruce,Female,18-24
23865,2025-11-06T12:52:29.689Z,Email,India,Smithbury,Female,35-44
23868,2025-10-13T12:52:29.689Z,Referral,India,West Sheilafurt,Male,35-44
23870,2025-05-30T12:52:29.689Z,Paid Ads,India,Christopherburgh,Male,18-24
23871,2025-07-02T12:52:29.689Z,Paid Ads,India,Port Davidport,Other,35-44
23878,2025-05-28T12:52:29.689Z,Influencer,India,Barbaraland,Other,35-44
23882,2025-07-17T12:52:29.689Z,Email,India,North Jacobside,Male,25-34
23883,2025-08-14T12:52:29.689Z,Referral,India,New Dana,Other,25-34
23886,2025-10-04T12:52:29.689Z,Email,India,East Tammyville,Other,25-34
23888,2025-07-13T12:52:29.689Z,Paid Ads,India,Debbieside,Female,18-24
23899,2025-05-20T12:52:29.689Z,Email,India,Lake Destinyton,Female,25-34
23901,2026-01-24T12:52:29.689Z,Referral,India,East David,Other,45+
23908,2025-03-01T12:52:29.689Z,Referral,India,Toniside,Female,18-24
23917,2025-11-13T12:52:29.689Z,Paid Ads,India,Port Lisaberg,Female,45+
23922,2026-02-18T12:52:29.689Z,Paid Ads,India,Schmittport,Female,25-34
23933,2025-06-23T12:52:29.689Z,Email,India,Reidchester,Female,25-34
23936,2025-06-28T12:52:29.689Z,Organic,India,New Erica,Male,25-34
23950,2025-03-04T12:52:29.689Z,Organic,India,Murphyland,Other,18-24
23953,2025-04-10T12:52:29.689Z,Referral,India,East Cameron,Other,45+
23975,2025-05-05T12:52:29.689Z,Paid Ads,India,Wilkersonstad,Female,45+
23981,2025-07-30T12:52:29.689Z,Influencer,India,Davidland,Male,25-34
23986,2026-02-27T12:52:29.689Z,Influencer,India,Garymouth,Female,45+
23989,2025-11-02T12:52:29.689Z,Email,India,Deborahberg,Female,45+
24002,2025-10-05T12:52:29.689Z,Paid Ads,India,Kennedyborough,Female,25-34
24003,2025-04-01T12:52:29.689Z,Influencer,India,North Emily,Other,45+
24008,2025-11-20T12:52:29.689Z,Referral,India,Jeffreyfurt,Other,45+
24011,2025-07-07T12:52:29.689Z,Paid Ads,India,North Michellemouth,Male,35-44
24012,2026-02-08T12:52:29.689Z,Paid Ads,India,Cameronstad,Other,25-34
24018,2026-01-01T12:52:29.689Z,Paid Ads,India,West Ginaburgh,Female,18-24
24027,2026-01-19T12:52:29.689Z,Referral,India,Lake Kelsey,Other,45+
24028,2026-02-13T12:52:29.689Z,Email,India,Lake Theresa,Male,25-34
24036,2025-04-19T12:52:29.689Z,Referral,India,Rachelfurt,Other,35-44
24037,2025-06-05T12:52:29.689Z,Referral,India,Wellsview,Female,35-44
24041,2025-11-27T12:52:29.689Z,Referral,India,Michaelport,Other,45+
24046,2025-11-03T12:52:29.689Z,Referral,India,West Justinside,Female,25-34
24062,2025-10-28T12:52:29.689Z,Email,India,Port Christopherfort,Female,35-44
24063,2025-03-17T12:52:29.689Z,Organic,India,South Matthewborough,Other,35-44
24069,2025-12-18T12:52:29.689Z,Paid Ads,India,Clairechester,Other,35-44
24072,2026-02-26T12:52:29.689Z,Email,India,Henrybury,Other,25-34
24076,2025-11-03T12:52:29.689Z,Influencer,India,Jacksonchester,Male,45+
24080,2025-10-10T12:52:29.689Z,Paid Ads,India,Jessicamouth,Male,35-44
24081,2025-12-30T12:52:29.689Z,Organic,India,Alexanderchester,Other,25-34
24083,2026-02-20T12:52:29.689Z,Organic,India,North Oscarstad,Other,45+
24086,2025-08-23T12:52:29.689Z,Organic,India,Kathleenland,Female,35-44
24108,2025-11-29T12:52:29.689Z,Paid Ads,India,Cynthiaberg,Female,35-44
24134,2025-06-29T12:52:29.689Z,Influencer,India,Doylestad,Female,35-44
24141,2025-07-21T12:52:29.689Z,Paid Ads,India,West Sandrastad,Other,35-44
24143,2025-12-03T12:52:29.689Z,Paid Ads,India,New Stephaniestad,Male,35-44
24150,2025-05-25T12:52:29.689Z,Influencer,India,Savagechester,Other,45+
24156,2025-07-17T12:52:29.689Z,Paid Ads,India,New Deborahville,Male,18-24
24159,2026-02-17T12:52:29.689Z,Organic,India,Jamestown,Male,18-24
24161,2025-11-12T12:52:29.689Z,Organic,India,South Angelica,Female,25-34
24163,2025-11-15T12:52:29.689Z,Paid Ads,India,Wilsonberg,Male,18-24
24169,2025-12-25T12:52:29.689Z,Organic,India,East Elizabeth,Female,18-24
24171,2025-10-18T12:52:29.689Z,Referral,India,East Erinview,Male,18-24
24175,2025-05-22T12:52:29.689Z,Referral,India,South Anthony,Female,25-34
24181,2025-12-13T12:52:29.689Z,Influencer,India,Willisfurt,Male,25-34
24182,2025-06-10T12:52:29.689Z,Organic,India,Gomezfort,Female,35-44
24183,2025-04-04T12:52:29.689Z,Paid Ads,India,South Emilyburgh,Other,18-24
24197,2025-11-05T12:52:29.689Z,Paid Ads,India,Port Jerryton,Other,25-34
24202,2025-06-05T12:52:29.689Z,Influencer,India,Catherineton,Male,25-34
24204,2025-11-08T12:52:29.689Z,Influencer,India,Garystad,Female,45+
24231,2025-10-13T12:52:29.689Z,Referral,India,Meganborough,Male,25-34
24233,2025-04-18T12:52:29.689Z,Organic,India,Lake Julia,Male,18-24
24238,2025-10-30T12:52:29.689Z,Email,India,New Tiffany,Female,25-34
24241,2025-03-15T12:52:29.689Z,Email,India,Harrisbury,Female,18-24
24252,2025-06-16T12:52:29.689Z,Organic,India,Browningstad,Female,18-24
24272,2025-06-07T12:52:29.689Z,Organic,India,New James,Male,35-44
24283,2025-03-30T12:52:29.689Z,Paid Ads,India,Teresaview,Male,35-44
24294,2025-11-10T12:52:29.689Z,Organic,India,Guzmanville,Other,35-44
24307,2026-01-31T12:52:29.689Z,Influencer,India,Patrickview,Other,18-24
24314,2026-01-15T12:52:29.689Z,Organic,India,Morrisberg,Other,25-34
24315,2026-01-05T12:52:29.689Z,Influencer,India,Lake Davidmouth,Female,18-24
24318,2025-09-17T12:52:29.689Z,Email,India,West Stephanieburgh,Other,35-44
24327,2025-11-13T12:52:29.689Z,Organic,India,Millerport,Female,45+
24330,2025-05-02T12:52:29.689Z,Organic,India,West Dannytown,Other,18-24
24331,2025-09-08T12:52:29.689Z,Influencer,India,North Andrewberg,Other,45+
24335,2025-04-18T12:52:29.689Z,Referral,India,Christopherburgh,Female,18-24
24355,2025-03-08T12:52:29.689Z,Email,India,Yolandafurt,Male,35-44
24360,2026-01-10T12:52:29.689Z,Influencer,India,Hannahville,Other,18-24
24364,2026-02-09T12:52:29.689Z,Referral,India,West Jamesland,Other,18-24
24365,2025-10-12T12:52:29.689Z,Referral,India,Hendersonland,Female,35-44
24367,2025-06-20T12:52:29.689Z,Referral,India,Lake David,Other,35-44
24371,2026-01-06T12:52:29.689Z,Paid Ads,India,Heatherhaven,Male,25-34
24374,2025-11-16T12:52:29.689Z,Organic,India,East James,Female,18-24
24375,2025-03-09T12:52:29.689Z,Email,India,Spencerton,Female,45+
24394,2025-04-20T12:52:29.689Z,Paid Ads,India,Port Ericastad,Male,18-24
24404,2026-01-05T12:52:29.689Z,Organic,India,South Thomas,Male,25-34
24405,2025-03-03T12:52:29.689Z,Paid Ads,India,West Michaelberg,Male,25-34
24410,2025-04-04T12:52:29.689Z,Influencer,India,East Deborahfort,Other,18-24
24412,2025-06-22T12:52:29.689Z,Email,India,West Denise,Other,25-34
24415,2025-05-24T12:52:29.689Z,Referral,India,North Elizabeth,Male,25-34
24443,2025-11-19T12:52:29.689Z,Email,India,Dillonchester,Female,18-24
24445,2025-06-08T12:52:29.689Z,Email,India,Susanmouth,Other,45+
24451,2025-08-26T12:52:29.689Z,Paid Ads,India,South Taylor,Other,35-44
24462,2025-08-26T12:52:29.689Z,Email,India,East Elizabethshire,Other,18-24
24466,2025-04-20T12:52:29.689Z,Email,India,Elizabethland,Male,35-44
24480,2026-01-15T12:52:29.689Z,Influencer,India,East Michaelshire,Male,35-44
24481,2025-05-25T12:52:29.689Z,Referral,India,Port Kevin,Male,25-34
24482,2025-06-25T12:52:29.689Z,Paid Ads,India,Alexshire,Other,35-44
24495,2025-03-03T12:52:29.689Z,Referral,India,West Austin,Other,18-24
24505,2025-11-19T12:52:29.689Z,Referral,India,Port Nicholasside,Other,35-44
24520,2025-10-02T12:52:29.689Z,Paid Ads,India,Lake Nathantown,Male,18-24
24525,2025-08-28T12:52:29.689Z,Email,India,Anthonymouth,Male,25-34
24531,2026-01-17T12:52:29.689Z,Paid Ads,India,Brianshire,Male,18-24
24532,2025-03-21T12:52:29.689Z,Email,India,Matthewsside,Female,25-34
24535,2025-11-22T12:52:29.689Z,Referral,India,Whitemouth,Male,35-44
24537,2026-01-07T12:52:29.689Z,Influencer,India,Caseymouth,Female,35-44
24540,2026-01-06T12:52:29.689Z,Paid Ads,India,Lake John,Other,25-34
24542,2026-02-14T12:52:29.689Z,Referral,India,Jonesside,Female,35-44
24556,2025-05-24T12:52:29.689Z,Organic,India,Theresaview,Male,18-24
24561,2025-06-04T12:52:29.689Z,Organic,India,Butlerburgh,Male,35-44
24567,2025-09-07T12:52:29.689Z,Paid Ads,India,Courtneyport,Other,18-24
24571,2025-06-09T12:52:29.689Z,Paid Ads,India,North Hollyfort,Other,45+
24581,2025-06-07T12:52:29.689Z,Referral,India,Josephfurt,Other,45+
24587,2025-09-12T12:52:29.689Z,Organic,India,Millerbury,Male,25-34
24595,2025-12-24T12:52:29.689Z,Organic,India,Bowmanfort,Female,18-24
24598,2025-07-25T12:52:29.689Z,Email,India,Andersonbury,Male,18-24
24599,2025-06-28T12:52:29.689Z,Email,India,New Jonathon,Male,25-34
24601,2026-01-12T12:52:29.689Z,Influencer,India,Mirandaport,Female,35-44
24606,2026-01-31T12:52:29.689Z,Paid Ads,India,Fisherfort,Male,45+
24632,2025-10-07T12:52:29.689Z,Influencer,India,South Alyssa,Female,35-44
24636,2025-05-14T12:52:29.689Z,Organic,India,South Joefurt,Male,18-24
24647,2025-08-28T12:52:29.689Z,Referral,India,West Maureen,Female,25-34
24672,2025-09-10T12:52:29.689Z,Influencer,India,East Jennifer,Male,45+
24680,2025-03-30T12:52:29.689Z,Influencer,India,South Ellenport,Female,45+
24687,2025-09-24T12:52:29.689Z,Referral,India,Jamesview,Other,25-34
24690,2025-09-09T12:52:29.689Z,Email,India,Port Jenniferchester,Other,25-34
24695,2025-11-01T12:52:29.689Z,Email,India,West Aaron,Other,25-34
24707,2025-10-20T12:52:29.689Z,Paid Ads,India,Robertastad,Other,35-44
24718,2025-08-06T12:52:29.689Z,Influencer,India,North Cherylchester,Other,18-24
24723,2025-11-10T12:52:29.689Z,Organic,India,Lake Michael,Female,45+
24724,2025-06-12T12:52:29.689Z,Organic,India,East Sandratown,Female,25-34
24741,2026-02-17T12:52:29.689Z,Paid Ads,India,New Susan,Male,25-34
24751,2025-03-10T12:52:29.689Z,Organic,India,Tiffanyland,Male,35-44
24754,2025-09-30T12:52:29.689Z,Paid Ads,India,North Josephstad,Other,18-24
24770,2025-09-26T12:52:29.689Z,Referral,India,Emilymouth,Other,35-44
24782,2026-01-17T12:52:29.689Z,Organic,India,Brittanyfort,Female,18-24
24787,2026-01-17T12:52:29.689Z,Email,India,Michaelburgh,Female,45+
24790,2025-03-03T12:52:29.689Z,Email,India,Jenniferfort,Male,35-44
24794,2025-06-11T12:52:29.689Z,Organic,India,Moralesfort,Other,18-24
24799,2025-10-02T12:52:29.689Z,Paid Ads,India,Briannamouth,Other,18-24
24803,2025-12-18T12:52:29.689Z,Organic,India,West Tammyberg,Other,45+
24810,2025-05-12T12:52:29.689Z,Email,India,Johnstonchester,Other,45+
24811,2025-06-02T12:52:29.689Z,Influencer,India,East Derek,Male,18-24
24812,2025-08-01T12:52:29.689Z,Referral,India,East Angela,Female,18-24
24817,2026-02-18T12:52:29.689Z,Paid Ads,India,Port Veronica,Male,25-34
24821,2025-07-19T12:52:29.689Z,Organic,India,Shawnburgh,Other,18-24
24824,2025-05-28T12:52:29.689Z,Organic,India,Samanthastad,Male,25-34
24833,2025-08-05T12:52:29.689Z,Organic,India,South Patriciaside,Female,25-34
24834,2026-02-28T12:52:29.689Z,Referral,India,Bryanside,Male,45+
24838,2025-12-27T12:52:29.689Z,Paid Ads,India,North Noah,Female,25-34
24842,2025-07-13T12:52:29.689Z,Email,India,North Melissa,Male,35-44
24846,2025-12-02T12:52:29.689Z,Organic,India,Jeanborough,Other,45+
24857,2025-08-31T12:52:29.689Z,Email,India,North Suzanneport,Female,35-44
24858,2025-04-06T12:52:29.689Z,Paid Ads,India,Jonesview,Female,18-24
24865,2025-10-13T12:52:29.689Z,Email,India,Lake Glenn,Female,25-34
24866,2025-11-18T12:52:29.689Z,Influencer,India,New Brad,Female,18-24
24874,2026-02-06T12:52:29.689Z,Paid Ads,India,South Cheryl,Male,45+
24879,2025-06-04T12:52:29.689Z,Email,India,Lake Heather,Other,45+
24880,2025-08-07T12:52:29.689Z,Email,India,Timothyfurt,Male,25-34
24881,2025-11-04T12:52:29.689Z,Influencer,India,Barbaraton,Male,35-44
24892,2025-12-19T12:52:29.689Z,Organic,India,Marieshire,Other,18-24
24923,2025-08-10T12:52:29.689Z,Organic,India,West Ryan,Male,45+
24926,2025-12-11T12:52:29.689Z,Paid Ads,India,Allisonborough,Other,25-34
24927,2025-10-12T12:52:29.689Z,Organic,India,Katiemouth,Male,35-44
24929,2026-01-19T12:52:29.689Z,Organic,India,South Justin,Female,45+
24932,2025-12-06T12:52:29.689Z,Email,India,Meghanfort,Female,45+
24933,2025-11-25T12:52:29.689Z,Referral,India,North Ralphfort,Other,18-24
24938,2026-02-14T12:52:29.689Z,Influencer,India,East Aaronburgh,Other,45+
24940,2025-05-18T12:52:29.689Z,Paid Ads,India,Kingfort,Male,25-34
24943,2025-07-07T12:52:29.689Z,Organic,India,New Connie,Female,35-44
24956,2025-10-13T12:52:29.689Z,Influencer,India,Pamelaborough,Other,35-44
24964,2025-06-20T12:52:29.689Z,Email,India,Port Amy,Other,18-24
24967,2025-06-19T12:52:29.689Z,Organic,India,Brandonview,Female,45+
24970,2026-02-22T12:52:29.689Z,Email,India,Clintonburgh,Other,35-44
24979,2025-11-02T12:52:29.689Z,Organic,India,Ronaldfurt,Other,45+
24986,2025-11-14T12:52:29.689Z,Organic,India,New Juanton,Other,45+
24987,2025-10-29T12:52:29.689Z,Influencer,India,Guerreroland,Other,18-24
24996,2026-02-13T12:52:29.689Z,Referral,India,Ashleyhaven,Other,45+
24998,2025-03-07T12:52:29.689Z,Organic,India,West Kelly,Female,35-44
24999,2025-08-06T12:52:29.689Z,Referral,India,Joseberg,Male,25-34
25005,2025-03-23T12:52:29.689Z,Referral,India,Annshire,Other,18-24
25013,2025-11-07T12:52:29.689Z,Paid Ads,India,Julieside,Female,35-44
25027,2025-03-13T12:52:29.689Z,Referral,India,West Billy,Other,35-44
25036,2025-06-17T12:52:29.689Z,Referral,India,Port Wesley,Other,35-44
25038,2026-02-19T12:52:29.689Z,Referral,India,New Stacey,Other,45+
25045,2025-08-29T12:52:29.689Z,Paid Ads,India,Jessicafurt,Other,18-24
25056,2025-08-17T12:52:29.689Z,Paid Ads,India,Garciahaven,Other,35-44
25063,2025-04-23T12:52:29.689Z,Referral,India,Johnsburgh,Female,45+
25066,2025-03-13T12:52:29.689Z,Paid Ads,India,Timothyfurt,Male,25-34
25067,2025-06-21T12:52:29.689Z,Influencer,India,Mariabury,Other,25-34
25070,2025-04-01T12:52:29.689Z,Referral,India,North Meganfort,Male,18-24
25073,2025-05-29T12:52:29.689Z,Referral,India,Nicholashaven,Other,35-44
25074,2025-07-14T12:52:29.689Z,Referral,India,Port Amy,Male,18-24
25087,2025-03-05T12:52:29.689Z,Paid Ads,India,Port Jimshire,Other,25-34
25089,2025-04-07T12:52:29.689Z,Organic,India,Cindymouth,Male,35-44
25116,2025-07-02T12:52:29.689Z,Influencer,India,New Jenniferport,Female,35-44
25124,2025-04-19T12:52:29.689Z,Email,India,New Michaelmouth,Female,35-44
25147,2025-08-13T12:52:29.689Z,Email,India,North Christopherport,Female,25-34
25148,2025-08-03T12:52:29.689Z,Email,India,South Matthewmouth,Male,45+
25150,2025-10-04T12:52:29.689Z,Referral,India,Jonesfurt,Female,25-34
25161,2025-06-08T12:52:29.689Z,Influencer,India,South Dylan,Other,45+
25163,2026-01-30T12:52:29.689Z,Referral,India,Port Victoriatown,Other,25-34
25165,2025-03-22T12:52:29.689Z,Email,India,Ericshire,Other,35-44
25172,2025-09-23T12:52:29.689Z,Organic,India,Port Joshua,Male,45+
25174,2025-09-26T12:52:29.689Z,Organic,India,Douglasview,Female,25-34
25180,2025-11-03T12:52:29.689Z,Referral,India,Lake Brandy,Male,45+
25182,2026-01-21T12:52:29.689Z,Paid Ads,India,New Jennifer,Female,35-44
25184,2026-02-17T12:52:29.689Z,Referral,India,Thomasshire,Male,35-44
25190,2025-10-20T12:52:29.689Z,Referral,India,South Erikamouth,Male,18-24
25196,2026-01-22T12:52:29.689Z,Influencer,India,North Ashlee,Male,18-24
25203,2025-08-14T12:52:29.689Z,Referral,India,Justinton,Male,18-24
25219,2025-10-12T12:52:29.689Z,Paid Ads,India,Port Davidtown,Other,45+
25227,2025-09-05T12:52:29.689Z,Influencer,India,West Rayfurt,Male,25-34
25232,2025-05-13T12:52:29.689Z,Email,India,Port Victoria,Male,18-24
25236,2025-05-26T12:52:29.689Z,Email,India,Parkerton,Other,35-44
25238,2025-07-01T12:52:29.689Z,Influencer,India,North Courtneyport,Other,45+
25247,2025-04-22T12:52:29.689Z,Paid Ads,India,Walshstad,Other,35-44
25248,2025-07-26T12:52:29.689Z,Paid Ads,India,Castromouth,Other,18-24
25263,2025-03-10T12:52:29.689Z,Influencer,India,Diazhaven,Male,25-34
25266,2025-10-05T12:52:29.689Z,Paid Ads,India,Austinland,Other,35-44
25272,2026-02-08T12:52:29.689Z,Paid Ads,India,Evanschester,Other,35-44
25275,2025-08-21T12:52:29.689Z,Email,India,Angelabury,Male,25-34
25278,2025-12-03T12:52:29.689Z,Referral,India,Kennethburgh,Female,25-34
25280,2025-04-23T12:52:29.689Z,Influencer,India,Lesliechester,Male,45+
25296,2025-11-13T12:52:29.689Z,Email,India,Cynthiaborough,Female,18-24
25298,2025-11-10T12:52:29.689Z,Organic,India,Wrightmouth,Female,35-44
25303,2025-03-24T12:52:29.689Z,Email,India,Scottside,Other,35-44
25325,2025-04-05T12:52:29.689Z,Referral,India,Jasonside,Female,35-44
25329,2025-03-10T12:52:29.689Z,Email,India,North Jesse,Female,35-44
25339,2025-11-23T12:52:29.689Z,Paid Ads,India,Vegashire,Male,35-44
25340,2025-07-13T12:52:29.689Z,Paid Ads,India,Lake Maria,Other,25-34
25341,2025-07-02T12:52:29.689Z,Email,India,New Katherinestad,Female,25-34
25344,2025-07-01T12:52:29.689Z,Referral,India,Kelseyfort,Female,35-44
25345,2026-01-08T12:52:29.689Z,Organic,India,North Anthony,Female,45+
25348,2025-11-01T12:52:29.689Z,Influencer,India,Levineburgh,Other,35-44
25352,2025-04-29T12:52:29.689Z,Organic,India,North Alexstad,Male,25-34
25357,2025-05-20T12:52:29.689Z,Paid Ads,India,South Robert,Other,25-34
25363,2025-07-07T12:52:29.689Z,Referral,India,Shawnland,Other,18-24
25365,2026-01-07T12:52:29.689Z,Email,India,West Kimville,Other,45+
25370,2026-02-20T12:52:29.689Z,Paid Ads,India,Riosbury,Other,35-44
25375,2025-12-22T12:52:29.689Z,Referral,India,Port Christine,Male,45+
25376,2025-06-09T12:52:29.689Z,Influencer,India,New Thomas,Male,18-24
25381,2026-02-04T12:52:29.689Z,Email,India,East Jeremyport,Other,25-34
25384,2025-09-11T12:52:29.689Z,Influencer,India,Richardland,Male,25-34
25394,2026-02-03T12:52:29.689Z,Paid Ads,India,Joshualand,Other,25-34
25398,2025-03-04T12:52:29.689Z,Email,India,Hannahton,Male,18-24
25400,2026-02-25T12:52:29.689Z,Referral,India,Port Heather,Other,35-44
25411,2025-03-01T12:52:29.689Z,Organic,India,South Josephburgh,Female,25-34
25422,2025-06-19T12:52:29.689Z,Influencer,India,Parkerhaven,Female,35-44
25440,2025-03-19T12:52:29.689Z,Organic,India,East Kyleton,Female,18-24
25447,2026-02-21T12:52:29.689Z,Influencer,India,Josechester,Other,18-24
25452,2025-07-16T12:52:29.689Z,Paid Ads,India,Johnbury,Other,18-24
25454,2025-11-04T12:52:29.689Z,Influencer,India,South Helen,Other,45+
25457,2026-02-02T12:52:29.689Z,Organic,India,Robertville,Female,35-44
25468,2025-03-09T12:52:29.689Z,Referral,India,Smithberg,Male,35-44
25487,2025-10-01T12:52:29.689Z,Referral,India,Ericaland,Other,35-44
25488,2025-06-11T12:52:29.689Z,Referral,India,Lake Justinburgh,Female,45+
25495,2025-09-02T12:52:29.689Z,Email,India,Taraborough,Other,35-44
25496,2025-07-30T12:52:29.689Z,Paid Ads,India,Hallbury,Male,25-34
25510,2025-12-04T12:52:29.689Z,Organic,India,West Kurt,Other,25-34
25512,2025-06-25T12:52:29.689Z,Email,India,Amandaland,Male,45+
25513,2026-02-11T12:52:29.689Z,Organic,India,South Michael,Female,45+
25523,2026-02-04T12:52:29.689Z,Paid Ads,India,East Shawnville,Male,45+
25525,2025-12-06T12:52:29.689Z,Referral,India,Potterview,Female,45+
25538,2025-03-21T12:52:29.689Z,Email,India,Thomasland,Female,45+
25545,2026-01-27T12:52:29.689Z,Email,India,New Dawn,Male,18-24
25546,2025-09-30T12:52:29.689Z,Referral,India,Collinsshire,Male,45+
25556,2025-05-24T12:52:29.689Z,Referral,India,East Anitaville,Other,35-44
25580,2025-12-19T12:52:29.689Z,Email,India,New Meganberg,Other,45+
25583,2025-05-04T12:52:29.689Z,Influencer,India,Stephaniefort,Female,18-24
25588,2025-09-19T12:52:29.689Z,Referral,India,Collinsport,Other,45+
25594,2025-05-24T12:52:29.689Z,Organic,India,West Carla,Female,45+
25597,2025-10-19T12:52:29.689Z,Organic,India,Millerview,Female,35-44
25611,2025-05-25T12:52:29.689Z,Influencer,India,Porterbury,Female,35-44
25619,2025-12-24T12:52:29.689Z,Referral,India,New Bruce,Male,18-24
25620,2026-02-20T12:52:29.689Z,Organic,India,Blanchardmouth,Male,25-34
25621,2025-03-03T12:52:29.689Z,Paid Ads,India,Johnland,Female,45+
25630,2025-04-29T12:52:29.689Z,Influencer,India,Combsborough,Male,45+
25631,2025-09-18T12:52:29.689Z,Referral,India,Port Curtis,Other,35-44
25636,2025-09-29T12:52:29.689Z,Paid Ads,India,South Kristina,Female,35-44
25649,2025-05-17T12:52:29.689Z,Paid Ads,India,Alvarezport,Male,45+
25653,2025-10-23T12:52:29.689Z,Email,India,Jeffreychester,Other,35-44
25656,2025-11-19T12:52:29.689Z,Referral,India,Frostview,Male,25-34
25665,2025-11-21T12:52:29.689Z,Paid Ads,India,Port Brendaburgh,Female,18-24
25668,2025-12-16T12:52:29.689Z,Referral,India,North Kevin,Male,25-34
25669,2025-06-04T12:52:29.689Z,Paid Ads,India,Port Catherineton,Female,45+
25670,2025-06-16T12:52:29.689Z,Paid Ads,India,New Nancy,Female,25-34
25693,2025-12-20T12:52:29.689Z,Influencer,India,Hollandland,Male,18-24
25696,2025-05-07T12:52:29.689Z,Paid Ads,India,Port Anthonychester,Male,18-24
25697,2025-12-31T12:52:29.689Z,Influencer,India,North Cassandra,Male,45+
25710,2026-01-27T12:52:29.689Z,Referral,India,New Emily,Male,18-24
25713,2025-08-07T12:52:29.689Z,Paid Ads,India,Tammyview,Other,25-34
25726,2025-04-09T12:52:29.689Z,Influencer,India,New Christineberg,Male,35-44
25733,2026-01-26T12:52:29.689Z,Email,India,West Lisa,Female,18-24
25734,2025-05-12T12:52:29.689Z,Paid Ads,India,Graytown,Female,45+
25737,2026-01-18T12:52:29.689Z,Email,India,Deborahtown,Female,25-34
25750,2026-01-18T12:52:29.689Z,Influencer,India,Port Ashlee,Male,45+
25754,2025-07-31T12:52:29.689Z,Email,India,Sonyaborough,Male,25-34
25761,2025-03-21T12:52:29.689Z,Referral,India,West Christina,Male,35-44
25763,2025-04-13T12:52:29.689Z,Paid Ads,India,Hamptonland,Male,35-44
25764,2025-10-31T12:52:29.689Z,Paid Ads,India,New Nicholas,Other,45+
25778,2025-10-08T12:52:29.689Z,Influencer,India,North Kathleen,Female,25-34
25780,2025-09-07T12:52:29.689Z,Influencer,India,Lake Vickie,Male,35-44
25783,2025-09-30T12:52:29.689Z,Email,India,Kellyville,Male,45+
25786,2026-02-10T12:52:29.689Z,Organic,India,Aarontown,Male,25-34
25804,2025-04-16T12:52:29.689Z,Organic,India,Christinaborough,Other,18-24
25807,2025-12-09T12:52:29.689Z,Paid Ads,India,North Tiffanyshire,Male,35-44
25810,2026-02-20T12:52:29.689Z,Organic,India,Joelside,Other,25-34
25814,2025-10-16T12:52:29.689Z,Email,India,Monicabury,Other,18-24
25817,2025-10-11T12:52:29.689Z,Paid Ads,India,Lake Cory,Female,18-24
25824,2025-03-09T12:52:29.689Z,Influencer,India,Lake Bryan,Male,45+
25830,2025-07-25T12:52:29.689Z,Referral,India,East Bradley,Male,35-44
25853,2025-07-17T12:52:29.689Z,Referral,India,Port Jason,Other,35-44
25854,2025-10-24T12:52:29.689Z,Organic,India,Clarkmouth,Male,45+
25857,2026-01-04T12:52:29.689Z,Paid Ads,India,Francisstad,Other,25-34
25860,2025-06-10T12:52:29.689Z,Organic,India,Lake Laurabury,Male,25-34
25875,2025-08-19T12:52:29.689Z,Email,India,New Kelly,Female,45+
25883,2025-06-07T12:52:29.689Z,Paid Ads,India,West Anthonyburgh,Male,18-24
25898,2025-05-06T12:52:29.689Z,Referral,India,Harringtonfurt,Other,18-24
25907,2025-06-28T12:52:29.689Z,Email,India,Dawntown,Male,35-44
25910,2025-08-26T12:52:29.689Z,Referral,India,Port Amymouth,Other,25-34
25921,2026-01-09T12:52:29.689Z,Influencer,India,East Stephentown,Other,18-24
25924,2026-01-02T12:52:29.689Z,Organic,India,East Grantview,Male,35-44
25938,2025-11-20T12:52:29.689Z,Paid Ads,India,Pughshire,Other,18-24
25940,2025-05-01T12:52:29.689Z,Influencer,India,West Rebeccahaven,Male,25-34
25947,2025-10-14T12:52:29.689Z,Referral,India,West Monica,Other,45+
25964,2025-05-01T12:52:29.689Z,Organic,India,East Joeltown,Female,35-44
25967,2025-11-01T12:52:29.689Z,Organic,India,Abbottburgh,Male,18-24
25968,2025-05-20T12:52:29.689Z,Organic,India,Lisaville,Other,18-24
25977,2025-10-07T12:52:29.689Z,Referral,India,Ericaview,Other,35-44
25983,2025-06-17T12:52:29.689Z,Email,India,East Robert,Female,45+
25988,2025-07-31T12:52:29.689Z,Paid Ads,India,South Leahland,Female,45+
25993,2025-12-13T12:52:29.689Z,Influencer,India,Port Deborah,Female,45+
25994,2026-01-16T12:52:29.689Z,Organic,India,Brownbury,Female,45+
25998,2025-08-22T12:52:29.689Z,Organic,India,Port Judyland,Other,25-34
26003,2026-02-17T12:52:29.689Z,Email,India,South Cindy,Female,45+
26010,2025-06-27T12:52:29.689Z,Organic,India,East Davidhaven,Female,18-24
26016,2025-10-28T12:52:29.689Z,Email,India,North Josephburgh,Other,45+
26021,2025-08-22T12:52:29.689Z,Organic,India,Baxtershire,Other,45+
26024,2026-01-23T12:52:29.689Z,Paid Ads,India,Port Jenniferhaven,Male,35-44
26027,2025-10-28T12:52:29.689Z,Referral,India,New Margaret,Male,18-24
26063,2025-09-16T12:52:29.689Z,Paid Ads,India,Lake Sabrinaburgh,Female,45+
26067,2025-04-26T12:52:29.689Z,Influencer,India,Johnsonland,Male,35-44
26072,2025-05-30T12:52:29.689Z,Influencer,India,South Nicholastown,Female,18-24
26079,2025-11-07T12:52:29.689Z,Referral,India,Lindsaystad,Female,18-24
26102,2025-09-08T12:52:29.689Z,Influencer,India,East George,Male,25-34
26122,2025-07-23T12:52:29.689Z,Influencer,India,Leefurt,Male,35-44
26123,2025-09-12T12:52:29.689Z,Referral,India,Port Lisatown,Female,45+
26126,2026-02-09T12:52:29.689Z,Email,India,West Billyshire,Female,35-44
26134,2025-10-05T12:52:29.689Z,Referral,India,East Nicholas,Female,45+
26142,2025-04-17T12:52:29.689Z,Organic,India,Peggyshire,Female,35-44
26147,2025-11-14T12:52:29.689Z,Referral,India,Diazburgh,Female,45+
26150,2025-08-17T12:52:29.689Z,Email,India,Barkerhaven,Other,18-24
26153,2025-03-20T12:52:29.689Z,Influencer,India,North Amandaborough,Female,25-34
26167,2025-08-16T12:52:29.689Z,Email,India,Lake James,Other,25-34
26173,2026-02-14T12:52:29.689Z,Influencer,India,West Christopher,Female,18-24
26177,2025-10-10T12:52:29.689Z,Organic,India,South Jonathan,Female,25-34
26200,2025-09-26T12:52:29.689Z,Organic,India,Port Erin,Male,45+
26214,2025-06-02T12:52:29.689Z,Referral,India,Craigshire,Female,25-34
26216,2025-05-13T12:52:29.689Z,Email,India,West Tammyville,Other,25-34
26218,2025-03-16T12:52:29.689Z,Organic,India,East Heather,Male,25-34
26222,2026-01-10T12:52:29.689Z,Influencer,India,Port Juan,Other,18-24
26235,2025-11-23T12:52:29.689Z,Organic,India,Harrisville,Female,45+
26236,2025-04-21T12:52:29.689Z,Paid Ads,India,New Jeffrey,Female,35-44
26237,2025-03-19T12:52:29.689Z,Influencer,India,Katrinaville,Female,18-24
26242,2026-02-14T12:52:29.689Z,Email,India,Port Jenniferfurt,Male,18-24
26244,2026-02-21T12:52:29.689Z,Paid Ads,India,Lake Kevin,Male,35-44
26250,2025-04-19T12:52:29.689Z,Referral,India,Deanfort,Other,25-34
26253,2025-07-31T12:52:29.689Z,Organic,India,Port Robertfort,Male,25-34
26262,2025-08-29T12:52:29.689Z,Referral,India,North Robert,Male,35-44
26265,2025-12-31T12:52:29.689Z,Referral,India,South Lisa,Female,35-44
26269,2025-06-24T12:52:29.689Z,Influencer,India,Jasonport,Other,18-24
26270,2025-03-26T12:52:29.689Z,Referral,India,East Louis,Female,35-44
26281,2025-05-15T12:52:29.689Z,Referral,India,East Ebony,Male,25-34
26290,2025-06-20T12:52:29.689Z,Influencer,India,Nelsonland,Male,25-34
26300,2025-08-19T12:52:29.689Z,Influencer,India,South Samuelberg,Female,35-44
26307,2025-09-03T12:52:29.689Z,Email,India,Stephaniebury,Male,35-44
26309,2026-01-27T12:52:29.689Z,Referral,India,West Brittanymouth,Other,18-24
26314,2025-11-27T12:52:29.689Z,Influencer,India,Lake Jessicaburgh,Other,35-44
26317,2026-01-01T12:52:29.689Z,Organic,India,Brianaton,Other,45+
26326,2025-12-08T12:52:29.689Z,Influencer,India,Ryantown,Female,25-34
26337,2025-07-14T12:52:29.689Z,Organic,India,Lisatown,Other,35-44
26344,2025-09-25T12:52:29.689Z,Influencer,India,Terrancetown,Other,25-34
26345,2026-01-10T12:52:29.689Z,Referral,India,Ramosbury,Other,25-34
26348,2025-10-11T12:52:29.689Z,Influencer,India,Mooretown,Female,25-34
26356,2025-07-14T12:52:29.689Z,Referral,India,Edwardstad,Female,25-34
26363,2025-08-24T12:52:29.689Z,Organic,India,New Stephanieton,Other,25-34
26364,2025-06-20T12:52:29.689Z,Paid Ads,India,East Tammy,Male,25-34
26366,2025-05-14T12:52:29.689Z,Paid Ads,India,Matthewhaven,Other,25-34
26367,2025-03-28T12:52:29.689Z,Organic,India,East Casey,Female,45+
26370,2026-02-04T12:52:29.689Z,Email,India,Martinside,Female,25-34
26378,2025-12-07T12:52:29.689Z,Email,India,Jonathanfurt,Other,35-44
26381,2025-09-01T12:52:29.689Z,Organic,India,Lewismouth,Female,18-24
26386,2026-01-02T12:52:29.689Z,Organic,India,Tammyberg,Female,18-24
26387,2025-05-26T12:52:29.689Z,Email,India,North Elizabeth,Female,25-34
26391,2026-01-19T12:52:29.689Z,Email,India,Mendozachester,Male,25-34
26394,2026-02-15T12:52:29.689Z,Organic,India,East Roseshire,Other,18-24
26407,2025-04-04T12:52:29.689Z,Influencer,India,Floresmouth,Other,18-24
26413,2025-08-13T12:52:29.689Z,Email,India,Johnsonmouth,Other,25-34
26415,2025-10-23T12:52:29.689Z,Paid Ads,India,East Michael,Other,35-44
26417,2026-01-04T12:52:29.689Z,Referral,India,Mossside,Male,18-24
26423,2025-05-23T12:52:29.689Z,Paid Ads,India,New Brianchester,Other,25-34
26425,2025-11-07T12:52:29.689Z,Referral,India,Laurafort,Other,18-24
26427,2025-07-01T12:52:29.689Z,Organic,India,South Johnnyville,Male,45+
26428,2025-12-14T12:52:29.689Z,Influencer,India,West Brianfurt,Other,35-44
26435,2025-11-16T12:52:29.689Z,Paid Ads,India,Josephbury,Other,45+
26438,2025-06-11T12:52:29.689Z,Email,India,Port Peter,Female,18-24
26441,2025-09-09T12:52:29.689Z,Referral,India,Port Devon,Male,25-34
26442,2025-12-01T12:52:29.689Z,Organic,India,North Jennifermouth,Other,35-44
26447,2026-01-07T12:52:29.689Z,Email,India,East Kelly,Male,45+
26451,2025-05-15T12:52:29.689Z,Influencer,India,Flowersbury,Male,18-24
26458,2025-12-06T12:52:29.689Z,Email,India,Kellyport,Male,35-44
26471,2025-05-24T12:52:29.689Z,Influencer,India,Chavezville,Female,35-44
26472,2025-04-04T12:52:29.689Z,Influencer,India,Fernandoshire,Male,35-44
26476,2025-08-29T12:52:29.689Z,Paid Ads,India,Lake Ashley,Male,35-44
26482,2025-03-24T12:52:29.689Z,Organic,India,Parkerland,Female,25-34
26488,2025-08-28T12:52:29.689Z,Paid Ads,India,North Scott,Other,35-44
26492,2025-09-12T12:52:29.689Z,Email,India,South Patrick,Female,45+
26501,2025-10-23T12:52:29.689Z,Email,India,South Paulmouth,Male,18-24
26508,2025-03-17T12:52:29.689Z,Referral,India,Hollandburgh,Male,18-24
26511,2025-03-16T12:52:29.689Z,Organic,India,Ramirezfort,Male,45+
26517,2025-09-21T12:52:29.689Z,Influencer,India,Stephanieside,Female,35-44
26525,2025-12-20T12:52:29.689Z,Email,India,Lopezmouth,Other,35-44
26537,2025-05-19T12:52:29.689Z,Email,India,Collinsborough,Female,35-44
26539,2025-10-02T12:52:29.689Z,Email,India,Jacobton,Male,35-44
26544,2025-09-08T12:52:29.689Z,Influencer,India,Port John,Other,18-24
26545,2025-06-25T12:52:29.689Z,Referral,India,Farrellmouth,Female,25-34
26550,2025-09-22T12:52:29.689Z,Influencer,India,North Rickberg,Female,18-24
26561,2025-10-04T12:52:29.689Z,Organic,India,Gambleside,Male,25-34
26564,2025-06-14T12:52:29.689Z,Influencer,India,East Daniel,Male,18-24
26567,2026-01-12T12:52:29.689Z,Influencer,India,Cookside,Male,35-44
26570,2025-09-15T12:52:29.689Z,Paid Ads,India,East Jacquelineview,Male,35-44
26575,2025-03-30T12:52:29.689Z,Organic,India,West Charles,Other,45+
26580,2025-09-11T12:52:29.689Z,Organic,India,Brianton,Other,18-24
26591,2025-12-23T12:52:29.689Z,Paid Ads,India,West Peterfurt,Male,25-34
26592,2025-05-15T12:52:29.689Z,Paid Ads,India,Ericton,Male,18-24
26597,2025-04-23T12:52:29.689Z,Organic,India,Greenemouth,Other,18-24
26598,2025-08-20T12:52:29.689Z,Influencer,India,East Kaylashire,Male,35-44
26600,2025-07-27T12:52:29.689Z,Organic,India,Juliaville,Male,18-24
26601,2025-04-11T12:52:29.689Z,Organic,India,New Brandonburgh,Male,35-44
26615,2025-11-29T12:52:29.689Z,Paid Ads,India,Rodriguezmouth,Male,35-44
26620,2025-10-08T12:52:29.689Z,Email,India,Taylormouth,Other,35-44
26623,2025-04-15T12:52:29.689Z,Influencer,India,Lake Lisa,Female,45+
26631,2025-06-08T12:52:29.689Z,Paid Ads,India,South Nicholasland,Female,25-34
26639,2025-12-22T12:52:29.689Z,Influencer,India,Tylerfurt,Female,45+
26647,2025-04-07T12:52:29.689Z,Organic,India,Sheilachester,Male,35-44
26652,2025-08-20T12:52:29.689Z,Organic,India,Hughesburgh,Male,35-44
26656,2026-01-14T12:52:29.689Z,Paid Ads,India,Michealtown,Other,18-24
26657,2025-04-24T12:52:29.689Z,Email,India,Petersenfort,Female,18-24
26663,2025-03-02T12:52:29.689Z,Organic,India,Martinbury,Other,25-34
26664,2025-10-30T12:52:29.689Z,Referral,India,New Erikton,Female,35-44
26665,2025-03-09T12:52:29.689Z,Email,India,North Curtisland,Female,25-34
26668,2026-01-22T12:52:29.689Z,Referral,India,East Robin,Female,18-24
26670,2025-11-10T12:52:29.689Z,Paid Ads,India,Stanleyport,Other,35-44
26674,2025-07-09T12:52:29.689Z,Email,India,Bonnieberg,Other,35-44
26677,2025-05-27T12:52:29.689Z,Referral,India,Williamsfurt,Other,18-24
26679,2025-07-27T12:52:29.689Z,Referral,India,Hendersonville,Male,18-24
26689,2025-07-21T12:52:29.689Z,Influencer,India,New Moniqueborough,Male,18-24
26694,2026-02-09T12:52:29.689Z,Organic,India,Rodgersview,Male,45+
26701,2026-01-14T12:52:29.689Z,Influencer,India,New Jeffreyberg,Other,45+
26705,2025-04-14T12:52:29.689Z,Organic,India,Port Barbarachester,Other,18-24
26712,2025-09-16T12:52:29.689Z,Referral,India,East Cheryl,Other,25-34
26722,2025-06-08T12:52:29.689Z,Email,India,Lake Jenniferbury,Other,45+
26727,2025-09-11T12:52:29.689Z,Paid Ads,India,Browningborough,Female,25-34
26739,2025-04-26T12:52:29.689Z,Referral,India,Arnoldland,Male,18-24
26757,2026-01-30T12:52:29.689Z,Organic,India,Danielleview,Male,45+
26760,2025-11-15T12:52:29.689Z,Referral,India,Olsonview,Female,18-24
26761,2025-11-25T12:52:29.689Z,Email,India,Port Aaronhaven,Female,35-44
26762,2025-08-04T12:52:29.689Z,Email,India,Lake Nicolechester,Female,25-34
26773,2025-08-31T12:52:29.689Z,Organic,India,Port Fred,Female,25-34
26774,2025-03-17T12:52:29.689Z,Referral,India,Wilsonstad,Male,25-34
26779,2025-05-20T12:52:29.689Z,Email,India,West Richardmouth,Other,25-34
26788,2025-03-02T12:52:29.689Z,Email,India,Jeffreyport,Male,35-44
26794,2025-08-28T12:52:29.689Z,Referral,India,New Meganberg,Female,45+
26808,2025-03-07T12:52:29.689Z,Influencer,India,South Ryan,Female,45+
26811,2025-03-25T12:52:29.689Z,Referral,India,North Michaelberg,Male,18-24
26817,2025-06-15T12:52:29.689Z,Organic,India,Carlosstad,Female,25-34
26819,2025-03-19T12:52:29.689Z,Paid Ads,India,Port Ian,Female,18-24
26845,2025-06-13T12:52:29.689Z,Influencer,India,New Ashlee,Female,18-24
26847,2025-12-18T12:52:29.689Z,Referral,India,East James,Male,45+
26849,2025-09-08T12:52:29.689Z,Organic,India,Wilkinsonland,Other,18-24
26850,2025-11-01T12:52:29.689Z,Organic,India,New Shanefurt,Female,35-44
26857,2026-01-01T12:52:29.689Z,Influencer,India,East Timothychester,Female,25-34
26866,2025-09-27T12:52:29.689Z,Organic,India,South Garretthaven,Other,18-24
26868,2025-05-21T12:52:29.689Z,Email,India,Port Terri,Male,45+
26882,2025-11-20T12:52:29.689Z,Influencer,India,Williammouth,Other,25-34
26885,2025-10-28T12:52:29.689Z,Email,India,Carlsonview,Female,25-34
26888,2025-10-06T12:52:29.689Z,Organic,India,Jameshaven,Other,25-34
26895,2025-08-13T12:52:29.689Z,Email,India,Swansonbury,Female,18-24
26896,2025-08-27T12:52:29.689Z,Paid Ads,India,West Noah,Other,18-24
26905,2025-07-13T12:52:29.689Z,Email,India,Robbinsmouth,Male,25-34
26914,2025-05-10T12:52:29.689Z,Paid Ads,India,New Juanview,Other,18-24
26917,2025-04-23T12:52:29.689Z,Referral,India,North Loganshire,Male,18-24
26918,2025-10-28T12:52:29.689Z,Paid Ads,India,North Ernest,Female,35-44
26920,2025-04-30T12:52:29.689Z,Influencer,India,Schmidttown,Female,45+
26926,2025-09-24T12:52:29.689Z,Referral,India,Lake Jillview,Male,35-44
26927,2025-09-09T12:52:29.689Z,Influencer,India,Garzaborough,Female,45+
26934,2025-03-17T12:52:29.689Z,Paid Ads,India,Lake Sandrashire,Female,25-34
26938,2025-12-19T12:52:29.689Z,Paid Ads,India,North Courtney,Female,45+
26939,2025-08-11T12:52:29.689Z,Email,India,South Veronicamouth,Male,35-44
26944,2025-08-28T12:52:29.689Z,Referral,India,New Natasha,Other,45+
26946,2025-08-12T12:52:29.689Z,Influencer,India,Scottstad,Female,45+
26948,2026-01-21T12:52:29.689Z,Organic,India,Chadborough,Male,45+
26951,2026-02-02T12:52:29.689Z,Influencer,India,Jaredmouth,Female,35-44
26959,2025-03-07T12:52:29.689Z,Organic,India,Lake Pamela,Male,45+
26965,2025-06-12T12:52:29.689Z,Influencer,India,Lake Williamland,Other,45+
26970,2025-04-13T12:52:29.689Z,Referral,India,Curtiston,Male,25-34
26971,2025-07-05T12:52:29.689Z,Paid Ads,India,West Joel,Male,45+
26972,2025-07-28T12:52:29.689Z,Paid Ads,India,Angelaborough,Other,45+
26974,2025-05-07T12:52:29.689Z,Email,India,West Jeffreyland,Female,18-24
26978,2025-08-11T12:52:29.689Z,Email,India,New Howard,Male,25-34
26987,2025-06-08T12:52:29.689Z,Email,India,Hayeschester,Other,18-24
26990,2026-01-10T12:52:29.689Z,Referral,India,Port Louisport,Female,45+
27002,2025-07-31T12:52:29.689Z,Influencer,India,Johnstad,Female,18-24
27014,2025-11-29T12:52:29.689Z,Email,India,Patriciashire,Female,25-34
27024,2025-09-08T12:52:29.689Z,Paid Ads,India,Port Meghanbury,Other,25-34
27025,2026-02-20T12:52:29.689Z,Organic,India,Brendaberg,Other,45+
27026,2025-10-26T12:52:29.689Z,Influencer,India,Delacruzside,Female,25-34
27033,2025-07-10T12:52:29.689Z,Email,India,Randallport,Female,25-34
27034,2025-03-01T12:52:29.689Z,Paid Ads,India,North Timothy,Female,45+
27044,2026-01-03T12:52:29.689Z,Paid Ads,India,Wellsville,Other,18-24
27057,2025-04-24T12:52:29.689Z,Paid Ads,India,New Kathryn,Male,35-44
27059,2025-11-06T12:52:29.689Z,Influencer,India,Newtonview,Other,35-44
27061,2026-02-09T12:52:29.689Z,Paid Ads,India,East Bradley,Female,25-34
27073,2025-04-28T12:52:29.689Z,Email,India,Macdonaldton,Male,35-44
27088,2025-03-14T12:52:29.689Z,Email,India,Lake Doris,Female,18-24
27103,2025-12-27T12:52:29.689Z,Organic,India,Mosleyborough,Other,25-34
27106,2025-03-07T12:52:29.689Z,Paid Ads,India,Lake Robertborough,Female,35-44
27108,2025-11-26T12:52:29.689Z,Influencer,India,North Michealview,Other,45+
27113,2025-08-16T12:52:29.689Z,Organic,India,North Jenniferborough,Female,18-24
27115,2026-01-28T12:52:29.689Z,Organic,India,Paulview,Female,35-44
27119,2025-11-03T12:52:29.689Z,Paid Ads,India,Bryanhaven,Male,25-34
27123,2025-04-27T12:52:29.689Z,Paid Ads,India,Jessicashire,Male,18-24
27125,2025-10-12T12:52:29.689Z,Influencer,India,Christopherhaven,Male,45+
27127,2025-12-22T12:52:29.689Z,Influencer,India,Lake Patty,Other,25-34
27130,2025-05-16T12:52:29.689Z,Organic,India,East Jenna,Female,18-24
27135,2025-10-24T12:52:29.689Z,Referral,India,Hunterburgh,Male,35-44
27136,2025-11-27T12:52:29.689Z,Paid Ads,India,Lake Jakeland,Male,45+
27145,2025-07-05T12:52:29.689Z,Referral,India,East Jean,Female,18-24
27149,2025-03-21T12:52:29.689Z,Paid Ads,India,Vasquezchester,Other,18-24
27152,2025-06-16T12:52:29.689Z,Influencer,India,Port Ernestfort,Female,45+
27157,2025-04-25T12:52:29.689Z,Paid Ads,India,Port Angelaport,Female,35-44
27158,2026-02-13T12:52:29.689Z,Email,India,Jonesville,Male,25-34
27161,2025-05-07T12:52:29.689Z,Email,India,Anitaton,Female,25-34
27163,2026-01-13T12:52:29.689Z,Influencer,India,Port Ethan,Female,35-44
27168,2025-11-26T12:52:29.689Z,Paid Ads,India,Blakeborough,Male,35-44
27171,2025-04-28T12:52:29.689Z,Paid Ads,India,Lisaland,Male,18-24
27179,2025-07-16T12:52:29.689Z,Referral,India,Carlsonmouth,Female,45+
27180,2025-08-11T12:52:29.689Z,Referral,India,Dianafurt,Female,25-34
27183,2025-10-04T12:52:29.689Z,Email,India,Elaineside,Female,25-34
27188,2025-12-28T12:52:29.689Z,Referral,India,Millerville,Male,35-44
27208,2025-07-25T12:52:29.689Z,Referral,India,Adamsfurt,Other,45+
27214,2026-02-13T12:52:29.689Z,Email,India,Lake Johnny,Female,35-44
27222,2025-12-23T12:52:29.689Z,Paid Ads,India,Johnsonshire,Female,45+
27223,2025-11-08T12:52:29.689Z,Email,India,South Elizabeth,Female,45+
27224,2025-03-09T12:52:29.689Z,Influencer,India,Michellestad,Female,35-44
27229,2025-03-24T12:52:29.689Z,Referral,India,East Philipmouth,Female,35-44
27230,2025-05-23T12:52:29.689Z,Email,India,West Thomasstad,Other,45+
27231,2025-07-02T12:52:29.689Z,Influencer,India,Suttonmouth,Female,25-34
27245,2025-08-18T12:52:29.689Z,Referral,India,Port Robert,Male,45+
27247,2025-04-04T12:52:29.689Z,Referral,India,Carpentertown,Other,25-34
27249,2025-12-13T12:52:29.689Z,Influencer,India,Changton,Female,18-24
27250,2025-10-24T12:52:29.689Z,Referral,India,North David,Other,18-24
27261,2025-12-02T12:52:29.689Z,Email,India,North Adam,Male,25-34
27262,2025-07-05T12:52:29.689Z,Organic,India,North Davidport,Male,18-24
27271,2025-12-09T12:52:29.689Z,Influencer,India,Jamesberg,Male,18-24
27280,2025-05-25T12:52:29.689Z,Influencer,India,Matthewfurt,Male,25-34
27309,2025-05-16T12:52:29.689Z,Organic,India,Jacksonhaven,Other,35-44
27320,2025-06-20T12:52:29.689Z,Email,India,Brianfurt,Female,35-44
27325,2025-05-04T12:52:29.689Z,Paid Ads,India,Rogersmouth,Other,18-24
27340,2025-08-19T12:52:29.689Z,Paid Ads,India,Clarkstad,Other,18-24
27341,2025-07-17T12:52:29.689Z,Email,India,Lewischester,Other,45+
27347,2025-04-28T12:52:29.689Z,Organic,India,Allisonfurt,Male,35-44
27351,2025-06-28T12:52:29.689Z,Email,India,Michaelberg,Other,25-34
27356,2025-12-22T12:52:29.689Z,Influencer,India,West Richard,Male,45+
27373,2025-11-04T12:52:29.689Z,Referral,India,North Shelby,Female,35-44
27382,2025-04-02T12:52:29.689Z,Influencer,India,Port Brian,Other,35-44
27386,2025-05-04T12:52:29.689Z,Influencer,India,Brandymouth,Other,18-24
27395,2026-01-24T12:52:29.689Z,Email,India,South Thomasborough,Female,18-24
27399,2026-02-28T12:52:29.689Z,Paid Ads,India,Wheelerbury,Male,25-34
27402,2025-08-24T12:52:29.689Z,Referral,India,Lake Melissa,Other,18-24
27405,2025-03-01T12:52:29.689Z,Influencer,India,New Christopherfort,Female,25-34
27406,2026-01-12T12:52:29.689Z,Referral,India,South Danaburgh,Female,35-44
27409,2025-07-30T12:52:29.689Z,Organic,India,New Jaychester,Female,18-24
27412,2026-01-21T12:52:29.689Z,Paid Ads,India,Greenshire,Female,35-44
27413,2026-01-27T12:52:29.689Z,Organic,India,Harrellshire,Other,18-24
27425,2025-09-19T12:52:29.689Z,Organic,India,Tonyaville,Other,25-34
27427,2026-02-04T12:52:29.689Z,Email,India,Marshallberg,Other,25-34
27434,2025-08-20T12:52:29.689Z,Referral,India,East Terri,Other,18-24
27439,2025-05-22T12:52:29.689Z,Email,India,New Danastad,Other,45+
27447,2025-09-24T12:52:29.689Z,Paid Ads,India,North Kylefurt,Male,45+
27459,2026-01-12T12:52:29.689Z,Organic,India,East Raymond,Male,45+
27461,2025-04-28T12:52:29.689Z,Email,India,West Austinshire,Other,25-34
27464,2025-11-22T12:52:29.689Z,Paid Ads,India,Christopherview,Other,25-34
27469,2025-10-26T12:52:29.689Z,Referral,India,South Stephen,Female,25-34
27470,2025-06-28T12:52:29.689Z,Email,India,Skinnerhaven,Female,18-24
27473,2025-06-10T12:52:29.689Z,Organic,India,Jeffreyland,Female,18-24
27474,2025-05-15T12:52:29.689Z,Organic,India,Weberchester,Other,18-24
27475,2025-04-05T12:52:29.689Z,Paid Ads,India,Marktown,Male,35-44
27480,2026-01-05T12:52:29.689Z,Organic,India,New Jamie,Female,18-24
27482,2025-04-13T12:52:29.689Z,Influencer,India,Kramerview,Female,25-34
27484,2025-07-15T12:52:29.689Z,Organic,India,Melindamouth,Female,45+
27488,2025-04-17T12:52:29.689Z,Email,India,North Christian,Male,35-44
27503,2025-07-14T12:52:29.689Z,Influencer,India,Kaitlinborough,Male,45+
27504,2025-11-03T12:52:29.689Z,Paid Ads,India,South Christina,Female,18-24
27506,2025-05-06T12:52:29.689Z,Influencer,India,Glennmouth,Other,45+
27513,2025-07-23T12:52:29.689Z,Referral,India,Lake Paige,Other,35-44
27515,2026-02-13T12:52:29.689Z,Email,India,Lake Jeremiah,Other,25-34
27519,2025-07-23T12:52:29.689Z,Organic,India,Kathyshire,Male,35-44
27521,2026-02-09T12:52:29.689Z,Paid Ads,India,East Claudiaberg,Male,25-34
27522,2025-06-01T12:52:29.689Z,Influencer,India,Gomezfurt,Other,45+
27532,2025-08-16T12:52:29.689Z,Organic,India,Savannahville,Other,35-44
27538,2025-03-12T12:52:29.689Z,Influencer,India,South Bradley,Other,18-24
27540,2025-11-25T12:52:29.689Z,Referral,India,Kathyberg,Male,45+
27541,2026-02-09T12:52:29.689Z,Email,India,Port Jeffreyland,Female,25-34
27559,2026-02-17T12:52:29.689Z,Referral,India,Frederickport,Other,45+
27563,2025-12-28T12:52:29.689Z,Organic,India,South Nicholaschester,Other,18-24
27564,2025-03-17T12:52:29.689Z,Influencer,India,Blakestad,Male,18-24
27568,2025-05-13T12:52:29.689Z,Email,India,Diazchester,Female,18-24
27569,2025-10-27T12:52:29.689Z,Referral,India,Thomasburgh,Female,25-34
27571,2025-04-09T12:52:29.689Z,Organic,India,New Glennfort,Male,45+
27579,2025-11-06T12:52:29.689Z,Referral,India,South Eddie,Female,35-44
27603,2025-07-24T12:52:29.689Z,Paid Ads,India,West Danielleshire,Female,45+
27630,2025-09-12T12:52:29.689Z,Email,India,Kaylabury,Female,25-34
27631,2025-11-23T12:52:29.689Z,Email,India,North Madelineville,Other,35-44
27645,2025-09-28T12:52:29.689Z,Paid Ads,India,Tracyview,Female,25-34
27654,2025-11-10T12:52:29.689Z,Referral,India,West Lisafurt,Male,25-34
27655,2025-03-21T12:52:29.689Z,Organic,India,Martinbury,Female,25-34
27658,2025-07-10T12:52:29.689Z,Paid Ads,India,Reneeburgh,Male,18-24
27660,2025-04-19T12:52:29.689Z,Referral,India,Krystalmouth,Other,45+
27671,2025-11-15T12:52:29.689Z,Influencer,India,Audreyside,Female,18-24
27673,2025-05-19T12:52:29.689Z,Email,India,South Devin,Female,18-24
27685,2025-06-08T12:52:29.689Z,Influencer,India,Matthewbury,Male,18-24
27691,2025-08-22T12:52:29.689Z,Email,India,South Sean,Female,35-44
27698,2026-01-03T12:52:29.689Z,Organic,India,Johnsonmouth,Female,25-34
27700,2025-08-19T12:52:29.689Z,Email,India,Lake Dawn,Male,25-34
27703,2025-04-26T12:52:29.689Z,Paid Ads,India,New Justin,Female,25-34
27707,2025-03-19T12:52:29.689Z,Referral,India,Aliceland,Male,45+
27713,2025-05-21T12:52:29.689Z,Influencer,India,Lake Lauraberg,Female,18-24
27714,2025-11-27T12:52:29.689Z,Influencer,India,North Marystad,Other,25-34
27715,2025-07-14T12:52:29.689Z,Referral,India,North Ashleyfort,Female,35-44
27716,2025-03-07T12:52:29.689Z,Influencer,India,South Melissamouth,Female,18-24
27721,2025-09-27T12:52:29.689Z,Email,India,West Maria,Female,45+
27734,2025-07-19T12:52:29.689Z,Paid Ads,India,East Natasha,Other,25-34
27744,2025-11-20T12:52:29.689Z,Referral,India,North Kimberlyland,Female,35-44
27756,2025-08-13T12:52:29.689Z,Influencer,India,Amytown,Male,45+
27760,2025-04-05T12:52:29.689Z,Referral,India,Jacquelinestad,Other,45+
27768,2025-04-18T12:52:29.689Z,Email,India,Lake Angelamouth,Male,18-24
27777,2025-06-17T12:52:29.689Z,Paid Ads,India,Samanthaburgh,Male,35-44
27779,2025-12-22T12:52:29.689Z,Paid Ads,India,Lake Jonathan,Female,18-24
27780,2025-11-10T12:52:29.689Z,Referral,India,Port Matthewborough,Male,35-44
27783,2025-05-08T12:52:29.689Z,Organic,India,North Lisahaven,Other,35-44
27795,2025-06-20T12:52:29.689Z,Referral,India,Kingstad,Male,18-24
27809,2025-03-11T12:52:29.689Z,Influencer,India,New Charles,Other,18-24
27810,2025-07-31T12:52:29.689Z,Paid Ads,India,Philipside,Other,25-34
27812,2025-12-19T12:52:29.689Z,Referral,India,West Lori,Male,18-24
27817,2025-04-13T12:52:29.689Z,Paid Ads,India,Flemingville,Other,18-24
27818,2026-01-28T12:52:29.689Z,Email,India,Nancybury,Female,45+
27821,2025-04-23T12:52:29.689Z,Paid Ads,India,New Jennifer,Female,18-24
27829,2026-02-10T12:52:29.689Z,Influencer,India,Malloryland,Other,45+
27842,2025-04-08T12:52:29.689Z,Organic,India,Reedfort,Other,25-34
27850,2026-01-01T12:52:29.689Z,Influencer,India,Lake Anthonymouth,Female,18-24
27851,2025-04-02T12:52:29.689Z,Email,India,Kimshire,Male,25-34
27852,2026-01-24T12:52:29.689Z,Influencer,India,Fosterville,Female,35-44
27853,2025-12-28T12:52:29.689Z,Paid Ads,India,North Aaron,Male,25-34
27854,2025-05-30T12:52:29.689Z,Email,India,Whiteshire,Female,25-34
27865,2025-04-17T12:52:29.689Z,Referral,India,West Kathleen,Female,25-34
27868,2025-07-24T12:52:29.689Z,Email,India,Milesstad,Other,45+
27871,2025-08-16T12:52:29.689Z,Influencer,India,Lake Jessicaview,Female,25-34
27872,2025-03-18T12:52:29.689Z,Organic,India,Jacquelinetown,Female,35-44
27911,2025-06-18T12:52:29.689Z,Organic,India,West Michael,Female,18-24
27919,2025-07-28T12:52:29.689Z,Paid Ads,India,Port Kylieburgh,Other,35-44
27951,2025-08-31T12:52:29.689Z,Referral,India,New Marissa,Other,25-34
27972,2025-07-25T12:52:29.689Z,Email,India,Port Meredithton,Other,45+
27978,2025-05-12T12:52:29.689Z,Paid Ads,India,North Sean,Male,35-44
27994,2025-03-08T12:52:29.689Z,Paid Ads,India,Zacharychester,Other,35-44
27995,2025-03-29T12:52:29.689Z,Referral,India,Hogantown,Female,45+
28013,2025-05-12T12:52:29.689Z,Paid Ads,India,Ricefurt,Female,25-34
28022,2025-11-13T12:52:29.689Z,Email,India,Westland,Female,35-44
28025,2025-10-13T12:52:29.689Z,Paid Ads,India,East Marcusborough,Female,45+
28041,2025-05-18T12:52:29.689Z,Influencer,India,West Jose,Other,18-24
28042,2026-01-26T12:52:29.689Z,Referral,India,Lake Lindafort,Other,45+
28044,2026-02-05T12:52:29.689Z,Paid Ads,India,North Erin,Other,18-24
28056,2025-10-03T12:52:29.689Z,Referral,India,Mooreburgh,Male,18-24
28057,2025-04-26T12:52:29.689Z,Organic,India,Bairdfort,Male,45+
28066,2025-06-24T12:52:29.689Z,Influencer,India,North Tiffanychester,Female,18-24
28076,2025-09-09T12:52:29.689Z,Email,India,Lake Judith,Female,18-24
28078,2025-09-10T12:52:29.689Z,Referral,India,Leeshire,Male,45+
28099,2025-12-21T12:52:29.689Z,Paid Ads,India,Sullivanhaven,Female,35-44
28110,2025-07-05T12:52:29.689Z,Organic,India,Sanchezstad,Female,45+
28113,2025-07-27T12:52:29.689Z,Email,India,Soniatown,Female,25-34
28118,2025-05-21T12:52:29.689Z,Paid Ads,India,Lynchfort,Male,45+
28120,2025-03-05T12:52:29.689Z,Organic,India,Lopezmouth,Female,45+
28127,2026-01-28T12:52:29.689Z,Influencer,India,Castillochester,Other,45+
28134,2025-09-22T12:52:29.689Z,Email,India,Annachester,Other,45+
28145,2025-09-09T12:52:29.689Z,Referral,India,East Lauraville,Male,25-34
28150,2025-07-30T12:52:29.689Z,Organic,India,Morganton,Female,45+
28153,2025-09-17T12:52:29.689Z,Email,India,Sandyville,Male,25-34
28154,2025-10-03T12:52:29.689Z,Influencer,India,Lake Jeremyville,Female,45+
28161,2025-03-03T12:52:29.689Z,Influencer,India,East Christopher,Male,18-24
28167,2025-12-05T12:52:29.689Z,Paid Ads,India,New James,Female,45+
28170,2025-06-07T12:52:29.689Z,Paid Ads,India,East Louis,Other,25-34
28191,2025-07-17T12:52:29.689Z,Paid Ads,India,East Christopher,Other,35-44
28193,2025-05-24T12:52:29.689Z,Organic,India,Davidfurt,Female,35-44
28198,2025-09-25T12:52:29.689Z,Influencer,India,Romanview,Male,25-34
28200,2025-11-07T12:52:29.689Z,Email,India,South Dwayne,Other,18-24
28201,2025-11-22T12:52:29.689Z,Email,India,Heatherbury,Male,18-24
28209,2025-03-21T12:52:29.689Z,Influencer,India,East Paul,Female,35-44
28219,2025-08-22T12:52:29.689Z,Organic,India,East Tammy,Male,45+
28220,2025-08-02T12:52:29.689Z,Referral,India,Cohenberg,Other,25-34
28225,2025-10-03T12:52:29.689Z,Email,India,Wilsonchester,Male,25-34
28227,2025-06-19T12:52:29.689Z,Influencer,India,Port Taylorshire,Female,35-44
28231,2025-12-20T12:52:29.689Z,Paid Ads,India,Nguyenshire,Male,35-44
28252,2025-10-22T12:52:29.689Z,Paid Ads,India,Maryland,Other,45+
28258,2025-03-04T12:52:29.689Z,Email,India,Sanchezbury,Other,45+
28266,2025-07-26T12:52:29.689Z,Influencer,India,New Hannah,Other,35-44
28267,2026-02-13T12:52:29.689Z,Organic,India,Danielshire,Other,35-44
28279,2025-09-03T12:52:29.689Z,Referral,India,South Virginialand,Male,18-24
28289,2026-01-15T12:52:29.689Z,Paid Ads,India,Steveport,Other,45+
28306,2025-05-12T12:52:29.689Z,Referral,India,Jeanside,Other,45+
28317,2025-12-29T12:52:29.689Z,Influencer,India,Sweeneyfort,Female,25-34
28319,2025-06-27T12:52:29.689Z,Paid Ads,India,Weberville,Other,18-24
28333,2025-05-06T12:52:29.689Z,Paid Ads,India,Lake Michael,Male,25-34
28337,2025-04-28T12:52:29.689Z,Paid Ads,India,East David,Male,18-24
28338,2025-05-25T12:52:29.689Z,Influencer,India,North Jasonville,Other,18-24
28340,2025-03-22T12:52:29.689Z,Influencer,India,Port Christopherborough,Male,25-34
28343,2025-11-01T12:52:29.689Z,Referral,India,West Reginachester,Male,45+
28353,2025-04-27T12:52:29.689Z,Organic,India,Lisabury,Other,35-44
28366,2025-06-16T12:52:29.689Z,Email,India,Prestonmouth,Male,25-34
28368,2025-10-14T12:52:29.689Z,Influencer,India,East Georgefort,Male,18-24
28370,2025-11-09T12:52:29.689Z,Influencer,India,North Cynthia,Female,25-34
28376,2025-11-21T12:52:29.689Z,Organic,India,Lake Andreatown,Male,35-44
28377,2025-03-25T12:52:29.689Z,Referral,India,North Amymouth,Female,45+
28378,2025-05-30T12:52:29.689Z,Email,India,Kimberlyfort,Male,18-24
28379,2025-03-05T12:52:29.689Z,Paid Ads,India,East Sergioville,Female,18-24
28390,2026-02-07T12:52:29.689Z,Email,India,Mooreberg,Male,25-34
28397,2026-02-08T12:52:29.689Z,Paid Ads,India,Nicholstown,Male,25-34
28406,2025-08-20T12:52:29.689Z,Email,India,East Williamstad,Female,18-24
28407,2026-02-04T12:52:29.689Z,Referral,India,Port Rebecca,Female,25-34
28408,2025-07-25T12:52:29.689Z,Referral,India,Lake Ashley,Other,25-34
28415,2026-01-07T12:52:29.689Z,Referral,India,Daltonstad,Female,45+
28430,2026-01-21T12:52:29.689Z,Paid Ads,India,Michaelport,Other,25-34
28431,2025-07-23T12:52:29.689Z,Organic,India,Millerton,Female,45+
28441,2026-02-06T12:52:29.689Z,Paid Ads,India,Lake Daniel,Female,35-44
28443,2025-03-02T12:52:29.689Z,Paid Ads,India,Lake Bradley,Other,35-44
28462,2025-09-04T12:52:29.689Z,Paid Ads,India,West Penny,Male,18-24
28464,2025-05-12T12:52:29.689Z,Paid Ads,India,Lake Claytonland,Other,18-24
28471,2025-04-07T12:52:29.689Z,Organic,India,New Kevin,Male,18-24
28491,2026-02-03T12:52:29.689Z,Email,India,Lake Nicholasfort,Other,18-24
28492,2025-05-09T12:52:29.689Z,Paid Ads,India,New Prestonmouth,Female,18-24
28504,2025-09-11T12:52:29.689Z,Organic,India,Michelemouth,Female,25-34
28506,2025-12-22T12:52:29.689Z,Organic,India,Michaelburgh,Female,35-44
28509,2025-08-25T12:52:29.689Z,Organic,India,New Judith,Other,35-44
28517,2025-07-11T12:52:29.689Z,Referral,India,Hodgefort,Female,35-44
28520,2025-10-31T12:52:29.689Z,Influencer,India,South Anthonyshire,Male,18-24
28540,2025-12-23T12:52:29.689Z,Paid Ads,India,Griffithton,Other,35-44
28553,2025-07-07T12:52:29.689Z,Paid Ads,India,Bernardtown,Male,18-24
28562,2025-06-14T12:52:29.689Z,Paid Ads,India,West Thomas,Other,25-34
28568,2025-07-14T12:52:29.689Z,Influencer,India,South Spencer,Female,45+
28569,2026-02-06T12:52:29.689Z,Organic,India,Robertsport,Male,25-34
28577,2025-04-29T12:52:29.689Z,Paid Ads,India,East Elizabethton,Other,35-44
28581,2025-04-06T12:52:29.689Z,Email,India,Scottborough,Other,18-24
28587,2025-08-23T12:52:29.689Z,Influencer,India,Ramosland,Other,25-34
28603,2025-05-12T12:52:29.689Z,Organic,India,West Patricia,Female,45+
28617,2025-08-22T12:52:29.689Z,Paid Ads,India,Codyland,Female,35-44
28623,2025-07-14T12:52:29.689Z,Influencer,India,Lake Crystalport,Other,35-44
28629,2025-11-11T12:52:29.689Z,Paid Ads,India,Turnermouth,Female,35-44
28632,2025-03-31T12:52:29.689Z,Organic,India,Maxwellton,Male,25-34
28637,2025-05-01T12:52:29.689Z,Email,India,East Gabriela,Male,25-34
28639,2025-08-25T12:52:29.689Z,Organic,India,North Wandafurt,Male,18-24
28649,2025-08-29T12:52:29.689Z,Referral,India,Lopezport,Other,18-24
28657,2026-01-26T12:52:29.689Z,Paid Ads,India,North Kevintown,Female,45+
28667,2025-09-05T12:52:29.689Z,Organic,India,Annaberg,Male,18-24
28670,2025-09-26T12:52:29.689Z,Influencer,India,Terrellmouth,Male,18-24
28683,2025-07-14T12:52:29.689Z,Influencer,India,East Samantha,Male,45+
28686,2025-11-14T12:52:29.689Z,Organic,India,South Katie,Male,45+
28688,2025-04-19T12:52:29.689Z,Influencer,India,Lisaville,Other,45+
28695,2025-07-16T12:52:29.689Z,Organic,India,Manuelside,Other,45+
28699,2026-01-21T12:52:29.689Z,Email,India,Karenmouth,Other,35-44
28710,2025-12-18T12:52:29.689Z,Referral,India,Millerport,Other,25-34
28712,2025-11-10T12:52:29.689Z,Referral,India,Schwartzstad,Female,18-24
28719,2025-04-18T12:52:29.689Z,Influencer,India,Hendrickstown,Other,25-34
28725,2025-06-14T12:52:29.689Z,Influencer,India,Douglasbury,Male,45+
28736,2025-06-17T12:52:29.689Z,Referral,India,Solisbury,Other,18-24
28737,2025-07-22T12:52:29.689Z,Email,India,Gutierrezstad,Male,18-24
28740,2025-04-26T12:52:29.689Z,Influencer,India,East Joseph,Female,18-24
28745,2025-12-01T12:52:29.689Z,Email,India,North Kaylachester,Other,25-34
28750,2026-02-12T12:52:29.689Z,Email,India,South Mary,Male,25-34
28755,2025-09-10T12:52:29.689Z,Email,India,Parkerchester,Male,35-44
28757,2025-06-18T12:52:29.689Z,Organic,India,Hardingport,Male,45+
28766,2025-09-07T12:52:29.689Z,Influencer,India,Lake Veronica,Female,45+
28770,2025-11-17T12:52:29.689Z,Influencer,India,Lake Laurie,Other,25-34
28784,2025-12-19T12:52:29.689Z,Referral,India,New Kelseychester,Other,45+
28793,2025-11-07T12:52:29.689Z,Influencer,India,Lake Laura,Other,25-34
28798,2025-08-06T12:52:29.689Z,Email,India,West Stephanie,Other,25-34
28799,2025-11-13T12:52:29.689Z,Referral,India,Jonesville,Female,45+
28806,2025-07-15T12:52:29.689Z,Email,India,Austinmouth,Female,25-34
28810,2025-10-16T12:52:29.689Z,Influencer,India,Lake Yvetteport,Male,25-34
28813,2025-05-20T12:52:29.689Z,Referral,India,Scottstad,Male,18-24
28816,2025-09-06T12:52:29.689Z,Referral,India,Louistown,Female,45+
28820,2025-08-24T12:52:29.689Z,Paid Ads,India,Bakerville,Other,35-44
28826,2025-06-07T12:52:29.689Z,Influencer,India,North Kevin,Male,25-34
28832,2025-03-11T12:52:29.689Z,Influencer,India,Garyton,Female,35-44
28835,2025-03-16T12:52:29.689Z,Influencer,India,Lake Calvin,Male,18-24
28844,2025-04-07T12:52:29.689Z,Organic,India,New Joyce,Other,18-24
28855,2025-10-02T12:52:29.689Z,Paid Ads,India,Biancastad,Other,25-34
28856,2025-09-30T12:52:29.689Z,Paid Ads,India,East Adamfurt,Male,18-24
28859,2026-02-23T12:52:29.689Z,Influencer,India,West Troy,Male,25-34
28862,2026-02-11T12:52:29.689Z,Organic,India,North Michael,Female,45+
28865,2026-01-09T12:52:29.689Z,Email,India,Cindymouth,Female,18-24
28866,2025-06-06T12:52:29.689Z,Paid Ads,India,Khanshire,Female,18-24
28868,2025-03-29T12:52:29.689Z,Organic,India,Lake David,Other,35-44
28869,2025-10-03T12:52:29.689Z,Paid Ads,India,South Ricardo,Male,45+
28887,2025-07-26T12:52:29.689Z,Influencer,India,West Brian,Other,45+
28894,2025-08-13T12:52:29.689Z,Organic,India,West Derek,Female,18-24
28897,2025-11-28T12:52:29.689Z,Influencer,India,New Jontown,Female,18-24
28903,2025-09-14T12:52:29.689Z,Email,India,Trevorport,Female,25-34
28908,2025-05-19T12:52:29.689Z,Referral,India,West Robert,Female,18-24
28923,2026-02-07T12:52:29.689Z,Referral,India,New Victoria,Female,18-24
28927,2025-03-06T12:52:29.689Z,Email,India,Lucasfurt,Other,45+
28929,2025-06-22T12:52:29.689Z,Referral,India,Malonehaven,Female,35-44
28937,2025-11-18T12:52:29.689Z,Organic,India,New Sean,Female,25-34
28939,2025-08-26T12:52:29.689Z,Influencer,India,Port Benjamin,Other,45+
28941,2025-06-08T12:52:29.689Z,Email,India,Jonathontown,Other,45+
28945,2025-11-05T12:52:29.689Z,Referral,India,Gregoryberg,Other,35-44
28954,2025-04-07T12:52:29.689Z,Email,India,Cuevasfurt,Female,25-34
28960,2025-06-21T12:52:29.689Z,Organic,India,East Barbara,Male,35-44
28961,2025-11-22T12:52:29.689Z,Influencer,India,Cooketown,Male,25-34
28962,2025-07-20T12:52:29.689Z,Influencer,India,North Mary,Female,18-24
28968,2026-01-31T12:52:29.689Z,Paid Ads,India,Port John,Other,45+
28970,2026-01-03T12:52:29.689Z,Referral,India,Lake Gabriela,Male,25-34
28988,2026-02-03T12:52:29.689Z,Email,India,Smithbury,Female,18-24
28992,2025-05-18T12:52:29.689Z,Paid Ads,India,West Danielville,Female,25-34
28996,2025-08-31T12:52:29.689Z,Email,India,Kathrynfurt,Male,35-44
29003,2025-07-29T12:52:29.689Z,Referral,India,North Samuelview,Other,18-24
29022,2025-05-22T12:52:29.689Z,Organic,India,East Megan,Other,25-34
29031,2025-11-18T12:52:29.689Z,Organic,India,South Bethany,Other,45+
29036,2025-12-24T12:52:29.689Z,Referral,India,Bennettbury,Female,25-34
29038,2025-10-16T12:52:29.689Z,Influencer,India,Port Jimmychester,Female,18-24
29041,2025-09-06T12:52:29.689Z,Referral,India,East Robinberg,Other,18-24
29046,2025-05-02T12:52:29.689Z,Paid Ads,India,Briantown,Female,25-34
29049,2025-10-12T12:52:29.689Z,Email,India,Katherinefort,Female,45+
29052,2025-11-26T12:52:29.689Z,Email,India,Jessicaport,Male,18-24
29054,2025-12-05T12:52:29.689Z,Email,India,Bushland,Other,45+
29068,2025-04-26T12:52:29.689Z,Organic,India,West Dianafort,Male,25-34
29085,2025-09-30T12:52:29.689Z,Referral,India,Michaelburgh,Male,35-44
29090,2025-12-06T12:52:29.689Z,Email,India,East Christian,Female,45+
29091,2025-11-05T12:52:29.689Z,Organic,India,West Carlos,Female,35-44
29097,2025-12-15T12:52:29.689Z,Influencer,India,Thompsonburgh,Female,18-24
29104,2025-04-03T12:52:29.689Z,Paid Ads,India,West Cody,Male,18-24
29116,2026-02-03T12:52:29.689Z,Paid Ads,India,Ashleyville,Male,35-44
29126,2025-04-24T12:52:29.689Z,Referral,India,Dominguezside,Other,18-24
29132,2025-04-07T12:52:29.689Z,Paid Ads,India,Hollandburgh,Male,45+
29138,2025-10-11T12:52:29.689Z,Influencer,India,North Michael,Female,45+
29139,2025-06-06T12:52:29.689Z,Email,India,Port William,Male,35-44
29143,2025-03-02T12:52:29.689Z,Influencer,India,Port Jamesfort,Other,18-24
29144,2025-03-11T12:52:29.689Z,Paid Ads,India,West Michaelshire,Other,45+
29146,2025-06-02T12:52:29.689Z,Organic,India,New Robert,Male,18-24
29158,2026-01-06T12:52:29.689Z,Organic,India,New Jaime,Female,25-34
29164,2025-06-07T12:52:29.689Z,Paid Ads,India,South Kevin,Male,45+
29170,2026-02-08T12:52:29.689Z,Organic,India,Sotofort,Other,35-44
29176,2025-12-19T12:52:29.689Z,Organic,India,New Hannah,Male,35-44
29178,2025-10-24T12:52:29.689Z,Organic,India,Galvanside,Female,18-24
29183,2025-03-03T12:52:29.689Z,Paid Ads,India,West Johnburgh,Female,18-24
29185,2025-08-11T12:52:29.689Z,Organic,India,Port Jennifermouth,Male,35-44
29186,2025-07-08T12:52:29.689Z,Paid Ads,India,Lake Shirley,Male,18-24
29191,2025-11-09T12:52:29.689Z,Referral,India,Wellsville,Female,35-44
29199,2025-09-02T12:52:29.689Z,Referral,India,South Davidberg,Male,25-34
29215,2025-11-03T12:52:29.689Z,Organic,India,Rileyshire,Female,45+
29216,2025-09-22T12:52:29.689Z,Email,India,West William,Female,25-34
29227,2025-09-10T12:52:29.689Z,Email,India,Jameschester,Other,45+
29231,2025-03-10T12:52:29.689Z,Referral,India,Priceland,Male,35-44
29237,2025-10-08T12:52:29.689Z,Paid Ads,India,South Glennton,Male,45+
29242,2025-10-04T12:52:29.689Z,Referral,India,East Cindyberg,Male,18-24
29250,2025-04-20T12:52:29.689Z,Paid Ads,India,Port Williamside,Female,35-44
29255,2025-05-24T12:52:29.689Z,Paid Ads,India,North John,Female,18-24
29261,2025-08-04T12:52:29.689Z,Influencer,India,New Anthony,Female,35-44
29263,2025-09-10T12:52:29.689Z,Organic,India,Melissaland,Other,18-24
29266,2026-02-10T12:52:29.689Z,Influencer,India,Lake Brandy,Female,18-24
29273,2025-07-06T12:52:29.689Z,Email,India,East Alexis,Other,25-34
29307,2025-10-17T12:52:29.689Z,Email,India,Hannastad,Female,45+
29310,2025-07-03T12:52:29.689Z,Email,India,Port Ruth,Other,35-44
29311,2025-10-29T12:52:29.689Z,Paid Ads,India,Lake Sherry,Male,18-24
29313,2025-10-14T12:52:29.689Z,Influencer,India,Peterland,Male,45+
29320,2026-01-09T12:52:29.689Z,Email,India,Lake Zacharytown,Female,25-34
29326,2025-04-10T12:52:29.689Z,Paid Ads,India,Morahaven,Male,25-34
29328,2025-04-09T12:52:29.689Z,Email,India,Benjamintown,Male,35-44
29329,2025-12-25T12:52:29.689Z,Influencer,India,West Kristenmouth,Other,25-34
29336,2025-10-03T12:52:29.689Z,Referral,India,South Elizabethside,Male,45+
29343,2025-12-09T12:52:29.689Z,Influencer,India,Paulland,Other,25-34
29358,2025-07-15T12:52:29.689Z,Referral,India,Joshuaport,Other,25-34
29363,2025-03-20T12:52:29.689Z,Email,India,Stevenmouth,Male,18-24
29394,2025-12-24T12:52:29.689Z,Organic,India,Hannahland,Female,35-44
29396,2025-12-21T12:52:29.689Z,Referral,India,Lauraton,Other,35-44
29398,2026-01-10T12:52:29.689Z,Influencer,India,Shepherdberg,Female,35-44
29408,2025-09-11T12:52:29.689Z,Referral,India,Heathermouth,Other,25-34
29414,2025-06-16T12:52:29.689Z,Influencer,India,Port Ricardobury,Other,35-44
29417,2025-07-19T12:52:29.689Z,Paid Ads,India,Lake Anthony,Female,25-34
29423,2026-01-31T12:52:29.689Z,Referral,India,Lesterview,Male,18-24
29438,2025-11-07T12:52:29.689Z,Referral,India,West Kennethmouth,Male,45+
29447,2025-06-07T12:52:29.689Z,Influencer,India,Lake Brandonfort,Male,18-24
29448,2025-03-21T12:52:29.689Z,Referral,India,Foxmouth,Other,18-24
29461,2025-08-05T12:52:29.689Z,Influencer,India,Josephberg,Other,45+
29463,2025-12-11T12:52:29.689Z,Paid Ads,India,Lake Melissachester,Female,45+
29464,2025-06-28T12:52:29.689Z,Referral,India,Kristenberg,Female,18-24
29473,2025-03-29T12:52:29.689Z,Organic,India,Weaverport,Other,45+
29477,2025-06-11T12:52:29.689Z,Email,India,Tylershire,Female,45+
29478,2025-03-22T12:52:29.689Z,Influencer,India,East Sandramouth,Other,45+
29481,2026-01-19T12:52:29.689Z,Organic,India,North Melindatown,Female,35-44
29490,2025-06-28T12:52:29.689Z,Paid Ads,India,Cruzland,Other,45+
29492,2025-05-23T12:52:29.689Z,Organic,India,Brendastad,Other,25-34
29507,2025-05-30T12:52:29.689Z,Email,India,Port Jennifer,Other,18-24
29511,2026-02-09T12:52:29.689Z,Referral,India,Stephenville,Female,25-34
29513,2025-03-05T12:52:29.689Z,Organic,India,Nathanielfurt,Female,45+
29517,2025-07-11T12:52:29.689Z,Referral,India,New Joseph,Male,18-24
29546,2025-10-01T12:52:29.689Z,Referral,India,South Laurafort,Male,45+
29551,2025-03-09T12:52:29.689Z,Influencer,India,North Martinmouth,Male,18-24
29559,2025-04-11T12:52:29.689Z,Referral,India,Christinaburgh,Other,35-44
29579,2026-01-27T12:52:29.689Z,Email,India,Zimmermanberg,Female,25-34
29585,2025-03-14T12:52:29.689Z,Influencer,India,Port Brendaside,Male,35-44
29589,2025-04-20T12:52:29.689Z,Paid Ads,India,New William,Other,25-34
29616,2025-08-20T12:52:29.689Z,Organic,India,Johnsonton,Female,35-44
29635,2025-08-12T12:52:29.689Z,Paid Ads,India,South Juan,Male,25-34
29648,2025-08-12T12:52:29.689Z,Referral,India,Russellshire,Female,18-24
29649,2025-06-07T12:52:29.689Z,Paid Ads,India,West Kristina,Female,25-34
29651,2025-04-27T12:52:29.689Z,Email,India,Williamstad,Male,18-24
29657,2025-11-18T12:52:29.689Z,Organic,India,East Kristaburgh,Female,18-24
29663,2025-04-01T12:52:29.689Z,Paid Ads,India,Port Coryborough,Female,18-24
29671,2025-08-15T12:52:29.689Z,Email,India,Lake Kiaraville,Other,35-44
29677,2025-05-29T12:52:29.689Z,Influencer,India,Port Jason,Female,18-24
29683,2025-11-26T12:52:29.689Z,Organic,India,Juliantown,Male,25-34
29686,2025-09-26T12:52:29.689Z,Paid Ads,India,Port Seanmouth,Male,45+
29688,2026-01-25T12:52:29.689Z,Influencer,India,Port Theresa,Other,25-34
29696,2025-03-14T12:52:29.689Z,Paid Ads,India,Samanthamouth,Male,18-24
29700,2025-10-29T12:52:29.689Z,Paid Ads,India,Stewartshire,Male,18-24
29717,2025-04-28T12:52:29.689Z,Paid Ads,India,Kathleenburgh,Female,18-24
29719,2025-08-13T12:52:29.689Z,Referral,India,Lake Jamieside,Other,18-24
29726,2025-09-14T12:52:29.689Z,Paid Ads,India,North Danaville,Female,35-44
29727,2025-12-12T12:52:29.689Z,Organic,India,Ronaldborough,Female,45+
29735,2026-02-22T12:52:29.689Z,Paid Ads,India,Lake Ericton,Male,35-44
29740,2025-12-05T12:52:29.689Z,Influencer,India,South Austinview,Female,25-34
29743,2025-12-02T12:52:29.689Z,Influencer,India,Katherineshire,Male,45+
29750,2025-12-24T12:52:29.689Z,Paid Ads,India,Julieport,Other,45+
29759,2025-04-06T12:52:29.689Z,Email,India,Lake Christopher,Other,18-24
29760,2025-11-30T12:52:29.689Z,Referral,India,North Kimberly,Male,35-44
29762,2025-09-18T12:52:29.689Z,Organic,India,Joelmouth,Other,25-34
29764,2026-02-28T12:52:29.689Z,Email,India,Port Thomas,Other,35-44
29766,2025-09-07T12:52:29.689Z,Organic,India,Morashire,Female,35-44
29771,2025-06-02T12:52:29.689Z,Email,India,West Paulbury,Female,18-24
29775,2025-04-17T12:52:29.689Z,Referral,India,Toddbury,Female,25-34
29776,2025-03-30T12:52:29.689Z,Paid Ads,India,Christensenchester,Female,18-24
29779,2026-02-23T12:52:29.689Z,Email,India,South Thomas,Male,35-44
29803,2025-04-25T12:52:29.689Z,Paid Ads,India,Lake Denise,Male,18-24
29810,2025-05-17T12:52:29.689Z,Paid Ads,India,Stevechester,Other,45+
29812,2025-10-18T12:52:29.689Z,Influencer,India,Marymouth,Male,25-34
29817,2025-03-13T12:52:29.689Z,Influencer,India,Shelbyfurt,Female,35-44
29818,2025-08-24T12:52:29.689Z,Influencer,India,South Briannaton,Female,35-44
29820,2025-10-03T12:52:29.689Z,Organic,India,Robertburgh,Male,35-44
29823,2026-02-19T12:52:29.689Z,Email,India,Port Brandon,Male,35-44
29843,2025-08-26T12:52:29.689Z,Influencer,India,Port Ralphstad,Male,45+
29845,2025-12-25T12:52:29.689Z,Paid Ads,India,East Danielton,Male,35-44
29846,2026-02-20T12:52:29.689Z,Organic,India,West Brian,Female,35-44
29851,2025-08-04T12:52:29.689Z,Paid Ads,India,Mcdonaldton,Other,25-34
29852,2025-08-24T12:52:29.689Z,Email,India,Blackport,Female,45+
29858,2025-04-30T12:52:29.689Z,Influencer,India,Lake Jacob,Male,25-34
29862,2025-07-08T12:52:29.689Z,Referral,India,Josephside,Male,45+
29870,2025-11-30T12:52:29.689Z,Referral,India,Greenburgh,Male,45+
29878,2025-07-11T12:52:29.689Z,Referral,India,Port Jeffreymouth,Female,18-24
29880,2026-02-26T12:52:29.689Z,Paid Ads,India,North Christine,Male,18-24
29894,2025-09-30T12:52:29.689Z,Organic,India,Johnchester,Male,18-24
29898,2025-09-17T12:52:29.689Z,Influencer,India,Port Emily,Other,45+
29906,2025-04-14T12:52:29.689Z,Referral,India,North Michaelborough,Male,25-34
29917,2025-03-27T12:52:29.689Z,Organic,India,Paulberg,Female,35-44
29928,2025-05-16T12:52:29.689Z,Email,India,East Josephport,Other,25-34
29942,2025-07-31T12:52:29.689Z,Organic,India,Port Phillipside,Female,45+
29945,2025-03-04T12:52:29.689Z,Paid Ads,India,Parkerberg,Female,35-44
29947,2025-09-10T12:52:29.689Z,Referral,India,Deannamouth,Female,18-24
29960,2025-07-29T12:52:29.689Z,Paid Ads,India,Markstad,Other,45+
29961,2026-02-18T12:52:29.689Z,Email,India,Alexanderton,Other,25-34
29962,2025-03-13T12:52:29.689Z,Influencer,India,Priceshire,Female,25-34
29965,2025-05-07T12:52:29.689Z,Paid Ads,India,East Juan,Male,35-44
29966,2025-04-05T12:52:29.689Z,Paid Ads,India,Williamview,Female,25-34
29983,2025-09-11T12:52:29.689Z,Influencer,India,South Matthew,Male,18-24
29989,2026-02-13T12:52:29.689Z,Organic,India,South Rachel,Female,25-34
29990,2025-09-06T12:52:29.689Z,Influencer,India,Randallside,Other,35-44
30001,2025-07-20T12:52:29.689Z,Referral,India,Brownside,Male,45+
30005,2026-01-20T12:52:29.689Z,Referral,India,West Mark,Female,25-34
30007,2025-10-16T12:52:29.689Z,Referral,India,East Christinamouth,Other,18-24
30024,2025-05-24T12:52:29.689Z,Influencer,India,Orrbury,Male,18-24
30028,2025-07-10T12:52:29.689Z,Referral,India,Dawnville,Other,45+
30052,2025-09-01T12:52:29.689Z,Paid Ads,India,Lake Erinville,Other,35-44
30054,2026-01-14T12:52:29.689Z,Influencer,India,East Angelaview,Male,18-24
30056,2026-01-01T12:52:29.689Z,Referral,India,Mitchellland,Male,25-34
30059,2025-08-04T12:52:29.689Z,Email,India,Port Cheryl,Male,18-24
30060,2026-02-23T12:52:29.689Z,Referral,India,Andrewland,Male,25-34
30070,2025-10-27T12:52:29.689Z,Paid Ads,India,South Melissa,Male,45+
30074,2025-10-23T12:52:29.689Z,Paid Ads,India,Lake Andrewtown,Other,45+
30076,2025-07-04T12:52:29.689Z,Referral,India,Kevinborough,Female,18-24
30084,2025-07-13T12:52:29.689Z,Email,India,Isabeltown,Female,25-34
30086,2026-02-18T12:52:29.689Z,Referral,India,Port Cherylview,Female,35-44
30089,2025-10-19T12:52:29.689Z,Referral,India,West Lori,Other,25-34
30091,2025-06-04T12:52:29.689Z,Influencer,India,East Carlaland,Other,35-44
30096,2025-09-02T12:52:29.689Z,Organic,India,Gailport,Female,45+
30104,2025-10-28T12:52:29.689Z,Email,India,Meyertown,Female,18-24
30105,2025-04-10T12:52:29.689Z,Organic,India,Lopezstad,Other,25-34
30112,2025-04-13T12:52:29.689Z,Paid Ads,India,West Lynnville,Other,45+
30113,2025-04-24T12:52:29.689Z,Paid Ads,India,Lake Kayla,Female,18-24
30116,2025-10-28T12:52:29.689Z,Influencer,India,Westfort,Male,25-34
30120,2025-08-17T12:52:29.689Z,Email,India,New Jimmy,Other,45+
30124,2026-01-27T12:52:29.689Z,Influencer,India,East Jimmyhaven,Male,45+
30131,2025-06-09T12:52:29.689Z,Referral,India,West Edward,Male,18-24
30133,2026-01-04T12:52:29.689Z,Influencer,India,New Michaelborough,Other,35-44
30144,2025-08-16T12:52:29.689Z,Referral,India,Anthonyburgh,Female,35-44
30145,2025-07-11T12:52:29.689Z,Influencer,India,Elizabethview,Male,45+
30148,2026-02-10T12:52:29.689Z,Paid Ads,India,West Bryanbury,Female,35-44
30162,2025-07-28T12:52:29.689Z,Influencer,India,Port Laura,Female,18-24
30167,2025-07-25T12:52:29.689Z,Organic,India,Natalieside,Male,45+
30168,2026-01-20T12:52:29.689Z,Paid Ads,India,East Chad,Female,35-44
30176,2025-10-11T12:52:29.689Z,Email,India,West Joeport,Female,35-44
30188,2025-04-29T12:52:29.689Z,Referral,India,New Daniel,Female,45+
30201,2025-06-07T12:52:29.689Z,Referral,India,Youngshire,Other,45+
30214,2025-08-09T12:52:29.689Z,Email,India,West Daniel,Other,45+
30232,2026-02-11T12:52:29.689Z,Paid Ads,India,Petersside,Female,45+
30253,2025-11-10T12:52:29.689Z,Email,India,Port Emmamouth,Female,25-34
30255,2025-09-14T12:52:29.689Z,Referral,India,Port Nicholas,Female,18-24
30261,2025-10-16T12:52:29.689Z,Paid Ads,India,Christopherhaven,Male,25-34
30277,2026-02-12T12:52:29.689Z,Email,India,North Alicechester,Other,18-24
30280,2025-04-14T12:52:29.689Z,Paid Ads,India,Reynoldsside,Female,45+
30281,2025-11-19T12:52:29.689Z,Organic,India,West Daniel,Female,18-24
30282,2025-06-15T12:52:29.689Z,Paid Ads,India,East Christopher,Male,25-34
30289,2025-06-26T12:52:29.689Z,Paid Ads,India,Delacruzville,Other,18-24
30297,2025-09-26T12:52:29.689Z,Referral,India,Port Christopherport,Male,35-44
30310,2026-01-04T12:52:29.689Z,Organic,India,Ronaldhaven,Female,18-24
30314,2025-09-15T12:52:29.689Z,Referral,India,Mauricebury,Male,35-44
30317,2026-02-03T12:52:29.689Z,Referral,India,Sherriburgh,Male,25-34
30326,2025-04-21T12:52:29.689Z,Email,India,Lake Brittneymouth,Female,35-44
30327,2025-03-27T12:52:29.689Z,Email,India,Port Jessica,Male,25-34
30335,2025-08-09T12:52:29.689Z,Paid Ads,India,South Janiceport,Other,18-24
30340,2025-04-21T12:52:29.689Z,Referral,India,Port Sarafurt,Male,25-34
30343,2026-01-30T12:52:29.689Z,Paid Ads,India,Blackport,Female,45+
30344,2025-12-05T12:52:29.689Z,Paid Ads,India,Barbarachester,Female,45+
30358,2025-12-23T12:52:29.689Z,Referral,India,Zhangbury,Male,25-34
30360,2025-10-17T12:52:29.689Z,Influencer,India,Zacharyland,Female,18-24
30373,2026-01-21T12:52:29.689Z,Paid Ads,India,Barbarafort,Male,45+
30379,2025-06-28T12:52:29.689Z,Influencer,India,Lisamouth,Female,45+
30396,2025-06-03T12:52:29.689Z,Organic,India,New Ann,Male,35-44
30402,2025-04-28T12:52:29.689Z,Influencer,India,New Stephenmouth,Other,25-34
30403,2025-03-27T12:52:29.689Z,Referral,India,Pooleborough,Other,35-44
30409,2025-07-29T12:52:29.689Z,Influencer,India,Murphyview,Male,45+
30415,2025-10-23T12:52:29.689Z,Email,India,Port Ericashire,Male,18-24
30418,2025-10-09T12:52:29.689Z,Influencer,India,Jonshire,Male,25-34
30427,2025-12-10T12:52:29.689Z,Influencer,India,North Matthewstad,Other,35-44
30430,2026-02-22T12:52:29.689Z,Email,India,Cisnerosshire,Male,18-24
30431,2025-04-29T12:52:29.689Z,Organic,India,Danielbury,Male,18-24
30444,2026-01-24T12:52:29.689Z,Organic,India,Sandraside,Male,18-24
30447,2025-07-25T12:52:29.689Z,Email,India,South Sandraberg,Other,45+
30458,2025-08-02T12:52:29.689Z,Influencer,India,Moralesmouth,Female,18-24
30468,2025-09-23T12:52:29.689Z,Organic,India,Laurabury,Other,35-44
30469,2025-04-29T12:52:29.689Z,Organic,India,South Aaron,Other,35-44
30482,2025-11-07T12:52:29.689Z,Referral,India,South Karenbury,Male,35-44
30490,2025-05-12T12:52:29.689Z,Influencer,India,East Jill,Other,45+
30494,2025-12-16T12:52:29.689Z,Organic,India,New Cynthia,Female,45+
30507,2025-10-21T12:52:29.689Z,Email,India,Williamsbury,Male,18-24
30511,2025-06-11T12:52:29.689Z,Referral,India,Vasquezmouth,Other,35-44
30514,2025-06-06T12:52:29.689Z,Organic,India,Martintown,Other,35-44
30518,2025-04-07T12:52:29.689Z,Influencer,India,East Anthony,Male,45+
30529,2025-07-31T12:52:29.689Z,Referral,India,Williammouth,Male,35-44
30531,2025-07-30T12:52:29.689Z,Email,India,Darleneton,Male,25-34
30563,2025-05-03T12:52:29.689Z,Paid Ads,India,Austinborough,Female,18-24
30568,2025-07-18T12:52:29.689Z,Paid Ads,India,Craighaven,Male,35-44
30575,2025-09-19T12:52:29.689Z,Paid Ads,India,Ronaldfort,Male,45+
30576,2025-11-09T12:52:29.689Z,Email,India,West Diane,Female,18-24
30588,2025-12-19T12:52:29.689Z,Organic,India,West Lauren,Female,45+
30589,2025-11-25T12:52:29.689Z,Organic,India,Cooperview,Female,25-34
30591,2026-02-07T12:52:29.689Z,Paid Ads,India,South Jefferyborough,Female,45+
30592,2025-05-22T12:52:29.689Z,Influencer,India,Lake Andrew,Other,35-44
30596,2025-04-15T12:52:29.689Z,Email,India,Leslieberg,Other,45+
30611,2025-04-21T12:52:29.689Z,Paid Ads,India,North Davidport,Male,25-34
30613,2025-07-30T12:52:29.689Z,Paid Ads,India,Lake Rebecca,Male,45+
30626,2025-03-05T12:52:29.689Z,Paid Ads,India,Lake Jennifer,Female,25-34
30629,2026-01-25T12:52:29.689Z,Referral,India,Lake Daniellechester,Female,25-34
30636,2025-07-29T12:52:29.689Z,Referral,India,Charleschester,Female,45+
30637,2025-07-16T12:52:29.689Z,Paid Ads,India,Port Jonathanbury,Female,45+
30646,2025-05-25T12:52:29.689Z,Organic,India,Turnerfurt,Male,18-24
30650,2025-05-13T12:52:29.689Z,Organic,India,Morseberg,Male,18-24
30653,2025-10-20T12:52:29.689Z,Influencer,India,West Michelleborough,Male,45+
30656,2025-07-03T12:52:29.689Z,Organic,India,New Matthewside,Other,45+
30657,2025-04-06T12:52:29.689Z,Referral,India,Port Christy,Other,18-24
30665,2026-01-12T12:52:29.689Z,Influencer,India,Lake Joshuaport,Male,18-24
30667,2025-12-07T12:52:29.689Z,Paid Ads,India,Austinchester,Other,45+
30671,2025-09-07T12:52:29.689Z,Email,India,Jocelynberg,Other,18-24
30676,2025-11-02T12:52:29.689Z,Paid Ads,India,New Maria,Other,25-34
30679,2025-06-14T12:52:29.689Z,Email,India,East Briannaberg,Female,45+
30687,2025-03-22T12:52:29.689Z,Organic,India,Boydside,Other,25-34
30699,2026-02-15T12:52:29.689Z,Paid Ads,India,Williamston,Male,18-24
30708,2025-11-29T12:52:29.689Z,Email,India,Grantport,Female,45+
30746,2025-09-25T12:52:29.689Z,Organic,India,Jessicastad,Female,45+
30749,2025-08-06T12:52:29.689Z,Influencer,India,Lake John,Female,25-34
30750,2025-05-10T12:52:29.689Z,Organic,India,East Rebecca,Male,35-44
30751,2026-02-26T12:52:29.689Z,Email,India,Lake Mariah,Male,18-24
30752,2025-06-21T12:52:29.689Z,Referral,India,North Christopher,Male,18-24
30776,2026-01-20T12:52:29.689Z,Paid Ads,India,Lake Tiffanyport,Male,18-24
30781,2025-08-02T12:52:29.689Z,Paid Ads,India,Christopherfurt,Female,18-24
30796,2025-07-17T12:52:29.689Z,Referral,India,Saundersfort,Male,45+
30805,2025-08-25T12:52:29.689Z,Email,India,East Brian,Other,25-34
30807,2025-07-15T12:52:29.689Z,Email,India,Alecburgh,Male,35-44
30810,2025-06-02T12:52:29.689Z,Referral,India,Port Josephview,Other,35-44
30817,2025-11-18T12:52:29.689Z,Influencer,India,Grantburgh,Male,35-44
30819,2025-09-02T12:52:29.689Z,Referral,India,West Mariaview,Other,25-34
30831,2025-10-30T12:52:29.689Z,Email,India,Lake Lindsay,Other,25-34
30846,2025-12-05T12:52:29.689Z,Influencer,India,Port Ryan,Other,18-24
30852,2025-12-23T12:52:29.689Z,Email,India,Staffordtown,Female,18-24
30854,2025-04-10T12:52:29.689Z,Organic,India,Mariastad,Female,45+
30861,2026-02-12T12:52:29.689Z,Influencer,India,Johnberg,Female,25-34
30867,2025-06-21T12:52:29.689Z,Influencer,India,Ryanstad,Male,35-44
30868,2025-04-16T12:52:29.689Z,Paid Ads,India,Port Jason,Female,45+
30877,2025-06-27T12:52:29.689Z,Email,India,Taylorside,Other,18-24
30878,2025-10-17T12:52:29.689Z,Organic,India,North Sarahview,Female,18-24
30883,2025-07-27T12:52:29.689Z,Email,India,Lake Calebfurt,Female,35-44
30886,2025-06-17T12:52:29.689Z,Influencer,India,North Kayla,Other,18-24
30887,2026-02-07T12:52:29.689Z,Referral,India,Lake Lauren,Other,45+
30895,2025-06-06T12:52:29.689Z,Paid Ads,India,New Jeffery,Other,18-24
30896,2025-07-30T12:52:29.689Z,Organic,India,Kimberlymouth,Female,35-44
30934,2025-09-24T12:52:29.689Z,Influencer,India,South Josephhaven,Other,45+
30939,2025-11-19T12:52:29.689Z,Email,India,Lake Philipbury,Female,35-44
30953,2025-11-22T12:52:29.689Z,Email,India,Michaelaview,Other,18-24
30955,2025-11-20T12:52:29.689Z,Referral,India,Billyfort,Other,45+
30964,2025-09-02T12:52:29.689Z,Influencer,India,New Elizabeth,Female,18-24
30967,2025-03-31T12:52:29.689Z,Influencer,India,Nicolestad,Other,25-34
30969,2026-01-19T12:52:29.689Z,Referral,India,Port Holly,Female,25-34
30970,2025-08-23T12:52:29.689Z,Email,India,Morrisonton,Female,35-44
30982,2025-05-16T12:52:29.689Z,Email,India,Oconnorport,Male,35-44
30983,2025-09-08T12:52:29.689Z,Referral,India,Lucasview,Male,35-44
30985,2025-06-19T12:52:29.689Z,Referral,India,North Stephenmouth,Male,35-44
30987,2025-09-19T12:52:29.689Z,Referral,India,Lake Julianhaven,Other,25-34
31001,2025-11-25T12:52:29.689Z,Organic,India,Lake Tamaraview,Other,35-44
31019,2025-12-13T12:52:29.689Z,Email,India,South David,Other,35-44
31020,2025-08-21T12:52:29.689Z,Email,India,Lake James,Male,45+
31023,2025-08-13T12:52:29.689Z,Influencer,India,Francisborough,Male,18-24
31026,2026-01-25T12:52:29.689Z,Referral,India,Benjaminfort,Male,45+
31027,2025-11-21T12:52:29.689Z,Influencer,India,Lake Laura,Male,25-34
31041,2025-07-10T12:52:29.689Z,Referral,India,Dennisshire,Male,25-34
31044,2026-02-12T12:52:29.689Z,Organic,India,Faithburgh,Male,25-34
31045,2025-12-30T12:52:29.689Z,Paid Ads,India,Timothyberg,Other,45+
31052,2026-01-16T12:52:29.689Z,Paid Ads,India,East Jessicachester,Male,35-44
31063,2025-08-19T12:52:29.689Z,Referral,India,Jasonstad,Male,45+
31075,2025-05-30T12:52:29.689Z,Influencer,India,Port Lisa,Male,35-44
31081,2025-05-19T12:52:29.689Z,Influencer,India,Garzatown,Other,35-44
31084,2026-02-15T12:52:29.689Z,Referral,India,West Julie,Male,35-44
31087,2025-08-06T12:52:29.689Z,Organic,India,Moorebury,Male,35-44
31088,2025-10-11T12:52:29.689Z,Organic,India,Lake Thomasport,Male,25-34
31093,2025-07-20T12:52:29.689Z,Influencer,India,Sanchezbury,Female,25-34
31094,2025-08-21T12:52:29.689Z,Influencer,India,East Jason,Female,45+
31097,2025-07-03T12:52:29.689Z,Referral,India,West Jeffreyborough,Male,45+
31100,2025-09-20T12:52:29.689Z,Paid Ads,India,New Samanthamouth,Male,25-34
31102,2025-09-21T12:52:29.689Z,Email,India,Lake Glenn,Other,45+
31112,2025-10-04T12:52:29.689Z,Referral,India,Lake Patrickburgh,Other,18-24
31123,2025-07-26T12:52:29.689Z,Influencer,India,Danielmouth,Female,45+
31127,2025-08-18T12:52:29.689Z,Referral,India,Hunterside,Other,18-24
31129,2025-11-13T12:52:29.689Z,Influencer,India,West James,Other,35-44
31130,2026-02-14T12:52:29.689Z,Email,India,West Darrellchester,Male,25-34
31134,2025-11-04T12:52:29.689Z,Organic,India,Ronaldmouth,Female,35-44
31153,2025-04-03T12:52:29.689Z,Paid Ads,India,Georgeberg,Male,25-34
31157,2025-07-08T12:52:29.689Z,Referral,India,Port Dianefurt,Male,25-34
31166,2025-05-31T12:52:29.689Z,Organic,India,Michaelstad,Male,45+
31168,2025-05-31T12:52:29.689Z,Email,India,Amyside,Male,35-44
31184,2026-02-12T12:52:29.689Z,Paid Ads,India,Lake Staceyville,Other,18-24
31191,2025-09-09T12:52:29.689Z,Paid Ads,India,North Troyborough,Female,35-44
31211,2025-11-28T12:52:29.689Z,Paid Ads,India,Pattersonburgh,Male,35-44
31213,2026-01-01T12:52:29.689Z,Paid Ads,India,New Kenneth,Other,45+
31221,2025-03-11T12:52:29.689Z,Influencer,India,Port Katrina,Male,35-44
31226,2025-07-08T12:52:29.689Z,Referral,India,Millermouth,Other,18-24
31227,2025-04-13T12:52:29.689Z,Organic,India,South Aaronview,Other,25-34
31234,2025-08-05T12:52:29.689Z,Referral,India,Brianstad,Female,35-44
31236,2025-12-23T12:52:29.689Z,Referral,India,South Juan,Male,45+
31245,2025-11-25T12:52:29.689Z,Influencer,India,Loveton,Other,18-24
31246,2025-08-09T12:52:29.689Z,Organic,India,Bellmouth,Other,18-24
31247,2026-01-14T12:52:29.689Z,Influencer,India,Lake Jennifertown,Male,35-44
31249,2025-07-22T12:52:29.689Z,Referral,India,Conradmouth,Male,45+
31250,2025-06-29T12:52:29.689Z,Paid Ads,India,North Leslieport,Male,25-34
31253,2025-04-12T12:52:29.689Z,Email,India,South Rebeccaborough,Female,35-44
31254,2025-04-01T12:52:29.689Z,Organic,India,Port Jennifer,Male,45+
31286,2025-12-20T12:52:29.689Z,Paid Ads,India,West Robertland,Male,45+
31293,2025-07-23T12:52:29.689Z,Paid Ads,India,East Nicole,Other,25-34
31298,2025-06-01T12:52:29.689Z,Organic,India,South Tracimouth,Male,35-44
31309,2025-06-27T12:52:29.689Z,Influencer,India,Holmesville,Female,18-24
31316,2025-06-17T12:52:29.689Z,Email,India,South Rogerburgh,Other,45+
31324,2025-08-04T12:52:29.689Z,Email,India,Goodmanside,Female,25-34
31327,2025-08-19T12:52:29.689Z,Influencer,India,Walshmouth,Female,25-34
31332,2026-01-05T12:52:29.689Z,Influencer,India,Maryborough,Female,45+
31334,2025-08-31T12:52:29.689Z,Referral,India,North Michaelport,Other,35-44
31336,2025-09-23T12:52:29.689Z,Organic,India,Huntermouth,Female,18-24
31351,2025-10-17T12:52:29.689Z,Referral,India,New Amandaburgh,Female,18-24
31352,2025-03-22T12:52:29.689Z,Influencer,India,East Veronica,Other,35-44
31353,2025-03-16T12:52:29.689Z,Organic,India,Jacksonburgh,Other,35-44
31357,2025-11-30T12:52:29.689Z,Referral,India,Port Josephmouth,Female,45+
31361,2025-10-24T12:52:29.689Z,Referral,India,Port Jameschester,Other,35-44
31367,2025-03-24T12:52:29.689Z,Referral,India,Lake Angelaport,Other,35-44
31382,2025-08-11T12:52:29.689Z,Organic,India,Candacefort,Female,25-34
31383,2025-06-06T12:52:29.689Z,Paid Ads,India,New Annebury,Male,18-24
31388,2025-07-20T12:52:29.689Z,Organic,India,New Jessica,Female,25-34
31395,2025-08-17T12:52:29.689Z,Organic,India,Matthewshire,Male,35-44
31400,2026-01-11T12:52:29.689Z,Email,India,Rachelhaven,Other,45+
31416,2025-07-21T12:52:29.689Z,Referral,India,Lake Phillip,Female,35-44
31418,2025-04-29T12:52:29.689Z,Influencer,India,West Claudiafort,Male,18-24
31419,2025-11-15T12:52:29.689Z,Email,India,Lake Kimtown,Other,18-24
31426,2025-12-06T12:52:29.689Z,Email,India,Howardside,Other,25-34
31427,2026-02-08T12:52:29.689Z,Organic,India,Perezburgh,Male,35-44
31430,2025-11-11T12:52:29.689Z,Paid Ads,India,East Zachary,Other,18-24
31443,2025-10-19T12:52:29.689Z,Referral,India,Jasonchester,Other,18-24
31447,2025-09-14T12:52:29.689Z,Email,India,Danielton,Female,45+
31454,2025-09-27T12:52:29.689Z,Referral,India,Flemingchester,Male,18-24
31460,2025-04-19T12:52:29.689Z,Paid Ads,India,Danielside,Female,18-24
31461,2025-12-13T12:52:29.689Z,Referral,India,Port Lee,Other,18-24
31462,2026-02-14T12:52:29.689Z,Influencer,India,Jenniferfurt,Other,45+
31464,2025-05-04T12:52:29.689Z,Influencer,India,Soniafort,Other,18-24
31474,2026-02-18T12:52:29.689Z,Paid Ads,India,North Christophertown,Female,18-24
31479,2026-02-01T12:52:29.689Z,Influencer,India,Julietown,Female,35-44
31484,2025-11-16T12:52:29.689Z,Influencer,India,Smithfurt,Other,45+
31488,2025-12-19T12:52:29.689Z,Email,India,Nicholasfurt,Female,35-44
31498,2025-07-09T12:52:29.689Z,Email,India,Mataville,Other,45+
31499,2025-09-24T12:52:29.689Z,Referral,India,Ramirezhaven,Other,25-34
31500,2025-04-28T12:52:29.689Z,Influencer,India,Deannaland,Other,45+
31507,2025-10-27T12:52:29.689Z,Referral,India,South Carlosville,Female,35-44
31520,2025-10-06T12:52:29.689Z,Influencer,India,North Lawrence,Female,18-24
31522,2025-05-08T12:52:29.689Z,Influencer,India,Susanfurt,Female,35-44
31533,2026-01-08T12:52:29.689Z,Influencer,India,Crawfordchester,Male,35-44
31538,2025-12-14T12:52:29.689Z,Influencer,India,South Beth,Female,45+
31540,2025-11-06T12:52:29.689Z,Email,India,Michaelhaven,Male,18-24
31544,2025-08-02T12:52:29.689Z,Email,India,North Ernestburgh,Male,25-34
31550,2026-01-31T12:52:29.689Z,Email,India,Sarahborough,Male,35-44
31554,2025-09-03T12:52:29.689Z,Paid Ads,India,Jamesberg,Male,25-34
31556,2025-03-21T12:52:29.689Z,Influencer,India,Ianhaven,Female,45+
31561,2025-10-06T12:52:29.689Z,Paid Ads,India,Matthewchester,Female,35-44
31562,2025-09-11T12:52:29.689Z,Referral,India,Carterland,Female,25-34
31565,2025-08-22T12:52:29.689Z,Referral,India,Yolandaport,Other,35-44
31573,2025-08-22T12:52:29.689Z,Organic,India,South Sandraborough,Female,35-44
31581,2025-12-13T12:52:29.689Z,Email,India,South Michelleburgh,Other,25-34
31583,2025-06-11T12:52:29.689Z,Email,India,Port Phillip,Female,18-24
31595,2025-07-02T12:52:29.689Z,Email,India,Lake Jamie,Male,25-34
31603,2025-11-16T12:52:29.689Z,Influencer,India,Douglasstad,Female,45+
31609,2025-04-15T12:52:29.689Z,Paid Ads,India,West Elizabeth,Female,35-44
31612,2025-09-14T12:52:29.689Z,Organic,India,North Emilymouth,Female,25-34
31622,2025-10-24T12:52:29.689Z,Paid Ads,India,Rothshire,Female,45+
31642,2025-03-10T12:52:29.689Z,Organic,India,Peterton,Male,25-34
31648,2026-02-10T12:52:29.689Z,Referral,India,West Sheila,Female,45+
31650,2025-03-02T12:52:29.689Z,Influencer,India,Brownside,Other,45+
31656,2025-11-10T12:52:29.689Z,Referral,India,East Jasonfurt,Other,25-34
31658,2025-04-17T12:52:29.689Z,Influencer,India,Port Andrewborough,Male,45+
31662,2025-12-01T12:52:29.689Z,Organic,India,South Josephfurt,Male,18-24
31667,2025-11-09T12:52:29.689Z,Influencer,India,West Stephen,Female,18-24
31674,2026-01-08T12:52:29.689Z,Organic,India,Judyberg,Other,18-24
31681,2025-08-15T12:52:29.689Z,Email,India,West Cindyburgh,Male,25-34
31706,2025-12-26T12:52:29.689Z,Paid Ads,India,Swansonmouth,Female,25-34
31707,2025-08-13T12:52:29.689Z,Influencer,India,Ericmouth,Other,45+
31713,2025-03-22T12:52:29.689Z,Organic,India,Port Kevin,Male,18-24
31717,2025-03-10T12:52:29.689Z,Organic,India,Hesterstad,Other,35-44
31718,2025-11-13T12:52:29.689Z,Email,India,Maryport,Female,18-24
31727,2025-12-31T12:52:29.689Z,Organic,India,Port Lucashaven,Other,35-44
31733,2025-09-14T12:52:29.689Z,Influencer,India,Rodriguezmouth,Female,45+
31751,2025-12-15T12:52:29.689Z,Influencer,India,East Jamesfort,Male,45+
31756,2025-04-30T12:52:29.689Z,Email,India,Lake Cynthia,Other,45+
31757,2025-04-06T12:52:29.689Z,Influencer,India,Clarkstad,Female,45+
31759,2025-08-15T12:52:29.689Z,Influencer,India,North Joel,Other,45+
31770,2026-02-03T12:52:29.689Z,Influencer,India,New Moniquebury,Female,35-44
31779,2025-04-30T12:52:29.689Z,Paid Ads,India,Schwartzland,Other,25-34
31782,2025-04-10T12:52:29.689Z,Influencer,India,East Stephentown,Female,35-44
31787,2025-10-05T12:52:29.689Z,Referral,India,Port Joelchester,Female,35-44
31797,2025-03-11T12:52:29.689Z,Email,India,North Heatherberg,Male,45+
31800,2025-09-04T12:52:29.689Z,Email,India,Joshuamouth,Female,45+
31807,2026-01-03T12:52:29.689Z,Organic,India,Joseport,Female,35-44
31816,2025-05-24T12:52:29.689Z,Influencer,India,East Stephen,Other,18-24
31831,2025-05-11T12:52:29.689Z,Referral,India,West Ray,Male,35-44
31843,2025-09-28T12:52:29.689Z,Referral,India,Christineville,Other,45+
31844,2025-05-13T12:52:29.689Z,Referral,India,Port Daniel,Female,35-44
31850,2025-12-14T12:52:29.689Z,Referral,India,New Jillian,Male,18-24
31868,2025-08-07T12:52:29.689Z,Email,India,Port Kellybury,Male,18-24
31871,2025-10-02T12:52:29.689Z,Paid Ads,India,Sandersside,Other,35-44
31872,2026-02-06T12:52:29.689Z,Organic,India,Lake April,Other,45+
31874,2025-09-02T12:52:29.689Z,Paid Ads,India,West Debra,Other,18-24
31880,2025-08-02T12:52:29.689Z,Organic,India,Susanbury,Male,45+
31905,2026-01-19T12:52:29.689Z,Email,India,New Karen,Other,35-44
31912,2025-03-08T12:52:29.689Z,Paid Ads,India,Harrisville,Other,25-34
31914,2026-02-03T12:52:29.689Z,Referral,India,Shawstad,Female,18-24
31918,2026-02-05T12:52:29.689Z,Influencer,India,South Brandon,Female,35-44
31921,2026-02-14T12:52:29.689Z,Influencer,India,West Tiffany,Male,45+
31929,2026-01-14T12:52:29.689Z,Influencer,India,Kevinton,Other,35-44
31945,2025-05-20T12:52:29.689Z,Referral,India,Boydside,Male,25-34
31949,2025-03-10T12:52:29.689Z,Influencer,India,Brittanystad,Male,45+
31952,2025-12-09T12:52:29.689Z,Paid Ads,India,Suttonhaven,Other,35-44
31967,2026-01-13T12:52:29.689Z,Organic,India,Lake Amy,Male,18-24
31968,2025-03-02T12:52:29.689Z,Email,India,Kevintown,Female,18-24
31973,2025-07-21T12:52:29.689Z,Referral,India,East Virginia,Female,25-34
31975,2025-09-30T12:52:29.689Z,Paid Ads,India,East Melodyfort,Male,18-24
31979,2025-10-10T12:52:29.689Z,Organic,India,West Ryanfort,Female,45+
31981,2025-03-26T12:52:29.689Z,Referral,India,Lake Ann,Female,45+
31989,2025-07-27T12:52:29.689Z,Referral,India,Christopherbury,Male,45+
32004,2025-05-07T12:52:29.689Z,Referral,India,West Stevenmouth,Male,18-24
32022,2025-04-30T12:52:29.689Z,Organic,India,East Roberto,Other,45+
32034,2026-01-24T12:52:29.689Z,Influencer,India,West Kevin,Other,25-34
32035,2026-02-06T12:52:29.689Z,Email,India,Donnahaven,Female,18-24
32036,2025-12-13T12:52:29.689Z,Influencer,India,Port Kimberlyville,Female,18-24
32050,2025-09-29T12:52:29.689Z,Organic,India,West Lindaport,Other,35-44
32064,2025-04-06T12:52:29.689Z,Influencer,India,West Ronald,Male,18-24
32066,2025-06-05T12:52:29.689Z,Email,India,Jamestown,Other,45+
32068,2025-12-30T12:52:29.689Z,Email,India,New Jennifer,Male,35-44
32070,2026-02-01T12:52:29.689Z,Organic,India,North Traviston,Male,18-24
32072,2025-08-20T12:52:29.689Z,Paid Ads,India,New Pammouth,Other,25-34
32076,2025-05-26T12:52:29.689Z,Email,India,South Royborough,Male,25-34
32089,2025-03-18T12:52:29.689Z,Referral,India,East Stacy,Other,45+
32092,2025-09-03T12:52:29.689Z,Organic,India,Port Fernando,Female,45+
32097,2025-11-25T12:52:29.689Z,Email,India,Lake Matthewview,Male,25-34
32106,2025-06-03T12:52:29.689Z,Influencer,India,South Brendachester,Female,18-24
32107,2025-06-04T12:52:29.689Z,Organic,India,Lake Blakeport,Female,45+
32117,2025-06-10T12:52:29.689Z,Organic,India,Port Ellen,Female,35-44
32119,2026-01-19T12:52:29.689Z,Paid Ads,India,North Oscarborough,Other,45+
32136,2025-03-28T12:52:29.689Z,Referral,India,Genefort,Female,45+
32140,2025-03-01T12:52:29.689Z,Influencer,India,Woodmouth,Female,45+
32147,2025-06-02T12:52:29.689Z,Email,India,Michaelberg,Female,35-44
32173,2025-05-21T12:52:29.689Z,Influencer,India,Mitchellshire,Other,35-44
32181,2025-04-10T12:52:29.689Z,Email,India,South Robertoborough,Male,45+
32185,2025-10-25T12:52:29.689Z,Paid Ads,India,Olsenside,Female,25-34
32209,2025-10-21T12:52:29.689Z,Influencer,India,South Rhonda,Other,45+
32221,2025-04-23T12:52:29.689Z,Paid Ads,India,Lake Frank,Female,35-44
32222,2026-01-16T12:52:29.689Z,Email,India,New Danielletown,Male,45+
32230,2025-07-28T12:52:29.689Z,Referral,India,Millerburgh,Male,35-44
32233,2026-02-11T12:52:29.689Z,Referral,India,Lake Nathan,Female,18-24
32246,2025-12-14T12:52:29.689Z,Paid Ads,India,New Beth,Other,35-44
32250,2025-07-09T12:52:29.689Z,Email,India,Ryanchester,Male,18-24
32251,2025-09-28T12:52:29.689Z,Organic,India,Henryberg,Male,35-44
32262,2025-03-12T12:52:29.689Z,Organic,India,Jackmouth,Other,25-34
32263,2025-07-10T12:52:29.689Z,Referral,India,Alyssaborough,Male,35-44
32269,2025-03-10T12:52:29.689Z,Influencer,India,East Nicoleland,Female,45+
32273,2025-09-15T12:52:29.689Z,Referral,India,Wilcoxland,Female,25-34
32277,2025-09-15T12:52:29.689Z,Organic,India,Fergusonmouth,Other,18-24
32285,2025-10-31T12:52:29.689Z,Referral,India,Harrisport,Male,18-24
32287,2025-09-27T12:52:29.689Z,Organic,India,South Mariatown,Male,25-34
32299,2025-05-09T12:52:29.689Z,Paid Ads,India,Sandrahaven,Other,25-34
32315,2025-07-16T12:52:29.689Z,Influencer,India,Port Michael,Other,45+
32319,2025-04-11T12:52:29.689Z,Paid Ads,India,Shannonmouth,Male,35-44
32321,2025-07-10T12:52:29.689Z,Paid Ads,India,Port Richardhaven,Other,35-44
32322,2025-06-09T12:52:29.689Z,Email,India,South Tiffany,Male,45+
32333,2026-01-16T12:52:29.689Z,Paid Ads,India,Annaview,Male,35-44
32335,2025-09-08T12:52:29.689Z,Influencer,India,West James,Female,45+
32349,2025-09-22T12:52:29.689Z,Influencer,India,Floresland,Female,18-24
32354,2025-03-01T12:52:29.689Z,Referral,India,North Christopherhaven,Female,25-34
32357,2026-02-18T12:52:29.689Z,Paid Ads,India,New Linda,Male,18-24
32359,2026-02-17T12:52:29.689Z,Referral,India,Port Morganton,Male,25-34
32372,2025-06-27T12:52:29.689Z,Influencer,India,Grahamland,Female,18-24
32379,2025-03-31T12:52:29.689Z,Influencer,India,North Marymouth,Male,25-34
32382,2025-03-02T12:52:29.689Z,Referral,India,Kelseyshire,Female,45+
32383,2025-07-02T12:52:29.689Z,Organic,India,Port Whitney,Other,35-44
32385,2025-12-27T12:52:29.689Z,Organic,India,Huffmanbury,Male,35-44
32400,2025-07-19T12:52:29.689Z,Organic,India,Raymondstad,Other,25-34
32410,2025-08-29T12:52:29.689Z,Paid Ads,India,Annabury,Female,18-24
32416,2025-08-25T12:52:29.689Z,Organic,India,Garrettbury,Other,45+
32420,2025-07-31T12:52:29.689Z,Paid Ads,India,South Edward,Other,25-34
32426,2025-10-12T12:52:29.689Z,Organic,India,Lake Arieltown,Male,18-24
32432,2025-03-27T12:52:29.689Z,Influencer,India,Port Patriciaborough,Other,25-34
32435,2025-04-01T12:52:29.689Z,Paid Ads,India,North Walterfort,Female,45+
32439,2025-08-23T12:52:29.689Z,Paid Ads,India,Lake Brianville,Male,35-44
32446,2025-11-13T12:52:29.689Z,Organic,India,Changborough,Male,35-44
32447,2025-12-02T12:52:29.689Z,Paid Ads,India,Guzmanchester,Other,25-34
32449,2025-03-31T12:52:29.689Z,Email,India,Lake Robertborough,Male,18-24
32452,2025-07-01T12:52:29.689Z,Email,India,East Daniel,Other,18-24
32458,2025-11-13T12:52:29.689Z,Email,India,Maryview,Male,18-24
32462,2025-05-29T12:52:29.689Z,Paid Ads,India,Rachelstad,Male,18-24
32465,2025-06-24T12:52:29.689Z,Email,India,Dianafort,Female,25-34
32467,2025-05-21T12:52:29.689Z,Paid Ads,India,Alexisville,Female,18-24
32469,2025-09-19T12:52:29.689Z,Referral,India,New Melody,Female,25-34
32472,2025-03-23T12:52:29.689Z,Paid Ads,India,South Brianport,Female,18-24
32490,2026-01-21T12:52:29.689Z,Referral,India,Vanessatown,Male,45+
32502,2025-10-25T12:52:29.689Z,Organic,India,North Jennifermouth,Female,35-44
32504,2025-12-16T12:52:29.689Z,Paid Ads,India,Heatherchester,Female,45+
32509,2025-06-25T12:52:29.689Z,Email,India,Tinaview,Other,45+
32513,2025-03-17T12:52:29.689Z,Email,India,Lake Christyburgh,Female,18-24
32528,2025-10-16T12:52:29.689Z,Influencer,India,West Lori,Male,25-34
32531,2025-05-11T12:52:29.689Z,Email,India,Micheleview,Female,35-44
32533,2025-12-16T12:52:29.689Z,Organic,India,North Paula,Female,25-34
32535,2025-05-23T12:52:29.689Z,Influencer,India,Morganhaven,Male,18-24
32540,2025-05-17T12:52:29.689Z,Influencer,India,Smithport,Male,25-34
32569,2025-07-02T12:52:29.689Z,Organic,India,North Kyleton,Female,18-24
32571,2025-09-05T12:52:29.689Z,Email,India,Port Elizabethchester,Male,18-24
32619,2025-12-10T12:52:29.689Z,Influencer,India,New Calebborough,Male,18-24
32622,2025-10-28T12:52:29.689Z,Email,India,Port Joe,Other,18-24
32625,2026-02-12T12:52:29.689Z,Paid Ads,India,Bradfordbury,Other,35-44
32628,2025-09-02T12:52:29.689Z,Influencer,India,Shellyfurt,Other,25-34
32643,2025-08-22T12:52:29.689Z,Influencer,India,Elaineburgh,Other,45+
32644,2025-11-17T12:52:29.689Z,Paid Ads,India,Smithland,Female,25-34
32648,2026-01-11T12:52:29.689Z,Influencer,India,Davidborough,Female,25-34
32649,2025-04-07T12:52:29.689Z,Email,India,Johnport,Female,35-44
32651,2026-02-20T12:52:29.689Z,Referral,India,West Belindabury,Female,18-24
32664,2025-06-19T12:52:29.689Z,Paid Ads,India,Mariashire,Female,35-44
32670,2025-05-21T12:52:29.689Z,Email,India,Elizabethview,Male,18-24
32678,2025-05-26T12:52:29.689Z,Paid Ads,India,North Cindyville,Female,35-44
32693,2025-09-08T12:52:29.689Z,Paid Ads,India,East Michaelmouth,Other,18-24
32697,2025-11-27T12:52:29.689Z,Email,India,New Brittneyshire,Other,18-24
32709,2025-10-11T12:52:29.689Z,Organic,India,Thompsonmouth,Other,35-44
32710,2025-07-21T12:52:29.689Z,Referral,India,Lake Luis,Male,18-24
32711,2026-02-05T12:52:29.689Z,Email,India,South William,Female,35-44
32717,2025-11-15T12:52:29.689Z,Influencer,India,Craigtown,Female,45+
32725,2025-07-19T12:52:29.689Z,Email,India,Marymouth,Female,35-44
32726,2025-10-06T12:52:29.689Z,Organic,India,South Rachael,Female,18-24
32728,2025-07-26T12:52:29.689Z,Email,India,Port Sean,Male,35-44
32738,2025-09-29T12:52:29.689Z,Email,India,West Megan,Other,18-24
32751,2025-06-07T12:52:29.689Z,Referral,India,North Joshuamouth,Other,45+
32754,2025-03-13T12:52:29.689Z,Referral,India,Cathyshire,Other,35-44
32755,2026-02-12T12:52:29.689Z,Paid Ads,India,North Kristy,Male,18-24
32780,2025-11-17T12:52:29.689Z,Organic,India,Petersenchester,Female,25-34
32784,2025-12-30T12:52:29.689Z,Organic,India,West Thomas,Male,35-44
32795,2026-02-28T12:52:29.689Z,Email,India,Rodriguezstad,Other,35-44
32810,2026-02-07T12:52:29.689Z,Referral,India,West Sarahstad,Other,45+
32818,2026-01-06T12:52:29.689Z,Paid Ads,India,North Christopher,Other,18-24
32820,2025-04-25T12:52:29.689Z,Referral,India,Michaelbury,Other,35-44
32824,2025-10-10T12:52:29.689Z,Email,India,Kelseyberg,Other,35-44
32828,2025-10-09T12:52:29.689Z,Organic,India,Matthewland,Male,45+
32835,2025-08-22T12:52:29.689Z,Referral,India,Port Alexandria,Other,25-34
32838,2026-01-11T12:52:29.689Z,Influencer,India,New Wandachester,Other,18-24
32843,2025-05-01T12:52:29.689Z,Organic,India,Gallagherfurt,Female,35-44
32848,2025-07-20T12:52:29.689Z,Paid Ads,India,Holderport,Other,18-24
32855,2025-11-18T12:52:29.689Z,Organic,India,West Lauren,Female,18-24
32857,2025-12-07T12:52:29.689Z,Referral,India,Lake Shawn,Male,18-24
32865,2025-03-05T12:52:29.689Z,Email,India,Coxstad,Other,35-44
32867,2026-01-16T12:52:29.689Z,Influencer,India,Port Donnaborough,Other,35-44
32871,2026-02-03T12:52:29.689Z,Organic,India,Lake Angela,Other,25-34
32885,2025-06-27T12:52:29.689Z,Influencer,India,Markfort,Male,18-24
32887,2025-04-04T12:52:29.689Z,Paid Ads,India,Laurashire,Male,45+
32890,2025-04-25T12:52:29.689Z,Referral,India,Ricestad,Female,45+
32903,2026-01-29T12:52:29.689Z,Influencer,India,Lawsonberg,Female,45+
32904,2026-02-20T12:52:29.689Z,Organic,India,Melissafort,Female,45+
32905,2025-07-05T12:52:29.689Z,Paid Ads,India,Ashleyfort,Male,18-24
32909,2025-12-05T12:52:29.689Z,Email,India,North Johnathan,Male,18-24
32936,2025-06-27T12:52:29.689Z,Referral,India,Staceychester,Other,45+
32937,2025-08-02T12:52:29.689Z,Referral,India,Jonesfort,Other,45+
32942,2026-02-03T12:52:29.689Z,Paid Ads,India,New Michelle,Female,35-44
32950,2025-09-27T12:52:29.689Z,Organic,India,Barbermouth,Female,25-34
32953,2025-06-22T12:52:29.689Z,Referral,India,West Carrie,Other,35-44
32976,2025-09-28T12:52:29.689Z,Email,India,Thompsonbury,Female,45+
32980,2025-03-11T12:52:29.689Z,Email,India,West Amber,Female,35-44
33001,2025-06-26T12:52:29.689Z,Influencer,India,West Tracey,Male,45+
33025,2025-09-18T12:52:29.689Z,Email,India,West Kathrynberg,Other,25-34
33041,2025-10-12T12:52:29.689Z,Referral,India,North Shane,Female,45+
33042,2025-09-05T12:52:29.689Z,Influencer,India,Port Yolanda,Female,25-34
33043,2025-06-30T12:52:29.689Z,Organic,India,Barrhaven,Female,45+
33061,2025-12-08T12:52:29.689Z,Influencer,India,Hickston,Female,25-34
33063,2025-07-04T12:52:29.689Z,Email,India,East Lisa,Other,18-24
33066,2026-02-17T12:52:29.689Z,Influencer,India,East Carrieland,Male,18-24
33071,2025-03-24T12:52:29.689Z,Paid Ads,India,New Hannah,Female,25-34
33072,2025-04-26T12:52:29.689Z,Organic,India,Micheleville,Other,45+
33080,2025-11-07T12:52:29.689Z,Organic,India,New Tiffany,Other,25-34
33084,2025-11-02T12:52:29.689Z,Email,India,North Sarah,Male,25-34
33089,2025-08-22T12:52:29.689Z,Paid Ads,India,North Kyle,Female,35-44
33091,2025-09-23T12:52:29.689Z,Email,India,Jimenezview,Other,18-24
33092,2025-09-11T12:52:29.689Z,Organic,India,South Jason,Female,25-34
33096,2025-10-08T12:52:29.689Z,Email,India,Jamesview,Female,18-24
33104,2025-05-05T12:52:29.689Z,Email,India,Jasminefurt,Male,18-24
33114,2025-10-13T12:52:29.689Z,Referral,India,Turnerland,Other,25-34
33116,2025-07-07T12:52:29.689Z,Organic,India,Rossland,Other,35-44
33124,2025-08-29T12:52:29.689Z,Referral,India,East Penny,Male,45+
33125,2025-07-25T12:52:29.689Z,Organic,India,Brettchester,Other,18-24
33126,2025-07-16T12:52:29.689Z,Referral,India,Paigeport,Female,45+
33136,2025-05-05T12:52:29.689Z,Influencer,India,Millerside,Other,18-24
33140,2025-06-07T12:52:29.689Z,Influencer,India,South Aaronshire,Female,25-34
33141,2026-01-26T12:52:29.689Z,Organic,India,West Brandonhaven,Male,18-24
33149,2025-05-11T12:52:29.689Z,Email,India,South Michaelburgh,Other,25-34
33155,2025-07-05T12:52:29.689Z,Email,India,East Charles,Male,18-24
33156,2025-11-10T12:52:29.689Z,Paid Ads,India,Hamiltonchester,Other,18-24
33157,2026-01-23T12:52:29.689Z,Influencer,India,North Amyburgh,Male,45+
33159,2025-08-07T12:52:29.689Z,Email,India,Lake Morganburgh,Male,45+
33161,2025-10-25T12:52:29.689Z,Influencer,India,North Richard,Female,25-34
33163,2025-07-30T12:52:29.689Z,Paid Ads,India,East Amanda,Female,45+
33182,2025-05-02T12:52:29.689Z,Influencer,India,Anthonyfurt,Male,45+
33185,2025-06-13T12:52:29.689Z,Referral,India,Crossmouth,Male,45+
33189,2025-05-22T12:52:29.689Z,Paid Ads,India,Brittanyborough,Female,25-34
33199,2025-08-27T12:52:29.689Z,Referral,India,East Alexanderstad,Male,45+
33202,2025-12-09T12:52:29.689Z,Referral,India,Seanside,Female,18-24
33204,2025-10-21T12:52:29.689Z,Organic,India,New Daniel,Other,18-24
33208,2025-05-20T12:52:29.689Z,Email,India,South Amandaberg,Male,45+
33213,2025-04-06T12:52:29.689Z,Referral,India,Garzaton,Male,35-44
33217,2026-01-21T12:52:29.689Z,Organic,India,Scottmouth,Female,35-44
33219,2025-05-20T12:52:29.689Z,Influencer,India,Joannehaven,Female,25-34
33234,2025-06-24T12:52:29.689Z,Influencer,India,Reynoldschester,Male,35-44
33242,2025-11-10T12:52:29.689Z,Email,India,Kevinton,Female,25-34
33246,2025-08-06T12:52:29.689Z,Email,India,Anthonyborough,Female,18-24
33251,2025-11-03T12:52:29.689Z,Email,India,Webbview,Female,35-44
33263,2025-05-31T12:52:29.689Z,Influencer,India,Katherineborough,Male,25-34
33264,2025-06-15T12:52:29.689Z,Paid Ads,India,South Kim,Male,25-34
33289,2026-02-28T12:52:29.689Z,Referral,India,Jamieside,Female,45+
33292,2025-10-16T12:52:29.689Z,Referral,India,South Josephmouth,Male,25-34
33306,2025-04-27T12:52:29.689Z,Referral,India,West Ricardoton,Female,45+
33317,2025-08-28T12:52:29.689Z,Email,India,Port Ashley,Male,45+
33319,2025-07-16T12:52:29.689Z,Paid Ads,India,New Amandaberg,Male,45+
33321,2025-03-09T12:52:29.689Z,Email,India,North John,Male,35-44
33323,2025-08-10T12:52:29.689Z,Influencer,India,Lisaland,Female,45+
33326,2025-06-27T12:52:29.689Z,Paid Ads,India,East Markport,Female,18-24
33328,2025-10-18T12:52:29.689Z,Referral,India,North Teresahaven,Female,18-24
33329,2026-02-28T12:52:29.689Z,Referral,India,Davidburgh,Female,45+
33338,2025-08-08T12:52:29.689Z,Organic,India,Mitchellfort,Male,18-24
33341,2025-09-25T12:52:29.689Z,Email,India,Port Courtneymouth,Other,18-24
33353,2025-08-30T12:52:29.689Z,Organic,India,Port Jorge,Male,25-34
33360,2025-05-19T12:52:29.689Z,Organic,India,East Jessicaberg,Female,18-24
33369,2025-12-02T12:52:29.689Z,Organic,India,Lynchhaven,Other,45+
33373,2026-02-10T12:52:29.689Z,Paid Ads,India,Matthewtown,Other,25-34
33378,2026-01-18T12:52:29.689Z,Influencer,India,North Beth,Other,25-34
33382,2025-05-31T12:52:29.689Z,Referral,India,Codyshire,Male,45+
33383,2025-03-17T12:52:29.689Z,Referral,India,North Sandramouth,Female,18-24
33385,2025-05-27T12:52:29.689Z,Paid Ads,India,Port Heatherview,Male,25-34
33396,2025-10-19T12:52:29.689Z,Email,India,New Sara,Female,18-24
33398,2025-11-21T12:52:29.689Z,Email,India,Saraborough,Male,18-24
33404,2025-10-20T12:52:29.689Z,Email,India,South Chelseashire,Female,25-34
33433,2025-04-29T12:52:29.689Z,Paid Ads,India,South Paul,Other,45+
33435,2025-04-20T12:52:29.689Z,Organic,India,East Jennifer,Male,35-44
33442,2025-06-01T12:52:29.689Z,Referral,India,Jasminefort,Other,25-34
33445,2025-10-30T12:52:29.689Z,Referral,India,Port Charlenefurt,Female,25-34
33448,2025-09-12T12:52:29.689Z,Email,India,Port Ianland,Other,18-24
33452,2025-03-25T12:52:29.689Z,Organic,India,North Valeriebury,Female,18-24
33458,2025-10-16T12:52:29.689Z,Email,India,East Jennifer,Male,35-44
33460,2025-08-09T12:52:29.689Z,Paid Ads,India,West Colinfort,Female,35-44
33470,2025-05-14T12:52:29.689Z,Organic,India,East Elizabethburgh,Other,18-24
33472,2025-10-21T12:52:29.689Z,Email,India,Vanghaven,Female,25-34
33474,2025-10-03T12:52:29.689Z,Email,India,Priceburgh,Male,18-24
33479,2025-06-03T12:52:29.689Z,Organic,India,Hammondside,Other,25-34
33483,2026-01-06T12:52:29.689Z,Influencer,India,Autumnborough,Male,25-34
33484,2025-09-11T12:52:29.689Z,Paid Ads,India,West Danaville,Female,18-24
33501,2026-02-12T12:52:29.689Z,Influencer,India,Ericafort,Female,18-24
33507,2025-04-02T12:52:29.689Z,Influencer,India,Jenniferburgh,Other,25-34
33508,2026-01-22T12:52:29.689Z,Paid Ads,India,Snowberg,Male,45+
33513,2025-08-21T12:52:29.689Z,Influencer,India,North Jasonberg,Other,18-24
33516,2025-10-29T12:52:29.689Z,Organic,India,Paulstad,Other,18-24
33522,2025-04-24T12:52:29.689Z,Email,India,East Samantha,Female,35-44
33533,2025-07-24T12:52:29.689Z,Paid Ads,India,West Jennifer,Other,45+
33547,2025-07-05T12:52:29.689Z,Influencer,India,Hamiltonstad,Other,25-34
33560,2026-01-30T12:52:29.689Z,Organic,India,East Joan,Other,35-44
33567,2025-09-15T12:52:29.689Z,Organic,India,Ryanburgh,Female,45+
33571,2025-11-26T12:52:29.689Z,Influencer,India,Daltonview,Female,35-44
33580,2026-02-12T12:52:29.689Z,Organic,India,Lucasview,Other,35-44
33595,2025-05-09T12:52:29.689Z,Organic,India,Millerville,Female,35-44
33597,2025-06-05T12:52:29.689Z,Paid Ads,India,Zimmermanview,Other,25-34
33601,2025-09-12T12:52:29.689Z,Paid Ads,India,North Travis,Male,45+
33603,2025-10-14T12:52:29.689Z,Organic,India,South Regina,Other,35-44
33619,2026-02-18T12:52:29.689Z,Referral,India,Juarezbury,Female,45+
33622,2025-05-16T12:52:29.689Z,Influencer,India,Lake Ronaldburgh,Male,45+
33630,2026-01-04T12:52:29.689Z,Referral,India,East Kyle,Other,45+
33641,2025-04-27T12:52:29.689Z,Organic,India,Brownside,Female,45+
33642,2025-08-25T12:52:29.689Z,Referral,India,New Kirsten,Other,45+
33651,2025-09-13T12:52:29.689Z,Referral,India,West Anthony,Male,45+
33653,2025-05-10T12:52:29.689Z,Referral,India,Port Sara,Female,18-24
33658,2025-10-03T12:52:29.689Z,Influencer,India,Acostabury,Male,25-34
33664,2025-09-01T12:52:29.689Z,Influencer,India,Port April,Other,45+
33669,2025-11-08T12:52:29.689Z,Influencer,India,Blackwellshire,Other,35-44
33673,2025-03-15T12:52:29.689Z,Email,India,Combsbury,Male,45+
33688,2025-04-29T12:52:29.689Z,Email,India,Jamesshire,Other,25-34
33695,2025-05-26T12:52:29.689Z,Influencer,India,New Kristenland,Female,45+
33706,2025-05-03T12:52:29.689Z,Paid Ads,India,New Kayla,Other,25-34
33707,2025-04-17T12:52:29.689Z,Organic,India,South Kevin,Other,45+
33713,2025-06-15T12:52:29.689Z,Paid Ads,India,West Michaelville,Other,25-34
33719,2026-01-28T12:52:29.689Z,Organic,India,East Scott,Female,35-44
33727,2025-09-27T12:52:29.689Z,Organic,India,New Colinmouth,Female,35-44
33733,2025-03-08T12:52:29.689Z,Referral,India,Lake Jessicashire,Other,25-34
33741,2025-08-18T12:52:29.689Z,Email,India,New Tylerfurt,Female,35-44
33743,2025-05-10T12:52:29.689Z,Influencer,India,Lake Timothyside,Male,35-44
33744,2025-04-21T12:52:29.689Z,Email,India,East Joseph,Female,45+
33749,2025-04-28T12:52:29.689Z,Influencer,India,Zacharyside,Male,25-34
33763,2025-06-01T12:52:29.689Z,Referral,India,Bradleytown,Male,18-24
33781,2025-03-17T12:52:29.689Z,Influencer,India,Aaronport,Male,25-34
33782,2025-09-21T12:52:29.689Z,Paid Ads,India,Lisaville,Male,35-44
33799,2025-08-15T12:52:29.689Z,Organic,India,Muellerfort,Female,18-24
33801,2025-04-23T12:52:29.689Z,Influencer,India,West Williamview,Female,35-44
33807,2025-04-08T12:52:29.689Z,Influencer,India,Davidtown,Male,18-24
33811,2025-12-15T12:52:29.689Z,Paid Ads,India,Cynthiafort,Female,35-44
33844,2025-04-25T12:52:29.689Z,Organic,India,North Lori,Other,35-44
33849,2025-11-03T12:52:29.689Z,Paid Ads,India,Lake Marymouth,Female,18-24
33852,2025-03-10T12:52:29.689Z,Influencer,India,Jamesburgh,Female,25-34
33854,2025-12-09T12:52:29.689Z,Referral,India,Kentbury,Male,25-34
33857,2025-03-23T12:52:29.689Z,Paid Ads,India,West Charles,Male,18-24
33866,2025-04-14T12:52:29.689Z,Influencer,India,North Diane,Female,35-44
33886,2025-06-04T12:52:29.689Z,Referral,India,South Amanda,Female,25-34
33888,2026-01-27T12:52:29.689Z,Organic,India,Lake Thomasshire,Female,35-44
33897,2025-11-03T12:52:29.689Z,Organic,India,Daleburgh,Male,18-24
33908,2026-02-05T12:52:29.689Z,Referral,India,Gardnerfurt,Female,25-34
33915,2025-06-30T12:52:29.689Z,Paid Ads,India,Marymouth,Other,18-24
33918,2025-07-31T12:52:29.689Z,Paid Ads,India,East David,Other,18-24
33922,2025-06-20T12:52:29.689Z,Organic,India,North Amyville,Female,25-34
33935,2025-04-21T12:52:29.689Z,Email,India,Tateside,Other,35-44
33937,2025-03-10T12:52:29.689Z,Referral,India,Jonathantown,Female,25-34
33940,2025-12-31T12:52:29.689Z,Email,India,New David,Other,25-34
33948,2025-09-21T12:52:29.689Z,Email,India,Hansenmouth,Female,18-24
33958,2025-07-14T12:52:29.689Z,Email,India,North Ryan,Female,25-34
33966,2025-04-30T12:52:29.689Z,Referral,India,Autumnville,Male,45+
33972,2025-06-14T12:52:29.689Z,Email,India,East Eric,Other,35-44
33973,2025-04-02T12:52:29.689Z,Referral,India,Ericatown,Female,35-44
33991,2025-03-26T12:52:29.689Z,Organic,India,Lake Loristad,Other,45+
33992,2025-12-11T12:52:29.689Z,Paid Ads,India,Bradleymouth,Female,18-24
34000,2025-05-29T12:52:29.689Z,Email,India,Vangton,Female,25-34
34003,2025-05-13T12:52:29.689Z,Paid Ads,India,New Keith,Female,25-34
34009,2025-10-20T12:52:29.689Z,Email,India,North Garrettberg,Male,35-44
34010,2025-07-27T12:52:29.689Z,Paid Ads,India,Brittneyberg,Other,45+
34016,2025-09-24T12:52:29.689Z,Paid Ads,India,Whitefort,Male,35-44
34027,2025-07-04T12:52:29.689Z,Referral,India,Port Mauricefurt,Other,45+
34034,2025-12-08T12:52:29.689Z,Influencer,India,West Jacquelineburgh,Other,18-24
34036,2025-03-21T12:52:29.689Z,Paid Ads,India,East Philip,Male,45+
34052,2025-04-09T12:52:29.689Z,Email,India,Nelsonshire,Male,35-44
34071,2025-08-10T12:52:29.689Z,Paid Ads,India,Olsenport,Male,35-44
34074,2025-05-23T12:52:29.689Z,Organic,India,Port Miaton,Female,25-34
34080,2025-08-15T12:52:29.689Z,Paid Ads,India,West Johnshire,Male,25-34
34081,2025-08-29T12:52:29.689Z,Influencer,India,New Sherry,Other,45+
34087,2025-12-12T12:52:29.689Z,Influencer,India,West Johnny,Other,45+
34090,2025-08-26T12:52:29.689Z,Email,India,New Scott,Female,45+
34096,2026-02-14T12:52:29.689Z,Referral,India,Lake Steve,Female,25-34
34100,2025-03-28T12:52:29.689Z,Email,India,Brownchester,Male,25-34
34108,2025-05-22T12:52:29.689Z,Paid Ads,India,Mirandahaven,Female,25-34
34124,2025-07-05T12:52:29.689Z,Referral,India,Kimberlymouth,Female,25-34
34125,2025-11-03T12:52:29.689Z,Influencer,India,Samanthaberg,Other,18-24
34132,2026-02-28T12:52:29.689Z,Influencer,India,Logantown,Female,18-24
34133,2025-12-29T12:52:29.689Z,Referral,India,West Ericfort,Male,25-34
34140,2025-12-16T12:52:29.689Z,Organic,India,East Kellymouth,Other,18-24
34146,2025-06-08T12:52:29.689Z,Email,India,East Elizabeth,Male,45+
34150,2025-08-08T12:52:29.689Z,Referral,India,Andrewbury,Male,35-44
34161,2025-06-29T12:52:29.689Z,Email,India,Deborahland,Other,25-34
34162,2025-08-03T12:52:29.689Z,Referral,India,Mahoneyfurt,Female,25-34
34166,2025-06-30T12:52:29.689Z,Organic,India,West Kimberly,Male,25-34
34168,2025-12-14T12:52:29.689Z,Email,India,New Danielside,Other,35-44
34180,2025-07-03T12:52:29.689Z,Paid Ads,India,North Teresaville,Male,25-34
34182,2025-04-04T12:52:29.689Z,Influencer,India,New Crystalland,Female,25-34
34184,2025-04-19T12:52:29.689Z,Referral,India,West Jill,Female,35-44
34185,2025-06-24T12:52:29.689Z,Paid Ads,India,Port Michaelshire,Female,18-24
34186,2025-03-12T12:52:29.689Z,Influencer,India,New Kevinstad,Other,45+
34195,2025-04-14T12:52:29.689Z,Referral,India,South Janetstad,Female,45+
34212,2025-05-16T12:52:29.689Z,Influencer,India,Gordonburgh,Female,25-34
34226,2025-12-14T12:52:29.689Z,Paid Ads,India,Tammyberg,Other,35-44
34230,2025-05-17T12:52:29.689Z,Organic,India,East Maureen,Female,25-34
34236,2026-01-01T12:52:29.689Z,Influencer,India,Hillhaven,Male,25-34
34239,2025-07-30T12:52:29.689Z,Organic,India,West Emilyfurt,Other,18-24
34250,2025-04-24T12:52:29.689Z,Organic,India,New Glennmouth,Female,45+
34255,2025-06-26T12:52:29.689Z,Email,India,Martinstad,Female,18-24
34258,2026-01-13T12:52:29.689Z,Email,India,Kyleburgh,Other,45+
34273,2025-09-13T12:52:29.689Z,Organic,India,New Katherineberg,Other,25-34
34278,2025-06-26T12:52:29.689Z,Organic,India,Cynthiaside,Other,18-24
34283,2025-03-12T12:52:29.689Z,Organic,India,Valerieburgh,Male,25-34
34285,2025-06-27T12:52:29.689Z,Organic,India,Port Margaretborough,Male,25-34
34292,2026-01-06T12:52:29.689Z,Influencer,India,East Michaelland,Other,35-44
34298,2025-10-25T12:52:29.689Z,Email,India,Brandonland,Female,25-34
34299,2025-07-04T12:52:29.689Z,Email,India,South Samanthaview,Male,35-44
34307,2025-11-07T12:52:29.689Z,Organic,India,Hannahton,Male,25-34
34316,2025-06-30T12:52:29.689Z,Organic,India,Alyssabury,Other,18-24
34319,2025-06-10T12:52:29.689Z,Influencer,India,Millerside,Male,45+
34325,2025-06-25T12:52:29.689Z,Influencer,India,South Jacobview,Other,45+
34337,2026-01-29T12:52:29.689Z,Referral,India,Olsenland,Male,35-44
34352,2025-06-26T12:52:29.689Z,Referral,India,South Jamesview,Male,25-34
34361,2025-03-06T12:52:29.689Z,Referral,India,Matthewtown,Male,25-34
34369,2025-03-27T12:52:29.689Z,Influencer,India,East Ashlee,Female,35-44
34371,2025-06-19T12:52:29.689Z,Email,India,East Ryan,Female,18-24
34375,2025-08-20T12:52:29.689Z,Paid Ads,India,South Gary,Other,18-24
34389,2025-08-20T12:52:29.689Z,Paid Ads,India,New Davidland,Other,35-44
34401,2025-10-17T12:52:29.689Z,Paid Ads,India,East Laura,Female,35-44
34402,2026-02-24T12:52:29.689Z,Referral,India,East Pamelaberg,Female,18-24
34404,2025-11-29T12:52:29.689Z,Organic,India,Joycestad,Male,45+
34405,2025-09-25T12:52:29.689Z,Paid Ads,India,Teresaton,Male,25-34
34416,2025-03-15T12:52:29.689Z,Email,India,Port Bradleyburgh,Female,35-44
34422,2025-03-07T12:52:29.689Z,Influencer,India,Lake Thomas,Other,35-44
34427,2025-12-17T12:52:29.689Z,Influencer,India,Smithland,Female,18-24
34433,2025-11-18T12:52:29.689Z,Referral,India,Petersonview,Other,25-34
34434,2025-07-08T12:52:29.689Z,Referral,India,West Moniquestad,Male,25-34
34435,2025-12-01T12:52:29.689Z,Paid Ads,India,Alexanderfurt,Other,18-24
34440,2025-07-29T12:52:29.689Z,Email,India,Shepherdburgh,Other,35-44
34449,2025-12-28T12:52:29.689Z,Paid Ads,India,West Bryce,Male,18-24
34454,2025-10-18T12:52:29.689Z,Influencer,India,East Kimberly,Female,25-34
34458,2026-01-17T12:52:29.689Z,Organic,India,Kimberlyfurt,Female,35-44
34462,2025-12-08T12:52:29.689Z,Referral,India,West Austin,Female,35-44
34464,2025-05-31T12:52:29.689Z,Influencer,India,New Richard,Male,18-24
34465,2025-10-16T12:52:29.689Z,Email,India,Moniqueland,Female,45+
34477,2025-03-09T12:52:29.689Z,Influencer,India,Lake Karimouth,Male,35-44
34481,2026-01-02T12:52:29.689Z,Paid Ads,India,Port Karen,Other,18-24
34484,2025-05-14T12:52:29.689Z,Paid Ads,India,North Denisefort,Female,35-44
34501,2025-12-11T12:52:29.689Z,Influencer,India,New Susan,Other,35-44
34508,2025-10-05T12:52:29.689Z,Email,India,East Allison,Male,45+
34520,2025-11-06T12:52:29.689Z,Referral,India,East Cindy,Female,25-34
34521,2025-03-19T12:52:29.689Z,Referral,India,Cookville,Female,35-44
34523,2025-06-02T12:52:29.689Z,Organic,India,South Sean,Female,45+
34529,2025-07-13T12:52:29.689Z,Organic,India,North Donna,Male,18-24
34532,2026-02-07T12:52:29.689Z,Influencer,India,Port Jessica,Female,45+
34559,2026-01-03T12:52:29.689Z,Organic,India,Port Regina,Other,25-34
34562,2025-08-30T12:52:29.689Z,Influencer,India,Raymondmouth,Other,25-34
34571,2026-01-09T12:52:29.689Z,Paid Ads,India,East Evan,Male,35-44
34578,2025-06-14T12:52:29.689Z,Organic,India,South Jennifer,Other,18-24
34579,2025-10-06T12:52:29.689Z,Organic,India,Camposshire,Female,45+
34590,2025-08-11T12:52:29.689Z,Referral,India,Salazarshire,Other,25-34
34593,2025-03-30T12:52:29.689Z,Paid Ads,India,Solisville,Female,18-24
34616,2025-03-14T12:52:29.689Z,Influencer,India,Port Gregoryview,Female,35-44
34619,2025-05-14T12:52:29.689Z,Referral,India,South Johnhaven,Female,45+
34624,2025-12-17T12:52:29.689Z,Email,India,Mckinneyport,Other,35-44
34631,2026-01-28T12:52:29.689Z,Referral,India,Mckenziehaven,Female,25-34
34633,2025-07-09T12:52:29.689Z,Paid Ads,India,Melanieland,Male,45+
34635,2026-01-20T12:52:29.689Z,Influencer,India,Darinmouth,Other,45+
34670,2025-12-28T12:52:29.689Z,Email,India,Tonistad,Female,18-24
34674,2025-06-27T12:52:29.689Z,Email,India,Port Carl,Male,25-34
34696,2025-12-11T12:52:29.689Z,Paid Ads,India,South Stacyville,Male,45+
34704,2025-12-13T12:52:29.689Z,Organic,India,Heatherfurt,Female,35-44
34707,2025-05-15T12:52:29.689Z,Paid Ads,India,North Tammyville,Male,35-44
34710,2025-07-23T12:52:29.689Z,Paid Ads,India,South Glennshire,Other,45+
34716,2025-10-01T12:52:29.689Z,Organic,India,Harperfurt,Other,25-34
34726,2025-12-26T12:52:29.689Z,Email,India,Ryanville,Male,35-44
34730,2025-12-28T12:52:29.689Z,Email,India,Annafort,Male,18-24
34735,2026-01-18T12:52:29.689Z,Referral,India,Kaylafort,Female,25-34
34744,2025-11-30T12:52:29.689Z,Influencer,India,North William,Male,35-44
34745,2025-09-06T12:52:29.689Z,Paid Ads,India,East Williestad,Male,18-24
34747,2025-09-10T12:52:29.689Z,Paid Ads,India,West Dorothyshire,Male,45+
34749,2026-02-07T12:52:29.689Z,Paid Ads,India,West Lorifort,Male,25-34
34752,2025-11-22T12:52:29.689Z,Referral,India,East Isaac,Female,25-34
34775,2025-12-30T12:52:29.689Z,Referral,India,East Christopherburgh,Male,45+
34777,2025-09-24T12:52:29.689Z,Email,India,Duranchester,Female,45+
34809,2025-07-02T12:52:29.689Z,Paid Ads,India,Lake Katherine,Other,45+
34815,2026-01-15T12:52:29.689Z,Influencer,India,Hamiltonstad,Other,25-34
34820,2025-05-27T12:52:29.689Z,Influencer,India,South Kevin,Other,25-34
34821,2025-11-14T12:52:29.689Z,Paid Ads,India,Barrettbury,Female,45+
34831,2025-07-26T12:52:29.689Z,Email,India,East Danielhaven,Female,45+
34838,2025-12-30T12:52:29.689Z,Referral,India,West Danielleville,Female,25-34
34842,2025-03-05T12:52:29.689Z,Paid Ads,India,Port Charles,Male,35-44
34848,2025-10-25T12:52:29.689Z,Organic,India,New Jessica,Male,18-24
34850,2025-07-27T12:52:29.689Z,Email,India,South Toddchester,Other,35-44
34858,2025-04-13T12:52:29.689Z,Email,India,West Christinamouth,Female,18-24
34863,2025-05-29T12:52:29.689Z,Referral,India,Kristinview,Other,45+
34870,2026-01-08T12:52:29.689Z,Paid Ads,India,New Debraland,Female,35-44
34871,2025-08-20T12:52:29.689Z,Referral,India,West Ethanfort,Female,45+
34877,2025-06-08T12:52:29.689Z,Referral,India,South Justin,Other,18-24
34880,2025-07-10T12:52:29.689Z,Referral,India,West Charlesport,Female,25-34
34883,2026-02-19T12:52:29.689Z,Influencer,India,Port Josephmouth,Other,18-24
34885,2025-11-18T12:52:29.689Z,Influencer,India,South Kenneth,Male,45+
34886,2025-07-26T12:52:29.689Z,Paid Ads,India,Michaelmouth,Male,35-44
34896,2025-05-15T12:52:29.689Z,Paid Ads,India,Lake John,Other,35-44
34899,2025-04-13T12:52:29.689Z,Referral,India,North John,Female,25-34
34902,2025-04-06T12:52:29.689Z,Influencer,India,Brookshaven,Male,45+
34917,2025-11-24T12:52:29.689Z,Paid Ads,India,West Michellemouth,Female,45+
34923,2025-12-23T12:52:29.689Z,Paid Ads,India,East Christineville,Other,45+
34924,2025-08-08T12:52:29.689Z,Organic,India,South Stevenland,Female,25-34
34928,2026-02-28T12:52:29.689Z,Email,India,South David,Other,45+
34935,2025-04-23T12:52:29.689Z,Organic,India,Mcleanside,Other,35-44
34936,2025-12-07T12:52:29.689Z,Organic,India,East Caitlinbury,Female,45+
34955,2025-11-13T12:52:29.689Z,Paid Ads,India,Lake Markborough,Female,45+
34956,2025-06-08T12:52:29.689Z,Email,India,New Bradleyfort,Other,25-34
34964,2025-05-21T12:52:29.689Z,Organic,India,North Timothy,Other,18-24
34968,2025-05-15T12:52:29.689Z,Referral,India,Danielfurt,Male,25-34
34978,2025-03-06T12:52:29.689Z,Email,India,Millsmouth,Female,45+
34985,2025-12-31T12:52:29.689Z,Referral,India,Perkinsmouth,Female,25-34
34988,2026-02-09T12:52:29.689Z,Paid Ads,India,North Rebeccabury,Female,35-44
34989,2026-01-24T12:52:29.689Z,Influencer,India,East Meganbury,Female,35-44
35008,2026-01-28T12:52:29.689Z,Referral,India,New Terri,Other,18-24
35019,2025-12-25T12:52:29.689Z,Email,India,Port Tiffany,Male,45+
35037,2025-12-04T12:52:29.689Z,Referral,India,North Jason,Male,18-24
35041,2025-11-11T12:52:29.689Z,Organic,India,New Johnchester,Other,18-24
35044,2026-02-12T12:52:29.689Z,Referral,India,Harrischester,Other,35-44
35056,2025-09-13T12:52:29.689Z,Influencer,India,East Brianborough,Male,25-34
35061,2025-08-13T12:52:29.689Z,Paid Ads,India,Brownbury,Male,45+
35064,2025-10-11T12:52:29.689Z,Referral,India,Abigailton,Female,35-44
35070,2025-12-27T12:52:29.689Z,Paid Ads,India,Port Brianna,Other,45+
35071,2025-12-21T12:52:29.689Z,Paid Ads,India,Fernandezshire,Female,35-44
35074,2025-06-20T12:52:29.689Z,Referral,India,Peterfurt,Female,25-34
35075,2025-03-08T12:52:29.689Z,Paid Ads,India,Port Jeanfort,Other,25-34
35078,2025-11-18T12:52:29.689Z,Influencer,India,Lake Erin,Female,18-24
35080,2025-11-29T12:52:29.689Z,Organic,India,Matthewland,Male,25-34
35081,2025-04-07T12:52:29.689Z,Paid Ads,India,Shanebury,Female,25-34
35104,2026-01-31T12:52:29.689Z,Paid Ads,India,Johnmouth,Male,18-24
35111,2025-04-03T12:52:29.689Z,Paid Ads,India,Christopherberg,Other,45+
35133,2026-01-04T12:52:29.689Z,Organic,India,New Allisonfort,Female,18-24
35138,2025-11-11T12:52:29.689Z,Influencer,India,Collinsberg,Male,25-34
35140,2026-01-05T12:52:29.689Z,Organic,India,Justinfurt,Female,18-24
35141,2026-01-01T12:52:29.689Z,Organic,India,Rachelchester,Other,18-24
35146,2025-12-18T12:52:29.689Z,Paid Ads,India,Juliachester,Female,45+
35147,2025-03-28T12:52:29.689Z,Organic,India,Escobarmouth,Male,45+
35148,2025-11-22T12:52:29.689Z,Email,India,South Charles,Female,35-44
35153,2025-08-26T12:52:29.689Z,Email,India,West Elizabethmouth,Male,25-34
35165,2025-04-26T12:52:29.689Z,Paid Ads,India,Karamouth,Other,35-44
35166,2025-04-11T12:52:29.689Z,Paid Ads,India,South Raymond,Other,18-24
35187,2025-10-31T12:52:29.689Z,Referral,India,West Debbieside,Female,35-44
35190,2025-08-21T12:52:29.689Z,Organic,India,East Robert,Other,18-24
35193,2026-02-01T12:52:29.689Z,Influencer,India,Contrerasfort,Male,45+
35195,2025-07-01T12:52:29.689Z,Paid Ads,India,North Jennifer,Female,18-24
35207,2025-07-31T12:52:29.689Z,Paid Ads,India,North Mary,Female,18-24
35211,2025-12-14T12:52:29.689Z,Influencer,India,West Ryanburgh,Female,45+
35214,2025-03-21T12:52:29.689Z,Referral,India,West Patrickhaven,Other,18-24
35225,2025-08-05T12:52:29.689Z,Paid Ads,India,Sarahside,Female,45+
35233,2025-11-06T12:52:29.689Z,Influencer,India,Garcialand,Male,35-44
35234,2025-04-17T12:52:29.689Z,Referral,India,Ericfurt,Other,35-44
35239,2025-05-20T12:52:29.689Z,Organic,India,Taylorside,Male,35-44
35247,2025-10-10T12:52:29.689Z,Email,India,East Cindy,Female,45+
35248,2025-08-24T12:52:29.689Z,Organic,India,East Melissaton,Male,18-24
35251,2025-06-23T12:52:29.689Z,Referral,India,Deborahville,Female,35-44
35256,2026-02-01T12:52:29.689Z,Influencer,India,Martinside,Other,35-44
35265,2025-09-20T12:52:29.689Z,Paid Ads,India,Port Jonathon,Female,18-24
35268,2026-01-25T12:52:29.689Z,Email,India,North Traceyville,Female,18-24
35270,2026-01-12T12:52:29.689Z,Influencer,India,South Evan,Female,18-24
35271,2025-05-02T12:52:29.689Z,Email,India,Jamesview,Female,45+
35274,2025-09-13T12:52:29.689Z,Influencer,India,Amandabury,Male,35-44
35275,2025-06-13T12:52:29.689Z,Referral,India,Lancefurt,Male,25-34
35278,2025-12-09T12:52:29.689Z,Organic,India,East Robert,Other,35-44
35280,2025-04-12T12:52:29.689Z,Email,India,South Holly,Other,25-34
35287,2025-08-23T12:52:29.689Z,Paid Ads,India,New Heidifurt,Male,25-34
35293,2025-03-15T12:52:29.689Z,Email,India,West Glen,Female,35-44
35297,2025-03-31T12:52:29.689Z,Paid Ads,India,South Michael,Male,25-34
35301,2025-07-15T12:52:29.689Z,Influencer,India,Carterbury,Other,18-24
35306,2025-03-11T12:52:29.689Z,Influencer,India,Joseton,Male,18-24
35312,2025-09-22T12:52:29.689Z,Organic,India,West Stephenburgh,Other,45+
35314,2025-05-07T12:52:29.689Z,Influencer,India,Mooreport,Male,18-24
35320,2025-05-28T12:52:29.689Z,Email,India,West Charles,Female,35-44
35324,2025-06-02T12:52:29.689Z,Organic,India,New Daniel,Male,18-24
35330,2025-08-02T12:52:29.689Z,Influencer,India,Mortonmouth,Other,45+
35331,2025-06-21T12:52:29.689Z,Email,India,Hannahmouth,Other,45+
35332,2025-03-02T12:52:29.689Z,Paid Ads,India,New Stevenville,Male,25-34
35334,2025-09-22T12:52:29.689Z,Paid Ads,India,South Travis,Other,25-34
35351,2025-12-15T12:52:29.689Z,Organic,India,Joshuaborough,Other,18-24
35358,2025-03-02T12:52:29.689Z,Organic,India,Reyesmouth,Other,18-24
35359,2025-10-11T12:52:29.689Z,Influencer,India,Lake Chad,Female,18-24
35373,2025-12-04T12:52:29.689Z,Email,India,Navarrofurt,Female,18-24
35383,2025-04-23T12:52:29.689Z,Paid Ads,India,Barrettburgh,Female,45+
35387,2025-06-29T12:52:29.689Z,Email,India,Williamsmouth,Female,35-44
35390,2025-12-07T12:52:29.689Z,Email,India,Joannashire,Female,35-44
35393,2025-05-17T12:52:29.689Z,Paid Ads,India,Alexanderville,Other,18-24
35401,2025-08-11T12:52:29.689Z,Paid Ads,India,Robertchester,Other,25-34
35402,2025-07-08T12:52:29.689Z,Organic,India,North Brianville,Other,18-24
35406,2025-10-01T12:52:29.689Z,Organic,India,Keithfort,Other,18-24
35414,2026-01-24T12:52:29.689Z,Paid Ads,India,Melindaville,Male,35-44
35417,2025-10-02T12:52:29.689Z,Paid Ads,India,Monicaland,Female,18-24
35418,2025-08-06T12:52:29.689Z,Email,India,Nicoleshire,Male,45+
35424,2025-11-11T12:52:29.689Z,Organic,India,Smithbury,Other,18-24
35433,2025-11-15T12:52:29.689Z,Referral,India,Millerfort,Other,45+
35437,2025-05-25T12:52:29.689Z,Organic,India,New Oliviaborough,Male,35-44
35438,2025-04-08T12:52:29.689Z,Influencer,India,Kaylaberg,Other,25-34
35440,2025-12-11T12:52:29.689Z,Influencer,India,Petersview,Male,45+
35444,2026-01-04T12:52:29.689Z,Paid Ads,India,Alexisland,Male,25-34
35460,2025-05-28T12:52:29.689Z,Influencer,India,South Annland,Male,18-24
35461,2025-03-05T12:52:29.689Z,Organic,India,West Shannon,Other,25-34
35469,2025-10-16T12:52:29.689Z,Paid Ads,India,Lake Jesseberg,Male,45+
35480,2025-11-22T12:52:29.689Z,Influencer,India,West Darinville,Female,18-24
35509,2025-06-24T12:52:29.689Z,Organic,India,Port Kathleenstad,Other,35-44
35510,2026-01-21T12:52:29.689Z,Influencer,India,Bradleyland,Male,45+
35524,2025-05-01T12:52:29.689Z,Referral,India,New Catherine,Male,35-44
35525,2025-05-01T12:52:29.689Z,Referral,India,West Daniel,Other,18-24
35527,2025-09-17T12:52:29.689Z,Email,India,West Laurie,Male,45+
35532,2025-07-31T12:52:29.689Z,Referral,India,North Davidburgh,Female,18-24
35545,2025-09-19T12:52:29.689Z,Email,India,Lake Gregory,Other,45+
35563,2025-11-18T12:52:29.689Z,Influencer,India,Port Williamport,Male,45+
35600,2026-02-20T12:52:29.689Z,Paid Ads,India,South Franciscofurt,Other,35-44
35610,2026-01-15T12:52:29.689Z,Email,India,Port Dakotafurt,Other,45+
35620,2026-02-17T12:52:29.689Z,Referral,India,Jasonburgh,Female,45+
35621,2025-09-08T12:52:29.689Z,Organic,India,Barnettport,Male,25-34
35624,2025-07-16T12:52:29.689Z,Organic,India,New Melissafort,Male,45+
35632,2025-03-12T12:52:29.689Z,Email,India,Kathyport,Other,45+
35633,2025-06-28T12:52:29.689Z,Referral,India,West Nicholas,Female,18-24
35637,2025-09-19T12:52:29.689Z,Influencer,India,Samanthafort,Female,25-34
35640,2025-12-28T12:52:29.689Z,Referral,India,Dawnfort,Female,18-24
35642,2025-11-22T12:52:29.689Z,Referral,India,Carpentershire,Other,35-44
35645,2025-08-22T12:52:29.689Z,Organic,India,Lake Amandamouth,Female,35-44
35646,2025-08-04T12:52:29.689Z,Paid Ads,India,Brianland,Other,25-34
35657,2025-07-16T12:52:29.689Z,Referral,India,Lydiaberg,Female,18-24
35658,2025-10-16T12:52:29.689Z,Organic,India,North James,Female,25-34
35671,2025-03-03T12:52:29.689Z,Organic,India,Perrystad,Female,35-44
35673,2025-03-29T12:52:29.689Z,Email,India,Tiffanyborough,Male,45+
35685,2025-07-17T12:52:29.689Z,Email,India,South Hollyton,Male,45+
35698,2025-12-10T12:52:29.689Z,Referral,India,Lake Johnville,Male,25-34
35703,2025-03-12T12:52:29.689Z,Email,India,South Melissa,Male,35-44
35712,2025-08-26T12:52:29.689Z,Referral,India,Hamiltonport,Male,35-44
35717,2025-03-27T12:52:29.689Z,Email,India,Lake Sean,Other,45+
35724,2025-10-26T12:52:29.689Z,Paid Ads,India,Lake Jackberg,Male,35-44
35725,2025-05-15T12:52:29.689Z,Influencer,India,New Mark,Other,18-24
35726,2025-05-30T12:52:29.689Z,Influencer,India,Brownmouth,Other,25-34
35727,2026-02-17T12:52:29.689Z,Paid Ads,India,East Melissaborough,Other,35-44
35740,2025-08-25T12:52:29.689Z,Organic,India,North Matthew,Other,45+
35751,2025-09-10T12:52:29.689Z,Email,India,Michaelchester,Male,35-44
35766,2025-09-26T12:52:29.689Z,Referral,India,Port Benjamin,Other,45+
35768,2025-07-29T12:52:29.689Z,Referral,India,Burtonbury,Female,45+
35782,2025-11-17T12:52:29.689Z,Paid Ads,India,South Anthony,Male,45+
35793,2026-02-02T12:52:29.689Z,Email,India,Lopeztown,Male,18-24
35797,2025-03-24T12:52:29.689Z,Influencer,India,Williamton,Male,35-44
35815,2025-07-07T12:52:29.689Z,Influencer,India,Port Abigail,Male,25-34
35820,2025-07-12T12:52:29.689Z,Email,India,Deborahtown,Other,25-34
35824,2025-10-05T12:52:29.689Z,Referral,India,Port Wandaport,Male,25-34
35833,2025-06-22T12:52:29.689Z,Referral,India,South Jonathanshire,Male,25-34
35838,2025-09-24T12:52:29.689Z,Referral,India,Wilsonhaven,Male,35-44
35856,2025-09-29T12:52:29.689Z,Referral,India,East Taylorburgh,Other,25-34
35858,2025-05-27T12:52:29.689Z,Referral,India,New Stephanie,Male,35-44
35862,2026-01-19T12:52:29.689Z,Email,India,Thomasfort,Female,25-34
35866,2025-07-07T12:52:29.689Z,Paid Ads,India,Port Sarah,Female,18-24
35867,2025-10-28T12:52:29.689Z,Organic,India,Buchananport,Male,35-44
35870,2025-10-14T12:52:29.689Z,Paid Ads,India,North Kristinemouth,Male,45+
35880,2025-03-14T12:52:29.689Z,Influencer,India,South Kimberly,Other,18-24
35882,2025-05-02T12:52:29.689Z,Paid Ads,India,Youngbury,Female,25-34
35893,2026-01-08T12:52:29.689Z,Referral,India,Currystad,Other,45+
35895,2025-06-18T12:52:29.689Z,Email,India,Taylorview,Female,35-44
35898,2025-09-08T12:52:29.689Z,Paid Ads,India,Port Tiffanyview,Female,45+
35904,2025-08-10T12:52:29.689Z,Paid Ads,India,Tiffanyberg,Male,35-44
35906,2025-10-03T12:52:29.689Z,Paid Ads,India,New Christianland,Other,18-24
35918,2026-01-08T12:52:29.689Z,Referral,India,North Richard,Female,45+
35919,2025-03-21T12:52:29.689Z,Organic,India,West Patricia,Other,18-24
35922,2026-01-16T12:52:29.689Z,Email,India,Lake Jessicaside,Male,25-34
35924,2025-08-19T12:52:29.689Z,Paid Ads,India,West Nicole,Female,25-34
35933,2025-12-11T12:52:29.689Z,Referral,India,Charlesville,Other,25-34
35939,2025-05-20T12:52:29.689Z,Email,India,West Brian,Other,35-44
35940,2025-10-09T12:52:29.689Z,Email,India,South Susan,Male,45+
35949,2025-05-31T12:52:29.689Z,Influencer,India,Travismouth,Female,25-34
35956,2025-05-15T12:52:29.689Z,Organic,India,New Malik,Female,25-34
35960,2025-10-27T12:52:29.689Z,Influencer,India,West Matthew,Male,45+
35961,2025-04-05T12:52:29.689Z,Organic,India,Lake Charles,Other,45+
35962,2025-04-18T12:52:29.689Z,Referral,India,Smithton,Male,18-24
35966,2026-02-22T12:52:29.689Z,Influencer,India,Evansfort,Other,45+
35970,2025-10-01T12:52:29.689Z,Organic,India,East Stacyhaven,Female,45+
35985,2025-12-05T12:52:29.689Z,Email,India,Deannaview,Other,35-44
35989,2026-02-22T12:52:29.689Z,Referral,India,Port Kimberlyfurt,Male,18-24
35990,2025-05-30T12:52:29.689Z,Influencer,India,Thomashaven,Male,45+
35992,2025-06-19T12:52:29.689Z,Organic,India,Anthonyborough,Other,35-44
35993,2025-05-22T12:52:29.689Z,Email,India,East Anthonychester,Male,45+
36003,2025-12-04T12:52:29.689Z,Paid Ads,India,Ritaburgh,Other,35-44
36005,2025-12-31T12:52:29.689Z,Referral,India,Jessicafurt,Female,25-34
36007,2025-08-11T12:52:29.689Z,Referral,India,Mayofurt,Male,18-24
36008,2025-08-20T12:52:29.689Z,Referral,India,Ninaview,Male,25-34
36009,2025-04-04T12:52:29.689Z,Referral,India,Rossborough,Male,45+
36017,2025-03-23T12:52:29.689Z,Organic,India,North Stephanieburgh,Male,45+
36018,2026-02-15T12:52:29.689Z,Paid Ads,India,New Melanie,Male,18-24
36032,2025-11-05T12:52:29.689Z,Email,India,Pierceport,Female,35-44
36044,2025-05-31T12:52:29.689Z,Paid Ads,India,Jenkinsfort,Female,35-44
36045,2025-09-20T12:52:29.689Z,Paid Ads,India,Shieldsview,Other,35-44
36058,2026-02-01T12:52:29.689Z,Influencer,India,Rodriguezview,Other,35-44
36066,2025-08-12T12:52:29.689Z,Organic,India,East Alyssahaven,Female,45+
36071,2025-03-08T12:52:29.689Z,Referral,India,Lake Juan,Male,35-44
36073,2025-10-26T12:52:29.689Z,Referral,India,Muellerberg,Male,45+
36077,2025-12-17T12:52:29.689Z,Paid Ads,India,New Christian,Male,18-24
36079,2026-01-24T12:52:29.689Z,Organic,India,Calebfort,Other,35-44
36085,2025-07-29T12:52:29.689Z,Email,India,Ayersside,Other,25-34
36088,2025-07-13T12:52:29.689Z,Influencer,India,East Jeffreystad,Other,18-24
36089,2025-12-09T12:52:29.689Z,Paid Ads,India,Juliefurt,Other,25-34
36092,2025-10-27T12:52:29.689Z,Email,India,South Haleybury,Other,18-24
36096,2025-10-08T12:52:29.689Z,Organic,India,North Kimberlyborough,Other,45+
36097,2025-07-30T12:52:29.689Z,Organic,India,Lake David,Male,45+
36103,2025-08-19T12:52:29.689Z,Influencer,India,Jacksonfurt,Female,35-44
36110,2025-07-27T12:52:29.689Z,Referral,India,Bakerberg,Other,25-34
36118,2025-10-10T12:52:29.689Z,Paid Ads,India,Ericstad,Male,35-44
36119,2025-08-05T12:52:29.689Z,Email,India,East Lauraland,Female,18-24
36133,2025-06-07T12:52:29.689Z,Influencer,India,North Charles,Male,35-44
36134,2025-11-18T12:52:29.689Z,Paid Ads,India,Sarafort,Female,45+
36140,2025-09-01T12:52:29.689Z,Organic,India,East Scott,Male,18-24
36141,2025-12-11T12:52:29.689Z,Referral,India,West David,Other,18-24
36150,2026-02-21T12:52:29.689Z,Paid Ads,India,North Mark,Male,45+
36157,2025-05-10T12:52:29.689Z,Paid Ads,India,New Mollyview,Male,18-24
36162,2025-08-09T12:52:29.689Z,Organic,India,Meaganland,Female,45+
36177,2025-12-19T12:52:29.689Z,Email,India,Figueroamouth,Other,18-24
36178,2025-04-09T12:52:29.689Z,Paid Ads,India,Floresstad,Male,18-24
36180,2025-06-14T12:52:29.689Z,Email,India,Hendersonbury,Male,35-44
36199,2025-06-16T12:52:29.689Z,Referral,India,Padillaview,Male,45+
36205,2025-09-05T12:52:29.689Z,Paid Ads,India,Rodriguezmouth,Male,25-34
36226,2025-05-01T12:52:29.689Z,Organic,India,Velasquezton,Other,18-24
36235,2025-03-12T12:52:29.689Z,Referral,India,Port Chadstad,Female,35-44
36248,2025-12-29T12:52:29.689Z,Influencer,India,Williamsside,Male,25-34
36254,2025-06-27T12:52:29.689Z,Email,India,East Cherylview,Female,45+
36259,2025-03-21T12:52:29.689Z,Email,India,Jenniferfort,Other,35-44
36265,2025-10-26T12:52:29.689Z,Referral,India,South Jacquelineport,Other,25-34
36266,2025-06-09T12:52:29.689Z,Paid Ads,India,South Jamie,Other,35-44
36267,2025-09-14T12:52:29.689Z,Email,India,East Victoriaview,Male,18-24
36307,2025-10-20T12:52:29.689Z,Influencer,India,North Deanna,Female,45+
36324,2025-07-20T12:52:29.689Z,Referral,India,Mooreshire,Male,45+
36327,2025-12-03T12:52:29.689Z,Influencer,India,Hudsonside,Male,45+
36328,2025-09-28T12:52:29.689Z,Email,India,Jackside,Female,25-34
36331,2025-06-11T12:52:29.689Z,Influencer,India,Toddmouth,Other,45+
36332,2025-09-03T12:52:29.689Z,Organic,India,East Richardville,Female,35-44
36345,2025-10-05T12:52:29.689Z,Paid Ads,India,South Darrellborough,Other,18-24
36347,2025-08-05T12:52:29.689Z,Email,India,Raymondmouth,Female,45+
36354,2025-05-25T12:52:29.689Z,Influencer,India,North Stephanie,Male,35-44
36355,2025-05-25T12:52:29.689Z,Email,India,East Christopher,Male,18-24
36357,2025-11-09T12:52:29.689Z,Email,India,Pattersonview,Male,45+
36363,2025-07-15T12:52:29.689Z,Email,India,Walterschester,Female,18-24
36369,2025-04-18T12:52:29.689Z,Paid Ads,India,East Donald,Female,18-24
36377,2025-09-13T12:52:29.689Z,Referral,India,Kristintown,Male,25-34
36384,2026-01-10T12:52:29.689Z,Paid Ads,India,South Matthewchester,Other,25-34
36387,2025-05-11T12:52:29.689Z,Organic,India,North Jordan,Male,18-24
36389,2025-03-06T12:52:29.689Z,Referral,India,Emmafort,Female,18-24
36395,2025-11-29T12:52:29.689Z,Influencer,India,Jacquelineburgh,Female,35-44
36404,2025-11-29T12:52:29.689Z,Paid Ads,India,New Lindsayfurt,Other,45+
36406,2025-06-05T12:52:29.689Z,Referral,India,Johnview,Female,18-24
36410,2026-02-20T12:52:29.689Z,Paid Ads,India,Alyssabury,Male,35-44
36425,2026-01-18T12:52:29.689Z,Paid Ads,India,Mccoyland,Male,45+
36429,2025-04-26T12:52:29.689Z,Paid Ads,India,Port Michelle,Female,45+
36434,2025-07-24T12:52:29.689Z,Organic,India,Hallshire,Other,45+
36437,2025-03-06T12:52:29.689Z,Paid Ads,India,Bensonbury,Other,18-24
36442,2025-08-19T12:52:29.689Z,Paid Ads,India,Jennifertown,Female,45+
36447,2025-05-11T12:52:29.689Z,Paid Ads,India,Jeremyberg,Male,25-34
36451,2025-06-24T12:52:29.689Z,Paid Ads,India,West Deannafort,Other,45+
36464,2026-01-24T12:52:29.689Z,Email,India,West Joan,Male,18-24
36468,2025-09-27T12:52:29.689Z,Paid Ads,India,Kevinside,Other,35-44
36470,2025-12-12T12:52:29.689Z,Referral,India,West Valerieberg,Other,45+
36474,2025-05-21T12:52:29.689Z,Referral,India,Powellchester,Female,18-24
36483,2025-03-27T12:52:29.689Z,Paid Ads,India,Jameshaven,Other,18-24
36493,2025-11-27T12:52:29.689Z,Paid Ads,India,Alyssaland,Female,25-34
36503,2025-09-10T12:52:29.689Z,Influencer,India,Lisafort,Female,45+
36506,2025-03-22T12:52:29.689Z,Paid Ads,India,South Christopher,Female,25-34
36510,2026-02-21T12:52:29.689Z,Email,India,East Renee,Other,25-34
36513,2025-10-03T12:52:29.689Z,Referral,India,Debbieville,Other,45+
36517,2025-06-18T12:52:29.689Z,Paid Ads,India,Samanthaport,Male,45+
36520,2025-12-21T12:52:29.689Z,Influencer,India,North Michellechester,Other,35-44
36530,2025-10-07T12:52:29.689Z,Paid Ads,India,Blairhaven,Male,45+
36535,2025-03-28T12:52:29.689Z,Influencer,India,East Melissa,Other,45+
36536,2025-07-01T12:52:29.689Z,Referral,India,Franklinfurt,Other,18-24
36541,2025-06-05T12:52:29.689Z,Organic,India,Jonesmouth,Male,35-44
36546,2025-03-28T12:52:29.689Z,Paid Ads,India,Albertbury,Female,35-44
36548,2025-03-07T12:52:29.689Z,Paid Ads,India,Leefort,Male,25-34
36558,2026-01-07T12:52:29.689Z,Referral,India,Sarahfurt,Female,35-44
36559,2026-01-30T12:52:29.689Z,Influencer,India,Port Blake,Female,25-34
36564,2025-10-08T12:52:29.689Z,Organic,India,Weaverport,Female,35-44
36567,2025-04-06T12:52:29.689Z,Referral,India,East Courtneyfort,Female,35-44
36575,2025-10-08T12:52:29.689Z,Influencer,India,Marissafort,Other,45+
36576,2025-10-04T12:52:29.689Z,Referral,India,Nicholastown,Other,18-24
36579,2025-07-03T12:52:29.689Z,Email,India,Lake Jason,Other,45+
36581,2025-12-08T12:52:29.689Z,Paid Ads,India,Lake Ashlee,Female,25-34
36583,2025-09-20T12:52:29.689Z,Organic,India,West Gina,Female,35-44
36588,2025-04-06T12:52:29.689Z,Referral,India,Barneshaven,Male,35-44
36589,2025-11-09T12:52:29.689Z,Paid Ads,India,Sandrafort,Male,35-44
36590,2025-07-26T12:52:29.689Z,Paid Ads,India,New Alexside,Other,35-44
36599,2025-05-27T12:52:29.689Z,Referral,India,West Nancyhaven,Female,45+
36610,2025-06-19T12:52:29.689Z,Organic,India,West Tammy,Male,45+
36613,2025-07-28T12:52:29.689Z,Paid Ads,India,Kingport,Other,25-34
36617,2025-04-02T12:52:29.689Z,Influencer,India,New Megan,Male,25-34
36625,2026-01-13T12:52:29.689Z,Referral,India,Port Theresaview,Male,35-44
36632,2025-07-19T12:52:29.689Z,Organic,India,Jillhaven,Female,35-44
36638,2025-11-29T12:52:29.689Z,Influencer,India,Jeffside,Other,35-44
36640,2025-05-21T12:52:29.689Z,Influencer,India,North Joshuaville,Other,45+
36646,2025-07-23T12:52:29.689Z,Organic,India,Grantbury,Male,45+
36647,2026-01-01T12:52:29.689Z,Paid Ads,India,Duffyberg,Other,35-44
36657,2025-06-21T12:52:29.689Z,Referral,India,Welchmouth,Other,45+
36660,2025-03-24T12:52:29.689Z,Referral,India,Paulborough,Male,35-44
36665,2025-05-26T12:52:29.689Z,Paid Ads,India,Owenshaven,Female,18-24
36666,2026-02-28T12:52:29.689Z,Organic,India,Smithmouth,Other,45+
36678,2025-05-31T12:52:29.689Z,Referral,India,Bridgetfurt,Female,35-44
36683,2026-02-05T12:52:29.689Z,Organic,India,New Kayleeshire,Other,35-44
36688,2025-11-27T12:52:29.689Z,Referral,India,Port Brittanyburgh,Male,45+
36702,2025-03-07T12:52:29.689Z,Paid Ads,India,New Rodneytown,Male,18-24
36711,2025-10-07T12:52:29.689Z,Paid Ads,India,Lake Bryan,Other,18-24
36726,2025-12-20T12:52:29.689Z,Referral,India,Harrisonland,Female,25-34
36727,2025-04-29T12:52:29.689Z,Referral,India,North Josephside,Male,45+
36733,2026-02-26T12:52:29.689Z,Influencer,India,South Roberta,Female,45+
36742,2025-12-28T12:52:29.689Z,Influencer,India,New Gary,Female,18-24
36751,2025-04-20T12:52:29.689Z,Paid Ads,India,Samanthaland,Male,25-34
36753,2025-12-12T12:52:29.689Z,Paid Ads,India,South Susanmouth,Female,45+
36766,2025-08-27T12:52:29.689Z,Email,India,North Madison,Male,25-34
36767,2025-09-24T12:52:29.689Z,Paid Ads,India,Carlamouth,Female,45+
36768,2025-12-31T12:52:29.689Z,Referral,India,Kimberlytown,Male,45+
36778,2025-09-23T12:52:29.689Z,Paid Ads,India,Port Allenmouth,Other,45+
36782,2025-07-25T12:52:29.689Z,Email,India,Robersonmouth,Male,35-44
36783,2026-01-28T12:52:29.689Z,Organic,India,South Diane,Male,25-34
36788,2025-08-02T12:52:29.689Z,Organic,India,New Ana,Male,45+
36794,2026-02-15T12:52:29.689Z,Email,India,Diazside,Other,45+
36796,2025-11-15T12:52:29.689Z,Organic,India,South James,Male,18-24
36799,2025-07-07T12:52:29.689Z,Email,India,South Scottmouth,Female,45+
36804,2025-07-03T12:52:29.689Z,Organic,India,Valerieburgh,Female,25-34
36822,2025-03-31T12:52:29.689Z,Influencer,India,Calebfort,Female,18-24
36831,2025-07-16T12:52:29.689Z,Email,India,Edwardsport,Male,45+
36834,2026-01-14T12:52:29.689Z,Organic,India,Leachberg,Other,25-34
36849,2025-12-27T12:52:29.689Z,Email,India,Port Tylerfurt,Other,18-24
36851,2025-07-20T12:52:29.689Z,Referral,India,Lawsonhaven,Other,45+
36869,2025-09-11T12:52:29.689Z,Influencer,India,Bellstad,Female,35-44
36890,2025-09-16T12:52:29.689Z,Referral,India,Davidmouth,Male,18-24
36896,2025-11-06T12:52:29.689Z,Paid Ads,India,New Brianchester,Female,25-34
36899,2025-03-15T12:52:29.689Z,Paid Ads,India,South Jacobland,Female,35-44
36902,2025-07-28T12:52:29.689Z,Referral,India,Port Randy,Other,25-34
36903,2025-03-22T12:52:29.689Z,Referral,India,New Frank,Male,45+
36925,2025-06-03T12:52:29.689Z,Paid Ads,India,North Vanessa,Female,45+
36927,2025-12-04T12:52:29.689Z,Organic,India,West Alisonville,Other,18-24
36935,2025-06-10T12:52:29.689Z,Email,India,Andrewfurt,Other,45+
36949,2025-11-04T12:52:29.689Z,Organic,India,Anthonyland,Other,45+
36951,2025-05-09T12:52:29.689Z,Organic,India,South Victoria,Male,35-44
36957,2026-02-15T12:52:29.689Z,Referral,India,Benjaminhaven,Other,18-24
36971,2025-09-29T12:52:29.689Z,Email,India,East Jennifershire,Male,18-24
36982,2025-12-04T12:52:29.689Z,Paid Ads,India,Jonathanbury,Other,25-34
36984,2025-12-12T12:52:29.689Z,Organic,India,North Stephanieside,Female,18-24
36987,2025-06-21T12:52:29.689Z,Referral,India,Veronicaside,Male,45+
36989,2025-12-18T12:52:29.689Z,Paid Ads,India,Drewshire,Male,25-34
36998,2025-10-29T12:52:29.689Z,Organic,India,East Darrenport,Female,18-24
37000,2025-04-17T12:52:29.689Z,Influencer,India,New Joanne,Male,18-24
37005,2025-03-08T12:52:29.689Z,Organic,India,Lake Andrewton,Female,25-34
37006,2025-05-04T12:52:29.689Z,Influencer,India,Sheilaview,Male,18-24
37012,2026-02-10T12:52:29.689Z,Organic,India,East Lisa,Other,45+
37013,2025-06-07T12:52:29.689Z,Organic,India,Wardhaven,Other,25-34
37033,2025-03-19T12:52:29.689Z,Influencer,India,New Madison,Male,45+
37035,2025-09-28T12:52:29.689Z,Organic,India,Lake Jennifer,Female,25-34
37036,2025-07-26T12:52:29.689Z,Paid Ads,India,Port Justinbury,Female,18-24
37037,2025-12-31T12:52:29.689Z,Email,India,Port Mark,Male,25-34
37042,2025-05-26T12:52:29.689Z,Organic,India,North Jeanette,Other,25-34
37051,2025-06-18T12:52:29.689Z,Influencer,India,Frenchport,Male,25-34
37055,2026-02-14T12:52:29.689Z,Email,India,East Corey,Other,45+
37057,2025-12-09T12:52:29.689Z,Referral,India,Port Douglasmouth,Other,45+
37064,2026-01-04T12:52:29.689Z,Influencer,India,Lynchberg,Male,18-24
37068,2025-03-03T12:52:29.689Z,Email,India,Matthewville,Male,45+
37069,2025-09-16T12:52:29.689Z,Paid Ads,India,Gonzalezchester,Male,45+
37083,2026-01-27T12:52:29.689Z,Organic,India,Bryanview,Male,35-44
37097,2025-03-14T12:52:29.689Z,Organic,India,Port Wendyville,Male,18-24
37105,2025-04-12T12:52:29.689Z,Email,India,North Thomas,Other,35-44
37109,2026-02-17T12:52:29.689Z,Paid Ads,India,Denisefort,Other,45+
37116,2025-10-17T12:52:29.689Z,Email,India,North Joshua,Male,18-24
37120,2025-11-29T12:52:29.689Z,Organic,India,New Kathleen,Male,25-34
37121,2025-03-05T12:52:29.689Z,Influencer,India,Donaldville,Female,25-34
37129,2025-04-18T12:52:29.689Z,Influencer,India,Jordanview,Male,25-34
37133,2025-05-28T12:52:29.689Z,Email,India,South Wesley,Other,25-34
37142,2025-04-30T12:52:29.689Z,Email,India,Marquezport,Female,18-24
37148,2025-04-19T12:52:29.689Z,Referral,India,South Steven,Male,18-24
37153,2025-08-05T12:52:29.689Z,Organic,India,Lake Dianehaven,Other,25-34
37161,2025-10-30T12:52:29.689Z,Organic,India,East Hayleyport,Female,45+
37165,2025-05-27T12:52:29.689Z,Paid Ads,India,East Matthewland,Female,18-24
37170,2025-09-16T12:52:29.689Z,Paid Ads,India,Wilsonchester,Other,18-24
37177,2025-11-18T12:52:29.689Z,Influencer,India,Brianshire,Other,35-44
37190,2025-05-18T12:52:29.689Z,Organic,India,Ryanfurt,Other,35-44
37192,2025-05-17T12:52:29.689Z,Organic,India,Glasschester,Male,35-44
37203,2025-05-07T12:52:29.689Z,Referral,India,Dawnfurt,Male,25-34
37210,2025-12-13T12:52:29.689Z,Influencer,India,Lake Kimberlyfort,Male,25-34
37211,2025-08-06T12:52:29.689Z,Referral,India,Port Christopher,Other,18-24
37214,2025-10-10T12:52:29.689Z,Influencer,India,North Miguelside,Male,18-24
37227,2025-09-11T12:52:29.689Z,Influencer,India,New Ashley,Male,25-34
37237,2025-08-18T12:52:29.689Z,Organic,India,South Stevenville,Other,25-34
37242,2025-11-26T12:52:29.689Z,Email,India,Port Joseph,Male,25-34
37243,2026-01-29T12:52:29.689Z,Organic,India,Wattsborough,Other,25-34
37249,2025-12-21T12:52:29.689Z,Organic,India,Vincenttown,Male,45+
37254,2025-11-01T12:52:29.689Z,Email,India,South Danaside,Male,45+
37256,2025-11-06T12:52:29.689Z,Email,India,South Dylan,Other,18-24
37266,2025-06-20T12:52:29.689Z,Email,India,East Mark,Other,45+
37268,2025-09-22T12:52:29.689Z,Email,India,Vargasfurt,Male,45+
37277,2025-12-15T12:52:29.689Z,Referral,India,South James,Male,45+
37287,2025-10-26T12:52:29.689Z,Organic,India,Stewartstad,Male,25-34
37289,2026-02-04T12:52:29.689Z,Referral,India,Patrickview,Other,35-44
37291,2025-04-27T12:52:29.689Z,Influencer,India,Wongland,Female,25-34
37296,2025-03-04T12:52:29.689Z,Paid Ads,India,Lake Anthony,Female,18-24
37311,2025-10-28T12:52:29.689Z,Influencer,India,East Deborahfurt,Female,25-34
37314,2026-01-05T12:52:29.689Z,Paid Ads,India,East Christian,Male,35-44
37315,2025-03-24T12:52:29.689Z,Email,India,Bonnieburgh,Female,25-34
37320,2025-09-18T12:52:29.689Z,Paid Ads,India,North Christianchester,Female,35-44
37335,2025-07-24T12:52:29.689Z,Paid Ads,India,Millerstad,Other,45+
37340,2025-09-27T12:52:29.689Z,Organic,India,North Hailey,Other,45+
37347,2025-09-02T12:52:29.689Z,Paid Ads,India,Lake Scott,Female,25-34
37353,2025-09-29T12:52:29.689Z,Email,India,South William,Other,45+
37356,2025-04-28T12:52:29.689Z,Paid Ads,India,Lake Josechester,Other,25-34
37365,2025-12-07T12:52:29.689Z,Email,India,South Juan,Male,18-24
37370,2025-03-02T12:52:29.689Z,Email,India,Lake Katherinebury,Male,45+
37372,2026-02-15T12:52:29.689Z,Influencer,India,Port Kristinaton,Other,25-34
37373,2025-05-30T12:52:29.689Z,Influencer,India,Lake Tina,Other,45+
37386,2025-06-20T12:52:29.689Z,Email,India,North Lauren,Male,25-34
37395,2025-03-16T12:52:29.689Z,Influencer,India,Christinaland,Male,35-44
37408,2025-03-30T12:52:29.689Z,Organic,India,Abbottfurt,Male,35-44
37409,2025-03-05T12:52:29.689Z,Referral,India,North Thomasmouth,Female,35-44
37411,2025-11-28T12:52:29.689Z,Email,India,Danielshire,Female,35-44
37423,2025-12-05T12:52:29.689Z,Influencer,India,Patriciahaven,Other,45+
37430,2025-11-18T12:52:29.689Z,Organic,India,Jimmyland,Other,18-24
37434,2025-12-09T12:52:29.689Z,Paid Ads,India,Melissaton,Male,35-44
37451,2025-08-25T12:52:29.689Z,Influencer,India,Valentineside,Male,35-44
37458,2025-07-28T12:52:29.689Z,Organic,India,Debbietown,Female,25-34
37464,2025-06-02T12:52:29.689Z,Email,India,East Derrick,Female,45+
37472,2025-12-14T12:52:29.689Z,Paid Ads,India,Matthewview,Male,35-44
37474,2026-01-14T12:52:29.689Z,Paid Ads,India,Ashleyland,Male,25-34
37478,2025-11-25T12:52:29.689Z,Paid Ads,India,Willishaven,Male,18-24
37482,2025-06-23T12:52:29.689Z,Organic,India,Tracyton,Male,45+
37485,2026-01-31T12:52:29.689Z,Referral,India,New David,Other,45+
37486,2025-04-30T12:52:29.689Z,Influencer,India,Erinton,Other,45+
37498,2025-05-23T12:52:29.689Z,Referral,India,New Sheila,Female,35-44
37519,2025-04-04T12:52:29.689Z,Email,India,East David,Male,25-34
37521,2025-09-19T12:52:29.689Z,Organic,India,New Martinchester,Female,35-44
37529,2025-09-28T12:52:29.689Z,Paid Ads,India,Lawrencefort,Male,25-34
37534,2025-06-06T12:52:29.689Z,Paid Ads,India,Jacobsonport,Female,18-24
37543,2025-04-22T12:52:29.689Z,Organic,India,Theresaville,Male,35-44
37547,2025-08-02T12:52:29.689Z,Referral,India,Lake Denisehaven,Other,35-44
37566,2026-01-19T12:52:29.689Z,Influencer,India,Lake Crystal,Female,18-24
37572,2025-04-26T12:52:29.689Z,Email,India,Rodriguezbury,Male,25-34
37577,2025-07-05T12:52:29.689Z,Organic,India,South Kimberly,Other,18-24
37580,2025-11-11T12:52:29.689Z,Influencer,India,South Angelatown,Other,35-44
37583,2025-10-09T12:52:29.689Z,Referral,India,New Rachael,Male,25-34
37594,2025-12-24T12:52:29.689Z,Organic,India,West Brittney,Male,35-44
37597,2025-07-24T12:52:29.689Z,Influencer,India,Lake Stephen,Male,35-44
37606,2026-02-11T12:52:29.689Z,Paid Ads,India,Stefaniestad,Female,35-44
37612,2025-03-28T12:52:29.689Z,Referral,India,West Erica,Other,25-34
37614,2025-09-16T12:52:29.689Z,Referral,India,Simsmouth,Female,45+
37618,2025-12-28T12:52:29.689Z,Referral,India,Scottville,Female,18-24
37632,2025-12-22T12:52:29.689Z,Influencer,India,Fieldsstad,Other,25-34
37634,2026-02-10T12:52:29.689Z,Organic,India,West Jakemouth,Other,35-44
37650,2025-04-24T12:52:29.689Z,Paid Ads,India,South Jessica,Female,25-34
37654,2025-03-04T12:52:29.689Z,Paid Ads,India,Lake Andrewborough,Other,35-44
37656,2025-10-23T12:52:29.689Z,Email,India,Lake Caitlin,Male,18-24
37657,2025-06-19T12:52:29.689Z,Paid Ads,India,Martinfurt,Female,18-24
37659,2025-05-11T12:52:29.689Z,Referral,India,Lake Susanborough,Male,45+
37662,2025-12-20T12:52:29.689Z,Paid Ads,India,Lake Jessica,Male,18-24
37663,2025-10-25T12:52:29.689Z,Referral,India,East Tiffany,Other,25-34
37666,2025-03-31T12:52:29.689Z,Influencer,India,New Rodneyport,Female,45+
37683,2025-12-24T12:52:29.689Z,Paid Ads,India,Richardtown,Male,45+
37685,2025-04-19T12:52:29.689Z,Referral,India,Benitezberg,Other,45+
37686,2025-04-09T12:52:29.689Z,Organic,India,South Scottbury,Other,35-44
37688,2025-10-24T12:52:29.689Z,Referral,India,North Victoriamouth,Other,45+
37689,2025-11-19T12:52:29.689Z,Paid Ads,India,Hillhaven,Other,25-34
37697,2025-12-29T12:52:29.689Z,Paid Ads,India,West Katherinefurt,Other,35-44
37705,2025-05-13T12:52:29.689Z,Paid Ads,India,Jamesside,Female,18-24
37707,2026-01-14T12:52:29.689Z,Email,India,Jacksonview,Male,25-34
37708,2026-02-18T12:52:29.689Z,Influencer,India,Larsonmouth,Female,35-44
37731,2025-04-09T12:52:29.689Z,Referral,India,East Samuelberg,Other,35-44
37735,2025-04-23T12:52:29.689Z,Organic,India,South Melissa,Other,18-24
37740,2025-10-02T12:52:29.689Z,Paid Ads,India,West Holly,Male,25-34
37743,2025-06-19T12:52:29.689Z,Organic,India,North Timothyview,Other,45+
37746,2025-11-30T12:52:29.689Z,Influencer,India,West Amytown,Other,35-44
37748,2026-02-06T12:52:29.689Z,Referral,India,Jonathonfurt,Female,45+
37750,2025-12-09T12:52:29.689Z,Referral,India,Ericfort,Other,18-24
37753,2025-10-12T12:52:29.689Z,Email,India,Sarahton,Male,45+
37754,2025-03-10T12:52:29.689Z,Influencer,India,Johnsonbury,Female,45+
37777,2025-12-20T12:52:29.689Z,Referral,India,Paulside,Female,45+
37778,2025-12-13T12:52:29.689Z,Referral,India,East Suzanneburgh,Other,18-24
37796,2025-10-16T12:52:29.689Z,Influencer,India,South Jeremy,Other,18-24
37803,2025-09-01T12:52:29.689Z,Referral,India,Jessicastad,Male,18-24
37807,2026-02-14T12:52:29.689Z,Referral,India,New Jonathan,Male,45+
37828,2025-06-02T12:52:29.689Z,Email,India,East Tyler,Female,18-24
37833,2025-06-21T12:52:29.689Z,Referral,India,Port Lisashire,Female,45+
37836,2026-02-08T12:52:29.689Z,Organic,India,South Johnbury,Female,45+
37844,2026-02-14T12:52:29.689Z,Referral,India,Buckleyshire,Female,45+
37849,2025-06-06T12:52:29.689Z,Influencer,India,Curryfort,Other,25-34
37850,2025-10-15T12:52:29.689Z,Influencer,India,West Ariana,Male,35-44
37852,2025-11-27T12:52:29.689Z,Email,India,Markbury,Male,35-44
37861,2026-01-22T12:52:29.689Z,Paid Ads,India,Christopherfurt,Female,45+
37866,2025-04-19T12:52:29.689Z,Email,India,East Jasmine,Male,35-44
37876,2025-12-01T12:52:29.689Z,Organic,India,Gabrielfurt,Male,45+
37896,2025-07-23T12:52:29.689Z,Influencer,India,New Margaret,Other,25-34
37901,2025-08-23T12:52:29.689Z,Influencer,India,Greenview,Female,45+
37913,2025-10-19T12:52:29.689Z,Organic,India,Roblesmouth,Other,18-24
37915,2025-05-22T12:52:29.689Z,Referral,India,Josehaven,Other,18-24
37916,2026-01-21T12:52:29.689Z,Organic,India,West Dalton,Male,45+
37919,2025-12-04T12:52:29.689Z,Organic,India,Aliciafurt,Male,35-44
37922,2025-05-31T12:52:29.689Z,Influencer,India,Madisonberg,Female,18-24
37927,2025-06-22T12:52:29.689Z,Paid Ads,India,Lake Richard,Female,45+
37937,2025-07-07T12:52:29.689Z,Organic,India,New Robinport,Female,35-44
37940,2025-03-26T12:52:29.689Z,Email,India,Kellerstad,Male,18-24
37950,2025-08-15T12:52:29.689Z,Email,India,Port Danielside,Female,18-24
37951,2025-06-29T12:52:29.689Z,Email,India,North Johnview,Female,45+
37956,2025-03-11T12:52:29.689Z,Influencer,India,Lake Annettefurt,Other,35-44
37958,2025-05-13T12:52:29.689Z,Referral,India,Kathryntown,Male,18-24
37967,2025-09-14T12:52:29.689Z,Organic,India,West Matthewshire,Other,45+
37980,2026-01-20T12:52:29.689Z,Paid Ads,India,New Jonathon,Female,25-34
37991,2025-09-01T12:52:29.689Z,Referral,India,Alvinburgh,Male,35-44
37994,2025-04-16T12:52:29.689Z,Organic,India,East Jennifer,Female,45+
38004,2025-12-20T12:52:29.689Z,Influencer,India,North Richardchester,Other,45+
38008,2026-01-25T12:52:29.689Z,Organic,India,Michaelside,Male,18-24
38010,2026-01-22T12:52:29.689Z,Influencer,India,Timothyborough,Other,45+
38015,2025-07-15T12:52:29.689Z,Paid Ads,India,North Tammy,Other,25-34
38023,2025-07-14T12:52:29.689Z,Referral,India,Smithport,Female,25-34
38024,2025-07-08T12:52:29.689Z,Organic,India,Lake Jenniferfurt,Male,25-34
38043,2025-03-01T12:52:29.689Z,Organic,India,East Stephanietown,Female,25-34
38044,2025-08-24T12:52:29.689Z,Email,India,Kimberlystad,Female,35-44
38049,2025-12-30T12:52:29.689Z,Organic,India,Lake Sandratown,Male,25-34
38052,2025-05-10T12:52:29.689Z,Organic,India,Petersonmouth,Male,18-24
38056,2025-10-22T12:52:29.689Z,Paid Ads,India,New John,Male,25-34
38057,2025-05-15T12:52:29.689Z,Paid Ads,India,Jimenezland,Male,35-44
38068,2025-12-21T12:52:29.689Z,Organic,India,North Connie,Male,25-34
38096,2025-08-14T12:52:29.689Z,Organic,India,Adamsfort,Female,45+
38100,2025-03-07T12:52:29.689Z,Referral,India,Tinaborough,Male,25-34
38110,2025-12-14T12:52:29.689Z,Influencer,India,Port Frank,Male,35-44
38119,2025-03-18T12:52:29.689Z,Organic,India,Morenoborough,Other,18-24
38120,2025-09-26T12:52:29.689Z,Organic,India,South Sonyahaven,Male,45+
38125,2025-09-27T12:52:29.689Z,Influencer,India,Jasonview,Other,35-44
38127,2025-04-20T12:52:29.689Z,Influencer,India,East Brianmouth,Other,45+
38133,2026-01-25T12:52:29.689Z,Influencer,India,East Rachaelton,Other,18-24
38142,2025-08-19T12:52:29.689Z,Paid Ads,India,Noblefort,Female,25-34
38152,2025-03-17T12:52:29.689Z,Paid Ads,India,Josephborough,Other,35-44
38163,2025-09-28T12:52:29.689Z,Referral,India,Lake Angelaburgh,Female,35-44
38168,2025-07-17T12:52:29.689Z,Influencer,India,New Christopher,Other,25-34
38181,2025-07-20T12:52:29.689Z,Email,India,Lake Debbieview,Other,35-44
38189,2025-08-18T12:52:29.689Z,Paid Ads,India,West Brian,Male,35-44
38196,2025-05-09T12:52:29.689Z,Referral,India,Hayesshire,Other,45+
38200,2025-06-11T12:52:29.689Z,Influencer,India,New Micheal,Other,45+
38204,2025-07-29T12:52:29.689Z,Referral,India,Clarkport,Other,35-44
38209,2026-02-26T12:52:29.689Z,Paid Ads,India,North Patricia,Male,25-34
38210,2025-07-12T12:52:29.689Z,Organic,India,Michaelfort,Male,45+
38216,2026-01-23T12:52:29.689Z,Paid Ads,India,Lake Catherine,Female,45+
38222,2025-03-03T12:52:29.689Z,Paid Ads,India,West Morganfort,Female,45+
38225,2025-10-01T12:52:29.689Z,Referral,India,West Jeremiah,Female,35-44
38231,2026-02-15T12:52:29.689Z,Organic,India,Burnsville,Male,35-44
38244,2025-06-26T12:52:29.689Z,Organic,India,Lake Taylor,Other,45+
38245,2025-05-31T12:52:29.689Z,Influencer,India,Rubiofurt,Other,25-34
38254,2025-09-26T12:52:29.689Z,Paid Ads,India,Cameronmouth,Female,25-34
38255,2025-05-06T12:52:29.689Z,Influencer,India,Clarkside,Other,25-34
38256,2025-07-07T12:52:29.689Z,Paid Ads,India,Simpsonbury,Female,45+
38263,2025-03-25T12:52:29.689Z,Email,India,New Kristenside,Other,18-24
38265,2025-09-12T12:52:29.689Z,Organic,India,South Aliciabury,Male,18-24
38267,2026-02-11T12:52:29.689Z,Organic,India,Lake Danielmouth,Other,25-34
38270,2025-08-31T12:52:29.689Z,Email,India,Youngside,Male,45+
38276,2025-12-02T12:52:29.689Z,Organic,India,Jonathanmouth,Female,35-44
38281,2025-11-14T12:52:29.689Z,Influencer,India,Shellyshire,Male,18-24
38286,2025-08-06T12:52:29.689Z,Organic,India,East Johnfurt,Female,35-44
38291,2026-01-30T12:52:29.689Z,Referral,India,New Tina,Other,45+
38308,2026-02-17T12:52:29.689Z,Email,India,Port Jimmymouth,Male,18-24
38320,2025-09-25T12:52:29.689Z,Paid Ads,India,West Shelbyfort,Female,25-34
38321,2025-10-25T12:52:29.689Z,Influencer,India,Kimberlyshire,Other,45+
38329,2025-07-30T12:52:29.689Z,Influencer,India,Lake Shawnland,Male,18-24
38340,2025-12-17T12:52:29.689Z,Influencer,India,Lake Vanessa,Female,25-34
38349,2025-05-02T12:52:29.689Z,Influencer,India,West Michaelchester,Male,18-24
38358,2025-07-15T12:52:29.689Z,Organic,India,North Calebstad,Male,35-44
38364,2026-01-27T12:52:29.689Z,Organic,India,North Jasonview,Female,45+
38365,2025-06-05T12:52:29.689Z,Referral,India,Kristaberg,Other,35-44
38369,2025-04-08T12:52:29.689Z,Influencer,India,West John,Female,25-34
38379,2025-05-01T12:52:29.689Z,Influencer,India,New Sharon,Other,45+
38383,2026-02-04T12:52:29.689Z,Paid Ads,India,Chenborough,Male,18-24
38389,2025-07-18T12:52:29.689Z,Paid Ads,India,Leonardton,Other,18-24
38394,2025-08-08T12:52:29.689Z,Influencer,India,Georgehaven,Male,45+
38396,2025-12-04T12:52:29.689Z,Referral,India,Port Amandaburgh,Other,45+
38398,2025-10-11T12:52:29.689Z,Influencer,India,Port Jeffreyberg,Other,18-24
38400,2025-12-07T12:52:29.689Z,Paid Ads,India,Lake Debra,Other,45+
38414,2025-11-28T12:52:29.689Z,Influencer,India,Port Jonathan,Female,35-44
38415,2025-11-09T12:52:29.689Z,Paid Ads,India,Larsonmouth,Other,35-44
38433,2025-03-16T12:52:29.689Z,Influencer,India,Crystalview,Other,18-24
38444,2025-03-30T12:52:29.689Z,Referral,India,North Adam,Female,18-24
38445,2026-01-22T12:52:29.689Z,Referral,India,Brownfurt,Female,35-44
38449,2025-11-24T12:52:29.689Z,Paid Ads,India,North Sherryfort,Male,25-34
38503,2025-09-30T12:52:29.689Z,Influencer,India,East Zacharymouth,Female,18-24
38509,2025-09-03T12:52:29.689Z,Paid Ads,India,Bowenfort,Male,45+
38523,2025-05-24T12:52:29.689Z,Email,India,Richardmouth,Female,45+
38525,2025-12-30T12:52:29.689Z,Organic,India,West Lawrenceberg,Male,25-34
38533,2025-07-23T12:52:29.689Z,Paid Ads,India,Lake Ericmouth,Male,25-34
38535,2025-11-14T12:52:29.689Z,Paid Ads,India,East Zachary,Other,45+
38537,2025-09-18T12:52:29.689Z,Organic,India,Moyerfort,Male,45+
38545,2025-12-28T12:52:29.689Z,Influencer,India,North Kim,Female,18-24
38546,2025-04-14T12:52:29.689Z,Paid Ads,India,North Lisa,Female,35-44
38570,2025-12-14T12:52:29.689Z,Paid Ads,India,Singhside,Male,18-24
38584,2025-03-09T12:52:29.689Z,Referral,India,East Lindaport,Female,45+
38585,2025-09-09T12:52:29.689Z,Paid Ads,India,Edwardbury,Other,18-24
38594,2025-10-07T12:52:29.689Z,Email,India,Blakeville,Male,35-44
38597,2025-06-17T12:52:29.689Z,Paid Ads,India,New Edward,Other,45+
38598,2025-07-19T12:52:29.689Z,Organic,India,Christinemouth,Other,25-34
38610,2025-03-19T12:52:29.689Z,Influencer,India,Patrickport,Female,18-24
38615,2025-09-14T12:52:29.689Z,Organic,India,West Jacquelinefurt,Male,18-24
38625,2025-07-05T12:52:29.689Z,Organic,India,Kingstad,Male,25-34
38632,2025-03-11T12:52:29.689Z,Email,India,North Deborah,Other,25-34
38636,2025-09-06T12:52:29.689Z,Email,India,Andersonview,Male,25-34
38645,2025-06-25T12:52:29.689Z,Organic,India,Colliershire,Male,18-24
38646,2025-10-11T12:52:29.689Z,Email,India,New Emily,Female,25-34
38647,2025-07-28T12:52:29.689Z,Referral,India,Kimton,Other,25-34
38650,2025-11-26T12:52:29.689Z,Influencer,India,Sarabury,Female,25-34
38659,2025-08-02T12:52:29.689Z,Referral,India,West Aaron,Male,18-24
38678,2026-02-23T12:52:29.689Z,Email,India,Floresburgh,Male,35-44
38679,2025-11-08T12:52:29.689Z,Influencer,India,New Michaelbury,Female,45+
38680,2025-11-17T12:52:29.689Z,Referral,India,Kevinfurt,Female,45+
38688,2025-10-31T12:52:29.689Z,Email,India,West Stephanieborough,Other,18-24
38700,2025-04-07T12:52:29.689Z,Paid Ads,India,Hortonton,Female,45+
38711,2026-02-24T12:52:29.689Z,Paid Ads,India,Hodgesstad,Male,35-44
38729,2025-04-24T12:52:29.689Z,Referral,India,Cynthiafurt,Male,18-24
38734,2025-08-26T12:52:29.689Z,Influencer,India,Port Melindaton,Other,25-34
38735,2025-07-04T12:52:29.689Z,Influencer,India,Courtneyshire,Male,45+
38741,2025-06-18T12:52:29.689Z,Email,India,Leebury,Female,45+
38748,2025-09-03T12:52:29.689Z,Organic,India,North Williamland,Female,35-44
38749,2025-10-06T12:52:29.689Z,Email,India,East Katie,Male,18-24
38763,2025-03-28T12:52:29.689Z,Influencer,India,Lake Hannahtown,Other,45+
38775,2026-02-25T12:52:29.689Z,Organic,India,Garzafurt,Female,45+
38780,2025-05-19T12:52:29.689Z,Organic,India,Eugenechester,Female,35-44
38796,2025-03-19T12:52:29.689Z,Influencer,India,West Bettyfort,Other,25-34
38801,2026-02-03T12:52:29.689Z,Email,India,Leslieside,Female,18-24
38807,2025-11-26T12:52:29.689Z,Paid Ads,India,Kaylaville,Other,25-34
38816,2025-07-04T12:52:29.689Z,Email,India,Smithport,Female,25-34
38824,2026-02-13T12:52:29.689Z,Referral,India,Graveschester,Other,18-24
38840,2025-07-10T12:52:29.689Z,Influencer,India,Garciachester,Other,45+
38841,2025-07-10T12:52:29.689Z,Influencer,India,Davidland,Female,45+
38844,2025-03-19T12:52:29.689Z,Organic,India,East Kevinstad,Female,45+
38855,2025-10-25T12:52:29.689Z,Organic,India,West Connie,Male,18-24
38859,2025-10-25T12:52:29.689Z,Paid Ads,India,Acostaberg,Female,35-44
38868,2025-06-29T12:52:29.689Z,Organic,India,Nunezton,Female,35-44
38875,2025-06-07T12:52:29.689Z,Referral,India,Juanfurt,Female,25-34
38883,2025-12-29T12:52:29.689Z,Referral,India,Olivershire,Female,35-44
38893,2025-04-29T12:52:29.689Z,Referral,India,Port Laurenmouth,Other,45+
38899,2025-12-13T12:52:29.689Z,Influencer,India,East Christina,Female,18-24
38900,2025-07-16T12:52:29.689Z,Paid Ads,India,West Matthew,Female,35-44
38912,2025-07-24T12:52:29.689Z,Email,India,Alvarezmouth,Female,18-24
38913,2025-04-17T12:52:29.689Z,Influencer,India,East Reneeview,Male,25-34
38915,2025-04-13T12:52:29.689Z,Email,India,East Joannefort,Male,35-44
38920,2025-09-14T12:52:29.689Z,Email,India,Lake Jessicatown,Female,35-44
38926,2025-03-29T12:52:29.689Z,Influencer,India,Jesseville,Other,18-24
38929,2025-07-31T12:52:29.689Z,Email,India,Port Lindaville,Female,45+
38931,2025-09-09T12:52:29.689Z,Organic,India,Lake Garyland,Other,25-34
38932,2025-11-22T12:52:29.689Z,Referral,India,Lopezmouth,Female,35-44
38937,2026-01-21T12:52:29.689Z,Influencer,India,New Allisonview,Male,18-24
38946,2026-01-02T12:52:29.689Z,Referral,India,New Kevin,Male,35-44
38970,2025-07-30T12:52:29.689Z,Paid Ads,India,New Brittany,Male,25-34
38974,2026-02-21T12:52:29.689Z,Influencer,India,New Racheltown,Female,45+
38975,2025-04-20T12:52:29.689Z,Influencer,India,North Erinview,Female,45+
38981,2025-10-10T12:52:29.689Z,Referral,India,East Sherylton,Other,18-24
38983,2025-10-12T12:52:29.689Z,Influencer,India,South Suzanne,Female,45+
38986,2025-08-12T12:52:29.689Z,Paid Ads,India,Samanthaside,Other,35-44
38994,2026-02-01T12:52:29.689Z,Organic,India,Ramosview,Male,35-44
38995,2026-02-04T12:52:29.689Z,Email,India,West Jennifer,Other,25-34
38996,2025-11-08T12:52:29.689Z,Influencer,India,Longside,Other,45+
39004,2025-06-26T12:52:29.689Z,Email,India,South Tammy,Female,35-44
39019,2025-08-26T12:52:29.689Z,Paid Ads,India,Lake Morganland,Male,35-44
39029,2025-05-15T12:52:29.689Z,Organic,India,Kimberlyshire,Other,18-24
39034,2026-01-18T12:52:29.689Z,Email,India,New Amanda,Female,18-24
39039,2025-09-05T12:52:29.689Z,Organic,India,North Sara,Female,35-44
39060,2025-08-12T12:52:29.689Z,Referral,India,East Amy,Male,18-24
39062,2025-03-04T12:52:29.689Z,Paid Ads,India,New Connor,Male,45+
39066,2025-05-04T12:52:29.689Z,Email,India,Lake Jennifer,Male,45+
39088,2025-03-15T12:52:29.689Z,Email,India,Staceymouth,Male,25-34
39093,2025-12-03T12:52:29.689Z,Email,India,West Erin,Female,25-34
39099,2025-04-12T12:52:29.689Z,Paid Ads,India,West Dawnland,Female,45+
39108,2025-06-21T12:52:29.689Z,Influencer,India,Longstad,Male,25-34
39109,2025-08-31T12:52:29.689Z,Email,India,Lake Haleyborough,Female,45+
39110,2025-04-16T12:52:29.689Z,Influencer,India,East Jennastad,Male,35-44
39116,2025-06-29T12:52:29.689Z,Organic,India,Jaredview,Male,25-34
39117,2025-03-30T12:52:29.689Z,Influencer,India,Andrewfurt,Female,25-34
39133,2025-05-20T12:52:29.689Z,Organic,India,West Robertborough,Male,35-44
39143,2025-04-15T12:52:29.689Z,Referral,India,Nicholasland,Female,35-44
39153,2025-10-24T12:52:29.689Z,Referral,India,Port Davidport,Other,18-24
39166,2025-06-05T12:52:29.689Z,Email,India,North Corymouth,Female,35-44
39170,2025-04-11T12:52:29.689Z,Email,India,Kyleshire,Other,25-34
39177,2025-03-04T12:52:29.689Z,Referral,India,Richardburgh,Female,18-24
39188,2025-08-11T12:52:29.689Z,Organic,India,Gibbsbury,Male,18-24
39191,2025-07-31T12:52:29.689Z,Referral,India,South Brandi,Other,45+
39199,2025-10-28T12:52:29.689Z,Referral,India,East Miguel,Female,35-44
39204,2026-01-22T12:52:29.689Z,Referral,India,Lake Seanland,Male,45+
39209,2025-09-04T12:52:29.689Z,Organic,India,East Christopherfurt,Other,18-24
39212,2025-07-28T12:52:29.689Z,Email,India,Lake Regina,Female,35-44
39217,2025-10-15T12:52:29.689Z,Email,India,South Nicholas,Other,35-44
39224,2025-09-12T12:52:29.689Z,Referral,India,Lake Randytown,Other,25-34
39228,2025-07-26T12:52:29.689Z,Referral,India,Branchland,Female,35-44
39238,2026-01-15T12:52:29.689Z,Referral,India,Hillhaven,Female,18-24
39240,2025-10-03T12:52:29.689Z,Email,India,Leslieview,Female,35-44
39250,2025-06-30T12:52:29.689Z,Influencer,India,Williamston,Female,25-34
39258,2025-10-21T12:52:29.689Z,Organic,India,East Theresa,Other,25-34
39259,2025-03-24T12:52:29.689Z,Organic,India,South Marisaland,Other,25-34
39271,2025-10-24T12:52:29.689Z,Referral,India,Abigailstad,Other,45+
39306,2025-03-13T12:52:29.689Z,Organic,India,South Brian,Male,35-44
39320,2025-12-09T12:52:29.689Z,Influencer,India,Michaelside,Other,45+
39321,2025-03-23T12:52:29.689Z,Paid Ads,India,Port Kristie,Other,18-24
39325,2025-05-23T12:52:29.689Z,Email,India,Port Kaylafort,Female,18-24
39326,2025-05-26T12:52:29.689Z,Organic,India,Lake Jill,Other,35-44
39330,2026-01-31T12:52:29.689Z,Referral,India,New Michaelfurt,Other,25-34
39331,2025-05-29T12:52:29.689Z,Paid Ads,India,Kimfort,Male,25-34
39335,2025-08-03T12:52:29.689Z,Referral,India,West Natasha,Male,45+
39337,2025-03-08T12:52:29.689Z,Influencer,India,Porterville,Female,45+
39338,2026-01-04T12:52:29.689Z,Email,India,Lake Vincentfort,Male,18-24
39339,2025-08-01T12:52:29.689Z,Email,India,Caitlinmouth,Male,18-24
39343,2025-11-26T12:52:29.689Z,Referral,India,West Collin,Other,18-24
39349,2025-12-21T12:52:29.689Z,Paid Ads,India,New Madisonmouth,Male,25-34
39351,2025-06-21T12:52:29.689Z,Paid Ads,India,East Dawnstad,Female,45+
39361,2025-03-01T12:52:29.689Z,Paid Ads,India,Bankston,Male,45+
39367,2026-02-11T12:52:29.689Z,Email,India,Martinland,Male,35-44
39377,2025-05-09T12:52:29.689Z,Influencer,India,Judybury,Male,18-24
39381,2026-01-10T12:52:29.689Z,Referral,India,West Shanechester,Female,35-44
39382,2026-01-10T12:52:29.689Z,Paid Ads,India,Port Joseberg,Male,45+
39384,2025-12-27T12:52:29.689Z,Influencer,India,Juarezville,Female,45+
39389,2026-02-05T12:52:29.689Z,Organic,India,New Jenniferburgh,Other,35-44
39392,2025-06-12T12:52:29.689Z,Referral,India,Jadeberg,Other,45+
39401,2025-03-04T12:52:29.689Z,Influencer,India,West Kenneth,Female,45+
39410,2025-07-23T12:52:29.689Z,Email,India,Greenland,Female,45+
39412,2025-07-06T12:52:29.689Z,Email,India,New Melissaport,Male,35-44
39413,2025-03-28T12:52:29.689Z,Influencer,India,New Mark,Male,25-34
39416,2025-05-26T12:52:29.689Z,Organic,India,Salazarmouth,Other,45+
39424,2025-03-01T12:52:29.689Z,Email,India,Port Sally,Female,35-44
39427,2025-05-06T12:52:29.689Z,Email,India,Smithfurt,Female,35-44
39432,2025-09-08T12:52:29.689Z,Influencer,India,West Tonya,Male,18-24
39444,2025-07-01T12:52:29.689Z,Organic,India,North Jorgefort,Female,35-44
39473,2025-11-26T12:52:29.689Z,Email,India,Haashaven,Other,35-44
39495,2025-11-29T12:52:29.689Z,Referral,India,Smithborough,Other,25-34
39499,2025-07-31T12:52:29.689Z,Organic,India,South Frederickmouth,Female,25-34
39509,2026-01-04T12:52:29.689Z,Email,India,Madisonfort,Female,45+
39510,2025-08-17T12:52:29.689Z,Organic,India,South Bethanyborough,Female,25-34
39512,2025-07-05T12:52:29.689Z,Organic,India,West Colleen,Female,45+
39514,2026-01-29T12:52:29.689Z,Organic,India,West Samuelburgh,Male,25-34
39519,2025-03-31T12:52:29.689Z,Influencer,India,Lake David,Male,18-24
39520,2025-08-31T12:52:29.689Z,Paid Ads,India,Rebeccaberg,Female,25-34
39527,2025-08-12T12:52:29.689Z,Organic,India,North Rachelfort,Other,25-34
39529,2026-01-03T12:52:29.689Z,Paid Ads,India,Chelseaport,Other,25-34
39532,2025-12-02T12:52:29.689Z,Influencer,India,Nicholasmouth,Male,45+
39541,2025-03-08T12:52:29.689Z,Email,India,East Teresa,Male,45+
39544,2025-12-30T12:52:29.689Z,Paid Ads,India,Lake Allison,Female,18-24
39553,2025-07-24T12:52:29.689Z,Paid Ads,India,Burtonview,Other,35-44
39557,2025-08-18T12:52:29.689Z,Organic,India,Molinatown,Other,45+
39558,2025-07-09T12:52:29.689Z,Organic,India,Levinemouth,Other,25-34
39563,2025-10-19T12:52:29.689Z,Organic,India,Lisaport,Other,25-34
39564,2025-12-30T12:52:29.689Z,Paid Ads,India,North Chad,Other,25-34
39570,2026-01-23T12:52:29.689Z,Paid Ads,India,Victoriaport,Male,45+
39573,2025-11-28T12:52:29.689Z,Organic,India,Port Tricia,Other,25-34
39578,2025-11-23T12:52:29.689Z,Email,India,South Amy,Male,35-44
39579,2025-11-21T12:52:29.689Z,Email,India,New Kathleen,Female,25-34
39591,2025-08-24T12:52:29.689Z,Organic,India,Kevinberg,Other,35-44
39612,2025-10-09T12:52:29.689Z,Email,India,New Jessicaburgh,Male,18-24
39616,2025-12-20T12:52:29.689Z,Influencer,India,Garychester,Female,18-24
39621,2025-12-19T12:52:29.689Z,Influencer,India,Lynchville,Female,18-24
39632,2026-01-17T12:52:29.689Z,Email,India,Evanstown,Other,45+
39636,2025-09-13T12:52:29.689Z,Organic,India,Christophermouth,Other,35-44
39638,2025-10-01T12:52:29.689Z,Email,India,West Ashleyburgh,Other,18-24
39639,2025-09-23T12:52:29.689Z,Organic,India,Snyderstad,Other,45+
39642,2025-04-12T12:52:29.689Z,Organic,India,Port Danielbury,Other,25-34
39643,2025-05-30T12:52:29.689Z,Organic,India,North Markport,Male,18-24
39645,2025-08-27T12:52:29.689Z,Referral,India,New Alexisport,Male,35-44
39651,2025-09-20T12:52:29.689Z,Influencer,India,New Andrewside,Female,25-34
39662,2025-03-15T12:52:29.689Z,Influencer,India,Leeland,Male,45+
39664,2025-10-17T12:52:29.689Z,Organic,India,Port Linda,Female,35-44
39665,2025-07-09T12:52:29.689Z,Organic,India,Lake Amber,Female,25-34
39667,2025-11-25T12:52:29.689Z,Paid Ads,India,Laurafort,Male,18-24
39668,2026-02-08T12:52:29.689Z,Influencer,India,Willisville,Other,35-44
39674,2025-07-05T12:52:29.689Z,Email,India,West Joshua,Female,25-34
39676,2025-05-31T12:52:29.689Z,Paid Ads,India,South Danielberg,Female,35-44
39688,2025-09-22T12:52:29.689Z,Organic,India,Markton,Male,45+
39694,2026-02-16T12:52:29.689Z,Organic,India,South William,Male,25-34
39712,2025-12-28T12:52:29.689Z,Referral,India,Lewisshire,Female,45+
39717,2025-09-11T12:52:29.689Z,Influencer,India,Johnsonfort,Male,25-34
39718,2026-02-20T12:52:29.689Z,Organic,India,West Nicole,Male,18-24
39721,2025-05-29T12:52:29.689Z,Influencer,India,Josebury,Female,25-34
39732,2025-04-25T12:52:29.689Z,Influencer,India,Jonesview,Other,45+
39736,2025-07-20T12:52:29.689Z,Referral,India,Brownton,Male,45+
39742,2025-06-19T12:52:29.689Z,Email,India,New Stephaniebury,Female,45+
39743,2025-04-05T12:52:29.689Z,Influencer,India,Gregoryhaven,Male,25-34
39750,2025-06-21T12:52:29.689Z,Paid Ads,India,Elizabethbury,Female,45+
39759,2025-03-18T12:52:29.689Z,Influencer,India,Combsberg,Other,25-34
39761,2025-08-03T12:52:29.689Z,Email,India,Alexisland,Female,18-24
39767,2025-03-28T12:52:29.689Z,Influencer,India,Port Craigport,Female,25-34
39773,2026-01-23T12:52:29.689Z,Paid Ads,India,Mccarthyburgh,Male,18-24
39779,2026-01-08T12:52:29.689Z,Referral,India,Tarahaven,Female,45+
39782,2025-07-13T12:52:29.689Z,Influencer,India,Derekhaven,Male,45+
39793,2025-04-16T12:52:29.689Z,Paid Ads,India,New Cindy,Other,45+
39794,2025-10-22T12:52:29.689Z,Organic,India,West Danielle,Male,18-24
39795,2026-02-07T12:52:29.689Z,Paid Ads,India,North Kennethborough,Female,25-34
39796,2026-01-17T12:52:29.689Z,Referral,India,Lindamouth,Female,18-24
39805,2025-10-18T12:52:29.689Z,Influencer,India,Lake Emilyshire,Other,35-44
39812,2025-05-30T12:52:29.689Z,Referral,India,New Evelyn,Other,18-24
39818,2025-03-12T12:52:29.689Z,Influencer,India,North Justinborough,Other,45+
39820,2025-11-04T12:52:29.689Z,Organic,India,North Joshuaville,Female,35-44
39831,2025-04-15T12:52:29.689Z,Influencer,India,East Christopherbury,Female,45+
39844,2025-10-31T12:52:29.689Z,Email,India,Jonesborough,Other,45+
39869,2025-06-05T12:52:29.689Z,Influencer,India,New Patrick,Other,18-24
39879,2025-04-15T12:52:29.689Z,Referral,India,Doughertyton,Female,35-44
39880,2025-05-18T12:52:29.689Z,Organic,India,East Thomas,Other,45+
39881,2025-09-13T12:52:29.689Z,Referral,India,Oconnellshire,Female,45+
39884,2025-07-22T12:52:29.689Z,Email,India,North Patrick,Other,35-44
39885,2025-09-06T12:52:29.689Z,Influencer,India,Shelbystad,Other,45+
39890,2025-04-09T12:52:29.689Z,Organic,India,North Erinburgh,Male,18-24
39893,2025-09-02T12:52:29.689Z,Email,India,Smithmouth,Other,18-24
39909,2025-04-05T12:52:29.689Z,Referral,India,Jenkinsmouth,Other,45+
39911,2025-09-09T12:52:29.689Z,Paid Ads,India,New Mark,Male,45+
39913,2025-03-17T12:52:29.689Z,Paid Ads,India,East Daniel,Male,18-24
39915,2025-04-07T12:52:29.689Z,Paid Ads,India,Joshuaport,Male,35-44
39920,2025-07-11T12:52:29.689Z,Influencer,India,Alyssahaven,Other,18-24
39940,2025-05-09T12:52:29.689Z,Influencer,India,West Kevinland,Other,45+
39942,2025-05-05T12:52:29.689Z,Paid Ads,India,Maryview,Male,18-24
39944,2026-01-13T12:52:29.689Z,Influencer,India,Martinberg,Female,18-24
39947,2025-12-14T12:52:29.689Z,Email,India,Mcneilfurt,Female,35-44
39968,2025-04-13T12:52:29.689Z,Paid Ads,India,East Jason,Male,35-44
39976,2025-08-14T12:52:29.689Z,Paid Ads,India,Erinport,Female,25-34
39981,2025-10-22T12:52:29.689Z,Email,India,Jefferyport,Female,45+
39985,2025-12-14T12:52:29.689Z,Email,India,Burgessmouth,Female,18-24
39992,2025-10-29T12:52:29.689Z,Organic,India,East Scottfurt,Male,35-44
39998,2025-09-10T12:52:29.689Z,Referral,India,Blakebury,Male,35-44
40000,2026-01-09T12:52:29.689Z,Influencer,India,New Angela,Female,25-34
40005,2025-05-15T12:52:29.689Z,Organic,India,Kaitlinberg,Male,25-34
40019,2025-10-05T12:52:29.689Z,Influencer,India,South Blakeburgh,Female,45+
40020,2025-07-08T12:52:29.689Z,Email,India,Cruzview,Female,45+
40021,2025-06-02T12:52:29.689Z,Influencer,India,South Morganmouth,Other,45+
40022,2025-05-13T12:52:29.689Z,Organic,India,Mcleanchester,Female,25-34
40029,2025-07-13T12:52:29.689Z,Email,India,East Susan,Female,45+
40030,2025-09-02T12:52:29.689Z,Paid Ads,India,Davidmouth,Male,25-34
40032,2026-02-05T12:52:29.689Z,Email,India,Port Kevin,Other,18-24
40037,2025-07-17T12:52:29.689Z,Organic,India,Smithberg,Female,35-44
40046,2025-10-12T12:52:29.689Z,Email,India,Charlesshire,Male,35-44
40050,2025-05-07T12:52:29.689Z,Email,India,Perezchester,Female,18-24
40070,2026-01-30T12:52:29.689Z,Paid Ads,India,New Adam,Other,25-34
40076,2025-06-27T12:52:29.689Z,Email,India,South Jeffreyburgh,Male,45+
40082,2025-10-23T12:52:29.689Z,Referral,India,West Michaelborough,Female,35-44
40084,2025-09-11T12:52:29.689Z,Email,India,Lake Nicholas,Female,45+
40093,2025-07-30T12:52:29.689Z,Organic,India,North Davidstad,Other,18-24
40094,2025-03-20T12:52:29.689Z,Referral,India,Emilyfurt,Male,25-34
40104,2025-10-23T12:52:29.689Z,Referral,India,Whitemouth,Male,25-34
40105,2025-10-23T12:52:29.689Z,Referral,India,New Abigailfurt,Other,25-34
40110,2025-11-25T12:52:29.689Z,Email,India,Jamesfurt,Female,45+
40111,2026-01-25T12:52:29.689Z,Influencer,India,Lake Nathanville,Female,35-44
40119,2026-02-27T12:52:29.689Z,Email,India,Hartshire,Male,25-34
40126,2025-11-27T12:52:29.689Z,Email,India,Hollyhaven,Male,35-44
40145,2025-08-14T12:52:29.689Z,Paid Ads,India,Paultown,Female,35-44
40148,2025-04-17T12:52:29.689Z,Email,India,Danieltown,Other,35-44
40156,2026-01-02T12:52:29.689Z,Referral,India,South Patrick,Male,35-44
40166,2025-08-13T12:52:29.689Z,Paid Ads,India,New Markport,Female,18-24
40171,2025-04-03T12:52:29.689Z,Influencer,India,Port Zacharyhaven,Male,25-34
40174,2025-07-31T12:52:29.689Z,Referral,India,New Vincentfort,Female,45+
40185,2026-02-17T12:52:29.689Z,Referral,India,North Bradchester,Male,35-44
40189,2026-02-25T12:52:29.689Z,Email,India,South Olivia,Female,45+
40195,2025-05-28T12:52:29.689Z,Referral,India,Lake Lindsey,Other,45+
40204,2025-06-06T12:52:29.689Z,Influencer,India,Ethanshire,Male,25-34
40205,2025-12-12T12:52:29.689Z,Paid Ads,India,Andersonmouth,Female,45+
40207,2025-12-30T12:52:29.689Z,Organic,India,Mitchellton,Other,18-24
40218,2025-03-08T12:52:29.689Z,Referral,India,New Justinshire,Male,25-34
40219,2025-05-27T12:52:29.689Z,Paid Ads,India,West Timothyborough,Female,35-44
40249,2025-10-12T12:52:29.689Z,Referral,India,Matthewberg,Female,35-44
40252,2025-07-23T12:52:29.689Z,Organic,India,South Michael,Female,45+
40276,2025-11-25T12:52:29.689Z,Paid Ads,India,Moonport,Female,18-24
40289,2026-01-28T12:52:29.689Z,Influencer,India,Port Stevemouth,Male,18-24
40291,2026-02-03T12:52:29.689Z,Paid Ads,India,Lake Heather,Male,25-34
40294,2025-09-01T12:52:29.689Z,Organic,India,East Markshire,Male,25-34
40301,2026-02-02T12:52:29.689Z,Organic,India,Lake Alexborough,Other,18-24
40307,2025-12-19T12:52:29.689Z,Influencer,India,Jeffersonside,Female,45+
40328,2025-10-24T12:52:29.689Z,Organic,India,Tiffanyborough,Female,25-34
40333,2025-04-22T12:52:29.689Z,Paid Ads,India,Lake Daniel,Female,45+
40346,2025-11-14T12:52:29.689Z,Influencer,India,Kevinfort,Female,25-34
40356,2025-11-08T12:52:29.689Z,Paid Ads,India,North Wandaville,Other,18-24
40370,2025-03-31T12:52:29.689Z,Referral,India,Alvarezhaven,Other,45+
40371,2025-06-01T12:52:29.689Z,Influencer,India,Port Kathryn,Male,18-24
40372,2025-10-23T12:52:29.689Z,Referral,India,East Patricia,Female,18-24
40386,2025-09-12T12:52:29.689Z,Email,India,Brownside,Other,45+
40389,2025-10-09T12:52:29.689Z,Influencer,India,Thomasville,Other,25-34
40390,2025-06-17T12:52:29.689Z,Organic,India,Marcusville,Other,35-44
40417,2025-10-29T12:52:29.689Z,Organic,India,Brittanyburgh,Male,18-24
40426,2026-01-18T12:52:29.689Z,Email,India,Calderonmouth,Other,45+
40445,2025-05-06T12:52:29.689Z,Referral,India,South Michael,Male,25-34
40447,2025-04-02T12:52:29.689Z,Email,India,Kaneland,Female,18-24
40450,2025-07-03T12:52:29.689Z,Paid Ads,India,Kellertown,Male,25-34
40458,2026-01-12T12:52:29.689Z,Email,India,Kerrifurt,Female,35-44
40463,2025-07-08T12:52:29.689Z,Organic,India,Port Erik,Female,45+
40470,2025-10-23T12:52:29.689Z,Paid Ads,India,South Gabrielle,Female,35-44
40475,2026-02-14T12:52:29.689Z,Email,India,Jennifermouth,Male,45+
40484,2025-05-13T12:52:29.689Z,Paid Ads,India,South Alyssa,Male,35-44
40485,2025-05-13T12:52:29.689Z,Referral,India,Terryton,Other,18-24
40487,2025-05-04T12:52:29.689Z,Paid Ads,India,New Jonathan,Female,45+
40491,2025-12-27T12:52:29.689Z,Email,India,Shelbymouth,Other,18-24
40497,2025-08-15T12:52:29.689Z,Referral,India,Danielshire,Other,25-34
40505,2025-06-22T12:52:29.689Z,Email,India,Cynthiatown,Male,18-24
40507,2025-09-15T12:52:29.689Z,Organic,India,Anitamouth,Male,18-24
40510,2025-10-11T12:52:29.689Z,Organic,India,Brandyfurt,Other,45+
40513,2025-09-28T12:52:29.689Z,Referral,India,South Sierra,Male,45+
40515,2026-02-14T12:52:29.689Z,Referral,India,New Lisafort,Male,25-34
40532,2025-05-25T12:52:29.689Z,Email,India,East Anthonyland,Female,35-44
40534,2025-05-08T12:52:29.689Z,Influencer,India,East Seanland,Male,25-34
40536,2025-05-27T12:52:29.689Z,Influencer,India,Johnmouth,Female,25-34
40539,2025-10-11T12:52:29.689Z,Email,India,Batesshire,Female,35-44
40541,2025-09-25T12:52:29.689Z,Organic,India,Marquezhaven,Male,25-34
40545,2025-04-08T12:52:29.689Z,Paid Ads,India,East Nicoleberg,Other,45+
40554,2025-11-10T12:52:29.689Z,Email,India,Lake Gregorychester,Female,25-34
40558,2025-11-12T12:52:29.689Z,Influencer,India,Kempport,Male,35-44
40565,2025-07-10T12:52:29.689Z,Referral,India,East Gregory,Female,18-24
40573,2025-12-05T12:52:29.689Z,Influencer,India,West Robertland,Male,45+
40575,2025-07-28T12:52:29.689Z,Organic,India,Avilabury,Male,25-34
40576,2025-08-09T12:52:29.689Z,Organic,India,Meganshire,Female,35-44
40577,2026-01-03T12:52:29.689Z,Email,India,New Megan,Other,45+
40581,2025-06-09T12:52:29.689Z,Organic,India,Ochoatown,Male,45+
40600,2025-03-21T12:52:29.689Z,Influencer,India,Thomasport,Male,25-34
40613,2026-02-28T12:52:29.689Z,Organic,India,Lake Martin,Other,35-44
40618,2026-02-14T12:52:29.689Z,Influencer,India,Harmontown,Male,45+
40620,2025-05-07T12:52:29.689Z,Organic,India,Port Davidmouth,Female,45+
40631,2026-01-06T12:52:29.689Z,Organic,India,Lake Patricia,Male,25-34
40649,2026-01-23T12:52:29.689Z,Referral,India,South Autumn,Female,18-24
40668,2025-09-10T12:52:29.689Z,Organic,India,New Timothyton,Other,25-34
40671,2025-10-23T12:52:29.689Z,Email,India,Jodiborough,Female,25-34
40678,2026-02-28T12:52:29.689Z,Email,India,Spencerfurt,Female,25-34
40683,2025-11-04T12:52:29.689Z,Referral,India,East Daisy,Other,35-44
40685,2025-09-18T12:52:29.689Z,Email,India,South Stephanie,Male,25-34
40694,2025-07-06T12:52:29.689Z,Paid Ads,India,East Summer,Female,25-34
40698,2025-05-10T12:52:29.689Z,Referral,India,Johnsonton,Male,35-44
40700,2025-05-16T12:52:29.689Z,Organic,India,Perezchester,Female,35-44
40707,2025-09-24T12:52:29.689Z,Influencer,India,Lake Jo,Female,18-24
40709,2025-09-08T12:52:29.689Z,Paid Ads,India,North David,Female,35-44
40711,2025-08-03T12:52:29.689Z,Influencer,India,South Katherinetown,Male,45+
40713,2025-05-03T12:52:29.689Z,Paid Ads,India,New Amandastad,Female,25-34
40714,2025-07-10T12:52:29.689Z,Email,India,Frankshire,Female,35-44
40716,2025-08-11T12:52:29.689Z,Email,India,Williamsonshire,Male,25-34
40717,2025-03-17T12:52:29.689Z,Referral,India,East Sheenachester,Male,45+
40719,2025-07-18T12:52:29.689Z,Email,India,Davisborough,Female,45+
40735,2025-06-19T12:52:29.689Z,Paid Ads,India,Port Jonathanland,Other,25-34
40740,2025-10-25T12:52:29.689Z,Influencer,India,New Dominique,Other,18-24
40753,2025-11-05T12:52:29.689Z,Influencer,India,Kingchester,Female,35-44
40759,2026-01-15T12:52:29.689Z,Influencer,India,Port Thomas,Male,18-24
40762,2025-11-05T12:52:29.689Z,Email,India,Michaelfurt,Female,25-34
40763,2025-05-13T12:52:29.689Z,Referral,India,Lake Robertfort,Other,25-34
40776,2025-09-24T12:52:29.689Z,Email,India,West Helenland,Other,18-24
40787,2025-10-20T12:52:29.689Z,Organic,India,East Lonnieshire,Male,18-24
40788,2025-08-11T12:52:29.689Z,Referral,India,Debraburgh,Other,35-44
40808,2025-10-04T12:52:29.689Z,Influencer,India,Port Chloeburgh,Other,25-34
40811,2026-02-25T12:52:29.689Z,Organic,India,Manningborough,Female,25-34
40812,2025-11-04T12:52:29.689Z,Email,India,North Mark,Female,18-24
40826,2025-10-13T12:52:29.689Z,Email,India,Luisshire,Other,25-34
40832,2025-06-26T12:52:29.689Z,Paid Ads,India,North Patty,Male,45+
40835,2025-09-22T12:52:29.689Z,Email,India,Lake Rebeccaview,Male,35-44
40840,2025-03-05T12:52:29.689Z,Organic,India,East Tammy,Female,18-24
40841,2025-08-13T12:52:29.689Z,Email,India,North Danielle,Female,45+
40850,2025-12-30T12:52:29.689Z,Influencer,India,Kevinville,Male,35-44
40855,2025-04-17T12:52:29.689Z,Organic,India,Bentleytown,Female,45+
40865,2025-11-13T12:52:29.689Z,Email,India,Lake Joanna,Female,35-44
40870,2025-08-14T12:52:29.689Z,Email,India,Lake Tyler,Female,35-44
40871,2025-09-09T12:52:29.689Z,Paid Ads,India,Jennyberg,Other,45+
40874,2025-05-31T12:52:29.689Z,Email,India,East Jodyland,Other,25-34
40875,2025-11-21T12:52:29.689Z,Influencer,India,Port Timothy,Male,25-34
40878,2025-11-12T12:52:29.689Z,Email,India,North Cheryl,Male,35-44
40884,2025-11-28T12:52:29.689Z,Paid Ads,India,Donnaland,Other,25-34
40895,2025-04-11T12:52:29.689Z,Referral,India,West Catherine,Female,35-44
40899,2025-11-07T12:52:29.689Z,Referral,India,Amyshire,Female,45+
40904,2025-11-21T12:52:29.689Z,Paid Ads,India,Port Susanberg,Other,18-24
40913,2025-07-22T12:52:29.689Z,Referral,India,Stanleyview,Female,35-44
40915,2025-10-26T12:52:29.689Z,Organic,India,Deanfort,Male,25-34
40930,2025-05-11T12:52:29.689Z,Organic,India,New Justin,Male,35-44
40933,2025-09-10T12:52:29.689Z,Referral,India,West Barbara,Female,18-24
40940,2026-01-29T12:52:29.689Z,Paid Ads,India,South Kevinland,Male,18-24
40944,2025-03-19T12:52:29.689Z,Influencer,India,East Juliashire,Male,35-44
40947,2025-12-11T12:52:29.689Z,Paid Ads,India,North Chadtown,Male,25-34
40950,2025-12-28T12:52:29.689Z,Organic,India,Jordanview,Other,18-24
40955,2025-07-02T12:52:29.689Z,Paid Ads,India,Levinehaven,Male,45+
40960,2026-01-21T12:52:29.689Z,Paid Ads,India,North Anthony,Male,45+
40962,2025-06-09T12:52:29.689Z,Paid Ads,India,South Jill,Other,25-34
40963,2025-10-21T12:52:29.689Z,Paid Ads,India,East Emilyfort,Other,35-44
40964,2025-04-29T12:52:29.689Z,Referral,India,Woodardmouth,Other,45+
40967,2026-02-11T12:52:29.689Z,Organic,India,Port Kaylaport,Other,35-44
40974,2025-12-23T12:52:29.689Z,Influencer,India,North Tamaraside,Other,18-24
40975,2025-04-17T12:52:29.689Z,Email,India,Theresabury,Other,45+
40977,2025-05-30T12:52:29.689Z,Email,India,Vazquezport,Female,25-34
41000,2025-03-14T12:52:29.689Z,Email,India,Davismouth,Other,45+
41001,2025-08-19T12:52:29.689Z,Influencer,India,South Davidmouth,Female,18-24
41003,2025-08-28T12:52:29.689Z,Paid Ads,India,Port Brandonmouth,Female,35-44
41004,2025-05-18T12:52:29.689Z,Referral,India,Lake Darrell,Male,25-34
41013,2025-09-28T12:52:29.689Z,Paid Ads,India,West Garyville,Male,45+
41019,2025-08-16T12:52:29.689Z,Referral,India,Port Cassandra,Other,35-44
41022,2026-01-01T12:52:29.689Z,Paid Ads,India,West Katie,Male,18-24
41038,2025-05-28T12:52:29.689Z,Referral,India,Susanbury,Male,25-34
41045,2025-12-06T12:52:29.689Z,Influencer,India,Ginafurt,Female,25-34
41051,2025-08-22T12:52:29.689Z,Referral,India,West Jennifermouth,Female,45+
41055,2026-01-10T12:52:29.689Z,Organic,India,North Briannaview,Male,35-44
41060,2025-08-20T12:52:29.689Z,Influencer,India,Janetchester,Female,45+
41066,2025-12-04T12:52:29.689Z,Paid Ads,India,East Ashleymouth,Other,18-24
41068,2025-05-24T12:52:29.689Z,Influencer,India,New Leonardchester,Female,35-44
41071,2025-08-27T12:52:29.689Z,Influencer,India,West Ethanberg,Other,35-44
41075,2025-11-04T12:52:29.689Z,Organic,India,New Anthonybury,Other,35-44
41096,2025-05-05T12:52:29.689Z,Influencer,India,South Timborough,Other,35-44
41119,2025-09-01T12:52:29.689Z,Referral,India,Lake Brandi,Female,35-44
41121,2025-09-06T12:52:29.689Z,Organic,India,Morganville,Female,45+
41126,2025-12-10T12:52:29.689Z,Email,India,Harrisonton,Other,18-24
41130,2025-05-27T12:52:29.689Z,Organic,India,South James,Female,25-34
41135,2026-01-22T12:52:29.689Z,Organic,India,Pattonside,Female,18-24
41139,2025-03-25T12:52:29.689Z,Paid Ads,India,Port Daniel,Other,18-24
41146,2025-08-11T12:52:29.689Z,Paid Ads,India,Zacharytown,Female,18-24
41151,2025-06-05T12:52:29.689Z,Paid Ads,India,Sharpmouth,Other,45+
41155,2026-02-14T12:52:29.689Z,Referral,India,West Angela,Male,25-34
41162,2025-06-01T12:52:29.689Z,Referral,India,Port Donaldmouth,Female,45+
41168,2025-04-02T12:52:29.689Z,Paid Ads,India,Darrylberg,Female,25-34
41181,2026-02-11T12:52:29.689Z,Paid Ads,India,New Patricia,Male,25-34
41182,2025-12-04T12:52:29.689Z,Influencer,India,New Janet,Female,45+
41191,2025-03-17T12:52:29.689Z,Influencer,India,Bryanville,Female,35-44
41194,2025-05-17T12:52:29.689Z,Paid Ads,India,Markfurt,Male,18-24
41195,2025-06-06T12:52:29.689Z,Organic,India,Port Jeremyborough,Male,18-24
41205,2025-03-14T12:52:29.689Z,Email,India,Stacyberg,Male,18-24
41209,2026-02-11T12:52:29.689Z,Email,India,North Ellenfurt,Other,45+
41212,2025-11-10T12:52:29.689Z,Email,India,West Samuel,Female,25-34
41214,2025-12-20T12:52:29.689Z,Organic,India,West Laurafurt,Male,18-24
41223,2026-01-29T12:52:29.689Z,Referral,India,South Paulstad,Male,35-44
41226,2026-01-13T12:52:29.689Z,Referral,India,South Ryanmouth,Other,18-24
41227,2025-03-11T12:52:29.689Z,Referral,India,Wigginsborough,Other,25-34
41230,2025-08-14T12:52:29.689Z,Email,India,Reedview,Female,18-24
41242,2025-09-22T12:52:29.689Z,Referral,India,Williamsfurt,Female,25-34
41275,2025-05-26T12:52:29.689Z,Influencer,India,Johnsonhaven,Female,45+
41291,2025-07-24T12:52:29.689Z,Email,India,Suzannechester,Female,35-44
41294,2025-03-08T12:52:29.689Z,Email,India,Josephfort,Other,25-34
41306,2025-09-29T12:52:29.689Z,Organic,India,Davidville,Other,25-34
41313,2025-11-20T12:52:29.689Z,Influencer,India,Nunezbury,Other,45+
41328,2025-12-01T12:52:29.689Z,Influencer,India,New Morgan,Other,18-24
41335,2025-07-06T12:52:29.689Z,Influencer,India,West Lindseyside,Female,35-44
41344,2025-08-11T12:52:29.689Z,Organic,India,South Robertberg,Other,18-24
41358,2026-01-17T12:52:29.689Z,Influencer,India,Bethfurt,Other,25-34
41370,2025-08-10T12:52:29.689Z,Email,India,West Carriebury,Other,45+
41372,2025-03-29T12:52:29.689Z,Organic,India,New Carlyberg,Male,45+
41374,2026-02-23T12:52:29.689Z,Referral,India,Charlesborough,Female,35-44
41376,2025-05-21T12:52:29.689Z,Email,India,New Lisahaven,Male,18-24
41382,2025-07-09T12:52:29.689Z,Influencer,India,Port Heather,Male,45+
41392,2025-12-12T12:52:29.689Z,Organic,India,Lake Michael,Other,35-44
41394,2025-06-22T12:52:29.689Z,Organic,India,Lake Deborahport,Other,45+
41398,2025-09-11T12:52:29.689Z,Paid Ads,India,Lake Guybury,Female,18-24
41405,2026-01-31T12:52:29.689Z,Email,India,North Tara,Other,35-44
41414,2025-08-07T12:52:29.689Z,Paid Ads,India,Knoxville,Female,35-44
41417,2025-11-01T12:52:29.689Z,Referral,India,Port Samanthaton,Male,45+
41429,2025-07-16T12:52:29.689Z,Referral,India,Mejialand,Other,45+
41444,2026-01-29T12:52:29.689Z,Influencer,India,Fordland,Other,25-34
41445,2025-12-06T12:52:29.689Z,Paid Ads,India,Lake Kathryn,Male,45+
41446,2026-01-30T12:52:29.689Z,Email,India,Tiffanytown,Female,25-34
41449,2025-11-22T12:52:29.689Z,Organic,India,Ashleyfort,Male,25-34
41452,2025-08-10T12:52:29.689Z,Organic,India,Jessicaland,Female,35-44
41455,2025-06-05T12:52:29.689Z,Referral,India,Edwardfort,Male,35-44
41461,2025-09-01T12:52:29.689Z,Email,India,Scottshire,Female,45+
41463,2025-12-21T12:52:29.689Z,Referral,India,South Angelatown,Female,18-24
41471,2026-01-08T12:52:29.689Z,Referral,India,North Nicholasmouth,Other,45+
41474,2026-01-16T12:52:29.689Z,Paid Ads,India,Cookburgh,Male,18-24
41494,2025-04-21T12:52:29.689Z,Influencer,India,Weberchester,Other,35-44
41498,2025-03-13T12:52:29.689Z,Influencer,India,East Suzanneside,Other,45+
41510,2025-08-30T12:52:29.689Z,Email,India,New Stephanieville,Female,35-44
41511,2025-08-03T12:52:29.689Z,Referral,India,Butlerstad,Other,45+
41532,2025-07-06T12:52:29.689Z,Paid Ads,India,Tylershire,Female,25-34
41535,2025-06-15T12:52:29.689Z,Influencer,India,Jonesstad,Female,45+
41542,2025-12-28T12:52:29.689Z,Email,India,Port Juliefurt,Female,25-34
41570,2025-08-08T12:52:29.689Z,Organic,India,Diamondhaven,Other,18-24
41574,2025-10-20T12:52:29.689Z,Paid Ads,India,Donaldfurt,Male,25-34
41592,2025-08-24T12:52:29.689Z,Paid Ads,India,North Jared,Other,25-34
41600,2025-06-27T12:52:29.689Z,Paid Ads,India,Hallport,Male,35-44
41612,2026-01-04T12:52:29.689Z,Email,India,Rebeccachester,Other,35-44
41630,2025-03-07T12:52:29.689Z,Organic,India,Katiemouth,Other,45+
41648,2025-04-27T12:52:29.689Z,Organic,India,Breannatown,Male,35-44
41654,2025-09-12T12:52:29.689Z,Email,India,East Jacqueline,Female,18-24
41657,2025-09-22T12:52:29.689Z,Organic,India,North Joseph,Other,45+
41663,2026-02-23T12:52:29.689Z,Referral,India,Lake Stephanieport,Male,18-24
41674,2025-07-27T12:52:29.689Z,Email,India,Smithland,Other,45+
41675,2025-11-07T12:52:29.689Z,Referral,India,Michaelmouth,Female,45+
41678,2026-01-15T12:52:29.689Z,Paid Ads,India,Lake Raymond,Other,35-44
41684,2025-10-13T12:52:29.689Z,Influencer,India,Andersonberg,Female,35-44
41687,2025-04-19T12:52:29.689Z,Email,India,Port Benjaminbury,Male,18-24
41701,2025-09-19T12:52:29.689Z,Organic,India,Lake Joseburgh,Other,35-44
41703,2026-01-25T12:52:29.689Z,Referral,India,Lake Jessica,Male,35-44
41710,2026-02-04T12:52:29.689Z,Email,India,Woodsland,Male,18-24
41718,2025-09-19T12:52:29.689Z,Influencer,India,Lake Davidmouth,Other,35-44
41722,2025-05-07T12:52:29.689Z,Influencer,India,Johnsonland,Other,45+
41727,2025-04-28T12:52:29.689Z,Paid Ads,India,Sheltonstad,Male,45+
41734,2025-06-08T12:52:29.689Z,Influencer,India,New Donaldmouth,Other,25-34
41743,2025-07-07T12:52:29.689Z,Paid Ads,India,Henryborough,Other,35-44
41764,2025-09-14T12:52:29.689Z,Email,India,Lake Michaelport,Male,45+
41779,2025-09-22T12:52:29.689Z,Influencer,India,Brianfurt,Male,18-24
41788,2025-08-04T12:52:29.689Z,Referral,India,Wigginsville,Male,35-44
41792,2025-06-01T12:52:29.689Z,Paid Ads,India,Michaelside,Male,25-34
41801,2025-06-22T12:52:29.689Z,Email,India,South Paulside,Male,18-24
41811,2025-07-27T12:52:29.689Z,Organic,India,Wilsonchester,Other,45+
41831,2025-05-11T12:52:29.689Z,Influencer,India,Markmouth,Other,35-44
41836,2025-12-01T12:52:29.689Z,Referral,India,West Melissachester,Male,25-34
41863,2026-01-23T12:52:29.689Z,Influencer,India,Davidborough,Female,35-44
41870,2026-01-23T12:52:29.689Z,Referral,India,Wallaceborough,Other,45+
41880,2025-12-16T12:52:29.689Z,Email,India,East Michellemouth,Female,35-44
41883,2025-03-22T12:52:29.689Z,Referral,India,East Mariehaven,Male,25-34
41885,2025-10-28T12:52:29.689Z,Paid Ads,India,Micheleborough,Male,35-44
41886,2025-12-06T12:52:29.689Z,Paid Ads,India,West Christopher,Other,25-34
41894,2025-05-27T12:52:29.689Z,Organic,India,Salinasshire,Female,35-44
41896,2025-09-10T12:52:29.689Z,Email,India,Smithborough,Male,25-34
41902,2025-05-07T12:52:29.689Z,Organic,India,Robinsonbury,Other,35-44
41931,2025-12-28T12:52:29.689Z,Paid Ads,India,West Lindsey,Other,18-24
41940,2025-06-26T12:52:29.689Z,Influencer,India,West Mary,Female,18-24
41941,2026-02-17T12:52:29.689Z,Referral,India,Port Melinda,Female,45+
41959,2025-03-29T12:52:29.689Z,Organic,India,New Rachel,Female,18-24
41970,2026-02-25T12:52:29.689Z,Influencer,India,North Stephanie,Other,18-24
41975,2025-07-08T12:52:29.689Z,Email,India,West Matthewshire,Other,45+
41982,2025-06-21T12:52:29.689Z,Influencer,India,East Ian,Other,25-34
41983,2025-04-11T12:52:29.689Z,Organic,India,Lake Kirkshire,Other,18-24
41993,2025-10-23T12:52:29.689Z,Referral,India,Lake John,Other,45+
42003,2025-07-04T12:52:29.689Z,Organic,India,West Brendaport,Female,45+
42006,2025-11-09T12:52:29.689Z,Paid Ads,India,Smithchester,Other,25-34
42014,2025-05-05T12:52:29.689Z,Referral,India,Hughesberg,Female,35-44
42015,2025-12-20T12:52:29.689Z,Influencer,India,Victoriachester,Male,45+
42037,2025-04-14T12:52:29.689Z,Referral,India,East Carlachester,Male,18-24
42039,2025-10-31T12:52:29.689Z,Influencer,India,Newmanchester,Female,25-34
42060,2025-06-19T12:52:29.689Z,Organic,India,Allenstad,Male,18-24
42063,2026-02-21T12:52:29.689Z,Email,India,Christyberg,Male,18-24
42068,2025-07-06T12:52:29.689Z,Organic,India,Richardhaven,Female,25-34
42079,2025-12-23T12:52:29.689Z,Organic,India,New Alyssa,Female,45+
42083,2025-09-23T12:52:29.689Z,Paid Ads,India,Santiagoberg,Other,45+
42103,2025-04-07T12:52:29.689Z,Influencer,India,Raymondview,Male,18-24
42105,2025-10-24T12:52:29.689Z,Organic,India,Tammytown,Other,25-34
42109,2025-11-18T12:52:29.689Z,Email,India,West Allison,Male,25-34
42112,2025-08-06T12:52:29.689Z,Influencer,India,East Joyfort,Other,18-24
42118,2025-05-16T12:52:29.689Z,Email,India,South Williamtown,Male,18-24
42125,2025-07-17T12:52:29.689Z,Referral,India,East Jennifershire,Other,35-44
42128,2025-06-13T12:52:29.689Z,Email,India,Thompsonfort,Other,35-44
42132,2025-03-09T12:52:29.689Z,Influencer,India,West Michael,Female,25-34
42136,2025-05-01T12:52:29.689Z,Email,India,Alvarezville,Male,25-34
42140,2026-02-20T12:52:29.689Z,Organic,India,Bonillatown,Male,35-44
42141,2025-09-20T12:52:29.689Z,Influencer,India,Caldwellview,Other,35-44
42149,2026-01-21T12:52:29.689Z,Referral,India,Davismouth,Male,35-44
42156,2025-05-25T12:52:29.689Z,Influencer,India,East Thomasfort,Male,18-24
42157,2025-09-10T12:52:29.689Z,Email,India,East Jeff,Female,45+
42170,2025-10-29T12:52:29.689Z,Referral,India,Spencershire,Male,18-24
42174,2025-06-20T12:52:29.689Z,Referral,India,Port Brittanyborough,Female,25-34
42205,2025-06-08T12:52:29.689Z,Organic,India,Michellemouth,Other,45+
42207,2025-03-31T12:52:29.689Z,Referral,India,East Tracy,Other,25-34
42209,2025-10-21T12:52:29.689Z,Organic,India,North Ariel,Other,18-24
42221,2025-05-21T12:52:29.689Z,Referral,India,West Raymond,Male,45+
42232,2025-12-09T12:52:29.689Z,Referral,India,Dawsonshire,Female,45+
42239,2026-02-18T12:52:29.689Z,Paid Ads,India,Port Dianeland,Female,35-44
42243,2025-11-07T12:52:29.689Z,Email,India,Haleymouth,Female,25-34
42248,2025-05-21T12:52:29.689Z,Organic,India,South David,Male,35-44
42254,2025-10-17T12:52:29.689Z,Email,India,Madisonshire,Other,18-24
42258,2025-11-27T12:52:29.689Z,Email,India,West Christophermouth,Male,35-44
42263,2025-03-30T12:52:29.689Z,Paid Ads,India,Armstrongland,Female,25-34
42276,2025-03-15T12:52:29.689Z,Email,India,Paulland,Female,35-44
42281,2025-03-22T12:52:29.689Z,Email,India,Millermouth,Female,18-24
42282,2025-11-26T12:52:29.689Z,Paid Ads,India,Lake David,Male,18-24
42289,2025-05-07T12:52:29.689Z,Organic,India,Lake Michaelmouth,Female,25-34
42296,2026-01-22T12:52:29.689Z,Paid Ads,India,Tamarabury,Female,18-24
42313,2025-07-21T12:52:29.689Z,Referral,India,Montgomeryville,Female,25-34
42316,2025-03-11T12:52:29.689Z,Influencer,India,Hillborough,Other,35-44
42324,2025-08-23T12:52:29.689Z,Organic,India,Mitchellstad,Other,35-44
42327,2025-04-04T12:52:29.689Z,Organic,India,Port Michael,Male,25-34
42338,2025-05-24T12:52:29.689Z,Paid Ads,India,Leonardchester,Other,35-44
42350,2026-01-06T12:52:29.689Z,Influencer,India,New Stacy,Male,18-24
42355,2025-12-24T12:52:29.689Z,Organic,India,North Gavinhaven,Male,35-44
42368,2025-09-07T12:52:29.689Z,Email,India,Kathleenfurt,Male,18-24
42376,2025-09-30T12:52:29.689Z,Paid Ads,India,Timothychester,Female,18-24
42386,2025-11-21T12:52:29.689Z,Influencer,India,West Valerie,Male,35-44
42392,2025-07-11T12:52:29.689Z,Paid Ads,India,Martinview,Male,35-44
42407,2025-05-29T12:52:29.689Z,Organic,India,Tracyport,Male,35-44
42415,2025-07-01T12:52:29.689Z,Influencer,India,Obrienshire,Female,18-24
42429,2025-09-13T12:52:29.689Z,Influencer,India,Port Lori,Other,25-34
42443,2025-08-06T12:52:29.689Z,Influencer,India,Hernandezhaven,Male,45+
42458,2025-04-12T12:52:29.689Z,Organic,India,Isaiahton,Male,45+
42459,2025-12-20T12:52:29.689Z,Email,India,Berryberg,Male,45+
42469,2026-01-21T12:52:29.689Z,Organic,India,Lake Bradley,Other,45+
42474,2025-04-24T12:52:29.689Z,Influencer,India,East Julie,Male,25-34
42486,2026-02-17T12:52:29.689Z,Email,India,West Norma,Male,35-44
42490,2025-05-17T12:52:29.689Z,Influencer,India,Emilyland,Male,45+
42500,2026-01-25T12:52:29.689Z,Email,India,Davidchester,Male,18-24
42501,2025-08-10T12:52:29.689Z,Email,India,West Robertstad,Other,18-24
42512,2026-01-28T12:52:29.689Z,Referral,India,South Wendyport,Other,25-34
42520,2025-06-06T12:52:29.689Z,Organic,India,Nicholasville,Male,18-24
42533,2025-12-09T12:52:29.689Z,Referral,India,East Thomasland,Male,18-24
42547,2025-09-04T12:52:29.689Z,Email,India,Christopherfurt,Female,45+
42564,2025-12-19T12:52:29.689Z,Organic,India,New Nicoleport,Male,45+
42569,2026-02-23T12:52:29.689Z,Email,India,North Susanstad,Male,25-34
42599,2025-11-28T12:52:29.689Z,Paid Ads,India,Melissabury,Male,35-44
42603,2025-11-09T12:52:29.689Z,Paid Ads,India,New Lisa,Female,35-44
42617,2026-02-14T12:52:29.689Z,Paid Ads,India,Hughestown,Female,45+
42618,2025-07-06T12:52:29.689Z,Referral,India,Michaelland,Other,25-34
42619,2026-01-20T12:52:29.689Z,Email,India,North Brianton,Other,45+
42624,2025-05-07T12:52:29.689Z,Email,India,New Amanda,Other,18-24
42628,2025-12-08T12:52:29.689Z,Organic,India,Torreshaven,Male,25-34
42636,2025-07-25T12:52:29.689Z,Email,India,Erinland,Male,35-44
42644,2025-07-25T12:52:29.689Z,Influencer,India,Brettberg,Female,25-34
42646,2025-06-10T12:52:29.689Z,Email,India,Jadeland,Female,45+
42647,2025-10-20T12:52:29.689Z,Organic,India,Port Jeffrey,Male,35-44
42649,2026-02-11T12:52:29.689Z,Email,India,North Jeanette,Male,45+
42652,2026-02-10T12:52:29.689Z,Paid Ads,India,Port Richardshire,Female,25-34
42659,2025-12-18T12:52:29.689Z,Referral,India,Danielleport,Female,35-44
42670,2025-12-08T12:52:29.689Z,Organic,India,Brandiport,Male,35-44
42672,2025-12-11T12:52:29.689Z,Paid Ads,India,Carlaburgh,Male,25-34
42683,2025-07-19T12:52:29.689Z,Referral,India,Micheleborough,Male,45+
42693,2026-01-24T12:52:29.689Z,Organic,India,Brockview,Other,25-34
42705,2025-09-11T12:52:29.689Z,Organic,India,Port Brandiburgh,Female,45+
42714,2025-04-01T12:52:29.689Z,Referral,India,Lewishaven,Female,18-24
42715,2025-08-27T12:52:29.689Z,Referral,India,South Dianeburgh,Male,25-34
42718,2025-07-27T12:52:29.689Z,Paid Ads,India,Port Melissa,Female,18-24
42722,2026-02-15T12:52:29.689Z,Referral,India,Medinachester,Other,45+
42729,2026-01-08T12:52:29.689Z,Email,India,Hernandezfurt,Female,18-24
42744,2025-12-28T12:52:29.689Z,Organic,India,West Jerry,Female,35-44
42745,2025-10-22T12:52:29.689Z,Email,India,Millerside,Other,18-24
42750,2025-04-03T12:52:29.689Z,Paid Ads,India,Nguyenton,Other,35-44
42762,2025-07-08T12:52:29.689Z,Referral,India,Teresamouth,Other,45+
42770,2025-08-29T12:52:29.689Z,Influencer,India,Millerberg,Male,18-24
42773,2025-05-19T12:52:29.689Z,Paid Ads,India,West Ryanbury,Female,25-34
42774,2026-02-24T12:52:29.689Z,Email,India,North Davidmouth,Male,45+
42776,2025-03-21T12:52:29.689Z,Paid Ads,India,Port Kelsey,Other,35-44
42778,2025-04-04T12:52:29.689Z,Organic,India,Thompsonstad,Male,35-44
42779,2025-03-22T12:52:29.689Z,Influencer,India,Obrienborough,Male,45+
42780,2025-06-16T12:52:29.689Z,Email,India,Port Glendaburgh,Male,45+
42790,2026-02-19T12:52:29.689Z,Paid Ads,India,North Dylan,Other,18-24
42791,2025-12-12T12:52:29.689Z,Influencer,India,South Kristinamouth,Female,25-34
42793,2026-01-25T12:52:29.689Z,Email,India,Lisafurt,Female,35-44
42794,2026-01-04T12:52:29.689Z,Influencer,India,Michaelport,Other,35-44
42797,2025-04-29T12:52:29.689Z,Organic,India,Christopherland,Male,45+
42799,2025-08-25T12:52:29.689Z,Organic,India,New Jessicamouth,Female,35-44
42808,2025-06-23T12:52:29.689Z,Referral,India,Lake Denise,Female,35-44
42815,2025-05-05T12:52:29.689Z,Organic,India,Powellstad,Other,35-44
42818,2025-10-08T12:52:29.689Z,Email,India,Howellhaven,Male,18-24
42824,2025-11-13T12:52:29.689Z,Referral,India,Michelleport,Other,25-34
42831,2025-08-31T12:52:29.689Z,Influencer,India,Churchshire,Female,18-24
42836,2026-01-04T12:52:29.689Z,Email,India,New Austinborough,Other,18-24
42837,2025-08-29T12:52:29.689Z,Paid Ads,India,North Jennifer,Male,35-44
42838,2025-10-10T12:52:29.689Z,Email,India,Donnaborough,Female,25-34
42839,2025-08-22T12:52:29.689Z,Influencer,India,Lindsayhaven,Other,18-24
42842,2025-04-19T12:52:29.689Z,Email,India,Jasonhaven,Male,35-44
42851,2025-03-01T12:52:29.689Z,Organic,India,South Amberfurt,Female,25-34
42853,2025-07-17T12:52:29.689Z,Organic,India,Port Yolandashire,Female,18-24
42854,2025-06-08T12:52:29.689Z,Organic,India,Matthewton,Male,45+
42855,2025-12-29T12:52:29.689Z,Referral,India,Jeromechester,Female,35-44
42867,2025-03-18T12:52:29.689Z,Organic,India,Stephanieton,Female,45+
42871,2026-02-11T12:52:29.689Z,Influencer,India,New Jameshaven,Other,45+
42880,2026-02-16T12:52:29.689Z,Organic,India,West Nancy,Other,25-34
42881,2025-06-16T12:52:29.689Z,Organic,India,New Audreyfort,Female,35-44
42886,2025-05-13T12:52:29.689Z,Influencer,India,Port Paulaside,Male,25-34
42888,2025-05-26T12:52:29.689Z,Organic,India,East Paul,Other,45+
42889,2025-10-13T12:52:29.689Z,Email,India,Carolinemouth,Female,18-24
42891,2026-02-11T12:52:29.689Z,Referral,India,Sullivanland,Male,25-34
42895,2025-05-14T12:52:29.689Z,Influencer,India,Thomasshire,Male,25-34
42896,2025-10-04T12:52:29.689Z,Influencer,India,Port Melody,Other,25-34
42899,2025-08-25T12:52:29.689Z,Email,India,Mitchellport,Other,35-44
42900,2025-10-13T12:52:29.689Z,Organic,India,Michaelfort,Female,25-34
42902,2025-03-23T12:52:29.689Z,Paid Ads,India,Stephenburgh,Female,45+
42904,2025-06-03T12:52:29.689Z,Paid Ads,India,East Nicholasland,Female,25-34
42906,2026-01-10T12:52:29.689Z,Referral,India,Orozcochester,Female,25-34
42917,2025-10-20T12:52:29.689Z,Referral,India,South Jaimeland,Female,18-24
42922,2025-11-20T12:52:29.689Z,Paid Ads,India,Barryville,Other,45+
42925,2025-09-28T12:52:29.689Z,Email,India,Jonathanmouth,Male,35-44
42941,2025-12-20T12:52:29.689Z,Organic,India,Cheyenneland,Female,45+
42953,2025-09-02T12:52:29.689Z,Email,India,Brittanyview,Other,18-24
42958,2025-10-29T12:52:29.689Z,Email,India,Gravesburgh,Female,18-24
42964,2025-12-16T12:52:29.689Z,Paid Ads,India,Williamsview,Other,35-44
42967,2025-10-06T12:52:29.689Z,Email,India,Xavierport,Male,25-34
42968,2025-07-01T12:52:29.689Z,Paid Ads,India,Gonzalesside,Other,18-24
42973,2025-05-24T12:52:29.689Z,Referral,India,Kellyport,Male,35-44
42975,2025-07-22T12:52:29.689Z,Organic,India,North Logan,Male,35-44
42976,2025-09-08T12:52:29.689Z,Organic,India,Zacharytown,Male,18-24
42994,2025-07-29T12:52:29.689Z,Referral,India,South Shannonbury,Other,35-44
42998,2026-01-06T12:52:29.689Z,Influencer,India,Hannahside,Other,35-44
43001,2026-02-26T12:52:29.689Z,Referral,India,Aprilbury,Other,45+
43004,2025-08-28T12:52:29.689Z,Referral,India,Padillaport,Male,35-44
43006,2026-02-28T12:52:29.689Z,Paid Ads,India,Erinmouth,Other,45+
43012,2025-03-15T12:52:29.689Z,Referral,India,Sarahview,Male,25-34
43038,2026-02-19T12:52:29.689Z,Influencer,India,Wilsonside,Female,35-44
43044,2025-05-20T12:52:29.689Z,Referral,India,South Adammouth,Other,45+
43062,2025-06-11T12:52:29.689Z,Influencer,India,Smithton,Male,25-34
43066,2025-09-23T12:52:29.689Z,Paid Ads,India,South Nathanielbury,Female,25-34
43069,2025-06-18T12:52:29.689Z,Paid Ads,India,South Carrie,Male,35-44
43087,2025-10-08T12:52:29.689Z,Referral,India,New Marktown,Other,18-24
43091,2025-05-21T12:52:29.689Z,Influencer,India,South Daniel,Male,45+
43093,2025-11-29T12:52:29.689Z,Referral,India,West Jimmyhaven,Female,45+
43103,2025-06-05T12:52:29.689Z,Organic,India,Padillaburgh,Male,25-34
43105,2025-05-04T12:52:29.689Z,Organic,India,North Alfredside,Male,45+
43120,2026-02-02T12:52:29.689Z,Email,India,Whiteborough,Female,18-24
43125,2025-12-11T12:52:29.689Z,Organic,India,Leeville,Male,25-34
43128,2025-11-11T12:52:29.689Z,Email,India,Forbesstad,Female,25-34
43129,2025-12-19T12:52:29.689Z,Referral,India,Johnchester,Female,35-44
43134,2026-02-25T12:52:29.689Z,Influencer,India,Brandonside,Female,25-34
43138,2025-07-20T12:52:29.689Z,Influencer,India,Richardstad,Female,45+
43143,2025-03-27T12:52:29.689Z,Influencer,India,Judyport,Male,25-34
43147,2025-04-29T12:52:29.689Z,Email,India,Debrafurt,Male,35-44
43151,2025-09-05T12:52:29.689Z,Influencer,India,New Misty,Male,25-34
43156,2025-03-06T12:52:29.689Z,Paid Ads,India,Scottborough,Female,25-34
43160,2026-02-09T12:52:29.689Z,Paid Ads,India,East Justinfort,Male,35-44
43163,2026-02-26T12:52:29.689Z,Referral,India,Williamsonchester,Female,25-34
43166,2025-09-25T12:52:29.689Z,Email,India,Vanceton,Male,18-24
43170,2026-01-24T12:52:29.689Z,Referral,India,Darrellbury,Other,18-24
43176,2025-06-03T12:52:29.689Z,Referral,India,Melissaburgh,Male,35-44
43181,2025-04-11T12:52:29.689Z,Email,India,North Rachel,Female,18-24
43187,2026-01-28T12:52:29.689Z,Organic,India,Evansmouth,Female,18-24
43191,2025-09-29T12:52:29.689Z,Email,India,Bradleyland,Other,18-24
43193,2025-06-18T12:52:29.689Z,Paid Ads,India,Collierville,Male,18-24
43197,2025-03-21T12:52:29.689Z,Organic,India,Toniside,Male,45+
43199,2025-07-09T12:52:29.689Z,Organic,India,Port Gregoryshire,Male,25-34
43204,2025-03-21T12:52:29.689Z,Organic,India,Port Brettchester,Male,35-44
43207,2026-01-26T12:52:29.689Z,Paid Ads,India,Dianatown,Female,35-44
43208,2025-08-11T12:52:29.689Z,Referral,India,Bryantfort,Other,35-44
43214,2025-10-12T12:52:29.689Z,Organic,India,Millerfurt,Male,35-44
43219,2025-12-10T12:52:29.689Z,Email,India,South Andreamouth,Other,45+
43232,2025-08-11T12:52:29.689Z,Influencer,India,Lisatown,Female,25-34
43233,2025-05-11T12:52:29.689Z,Organic,India,Justinberg,Male,35-44
43242,2025-03-08T12:52:29.689Z,Email,India,Elizabethfurt,Other,25-34
43246,2025-03-17T12:52:29.689Z,Email,India,South Tylerstad,Female,45+
43267,2026-02-27T12:52:29.689Z,Influencer,India,Dayland,Other,18-24
43275,2025-06-08T12:52:29.689Z,Influencer,India,North Peterchester,Male,25-34
43277,2025-07-16T12:52:29.689Z,Paid Ads,India,Port Kennethmouth,Other,25-34
43280,2025-09-11T12:52:29.689Z,Organic,India,Laurenberg,Other,18-24
43284,2025-10-09T12:52:29.689Z,Organic,India,Samuelfort,Male,45+
43300,2025-04-06T12:52:29.689Z,Paid Ads,India,Port Angela,Male,18-24
43302,2025-04-27T12:52:29.689Z,Organic,India,Ashleyside,Male,18-24
43308,2025-06-28T12:52:29.689Z,Referral,India,Port Jamesfurt,Other,45+
43316,2025-05-11T12:52:29.689Z,Referral,India,South Julie,Male,45+
43318,2025-10-04T12:52:29.689Z,Referral,India,New Jacobberg,Female,45+
43325,2025-07-11T12:52:29.689Z,Influencer,India,Johnborough,Female,18-24
43327,2025-05-22T12:52:29.689Z,Organic,India,South Miguel,Male,35-44
43332,2025-10-19T12:52:29.689Z,Email,India,Port Jessicaville,Female,18-24
43334,2026-02-14T12:52:29.689Z,Organic,India,Kaitlynberg,Other,25-34
43341,2025-11-28T12:52:29.689Z,Influencer,India,West Stephanie,Female,25-34
43342,2025-07-02T12:52:29.689Z,Referral,India,New Justin,Male,18-24
43351,2025-12-10T12:52:29.689Z,Influencer,India,Evansfurt,Other,18-24
43353,2026-02-16T12:52:29.689Z,Referral,India,Pamelastad,Other,45+
43355,2026-02-20T12:52:29.689Z,Email,India,East Victorhaven,Female,18-24
43356,2026-02-25T12:52:29.689Z,Referral,India,Martinton,Male,25-34
43407,2025-11-13T12:52:29.689Z,Paid Ads,India,New Carlatown,Other,25-34
43413,2025-08-13T12:52:29.689Z,Influencer,India,New John,Male,25-34
43425,2025-09-14T12:52:29.689Z,Referral,India,West Karinastad,Other,18-24
43432,2025-12-13T12:52:29.689Z,Paid Ads,India,Juliashire,Other,35-44
43436,2026-02-25T12:52:29.689Z,Paid Ads,India,Michelestad,Other,45+
43446,2025-04-21T12:52:29.689Z,Influencer,India,Phillipston,Male,35-44
43448,2025-06-23T12:52:29.689Z,Referral,India,Port Jessicabury,Male,18-24
43451,2026-02-28T12:52:29.689Z,Paid Ads,India,Port Julie,Other,45+
43452,2025-08-01T12:52:29.689Z,Influencer,India,South George,Female,18-24
43460,2025-04-08T12:52:29.689Z,Paid Ads,India,Bonnieport,Male,35-44
43486,2025-11-23T12:52:29.689Z,Organic,India,New Carolynberg,Male,18-24
43489,2025-07-21T12:52:29.689Z,Paid Ads,India,East Josephchester,Male,45+
43493,2025-07-11T12:52:29.689Z,Organic,India,New Timothy,Male,25-34
43497,2025-09-09T12:52:29.689Z,Paid Ads,India,Hardyview,Other,35-44
43498,2025-06-03T12:52:29.689Z,Influencer,India,West Keithbury,Other,25-34
43511,2025-06-25T12:52:29.689Z,Influencer,India,New Julia,Other,35-44
43512,2025-03-26T12:52:29.689Z,Referral,India,South Brandonstad,Male,45+
43515,2025-08-10T12:52:29.689Z,Email,India,Lindsaystad,Male,25-34
43519,2025-12-09T12:52:29.689Z,Influencer,India,South Jerryfurt,Female,45+
43520,2025-09-20T12:52:29.689Z,Organic,India,Port Erin,Female,45+
43521,2025-09-15T12:52:29.689Z,Organic,India,New Anne,Other,35-44
43528,2025-05-02T12:52:29.689Z,Paid Ads,India,Richardfort,Female,35-44
43533,2025-07-18T12:52:29.689Z,Paid Ads,India,South Amber,Male,45+
43549,2025-09-11T12:52:29.689Z,Referral,India,Lake Justin,Male,45+
43587,2025-04-13T12:52:29.689Z,Organic,India,West Lindsaystad,Male,35-44
43591,2025-04-25T12:52:29.689Z,Referral,India,Tonyamouth,Other,25-34
43600,2025-03-29T12:52:29.689Z,Email,India,Calderonhaven,Female,25-34
43604,2025-08-02T12:52:29.689Z,Email,India,Caseyview,Male,25-34
43622,2025-09-28T12:52:29.689Z,Email,India,South Jennifer,Male,45+
43630,2025-11-26T12:52:29.689Z,Paid Ads,India,Matthewhaven,Female,45+
43641,2025-06-03T12:52:29.689Z,Organic,India,Colebury,Female,35-44
43644,2025-08-10T12:52:29.689Z,Paid Ads,India,Reedside,Other,35-44
43646,2025-10-11T12:52:29.689Z,Email,India,Tiffanyburgh,Other,18-24
43659,2025-11-07T12:52:29.689Z,Organic,India,West Brittany,Male,25-34
43667,2025-06-08T12:52:29.689Z,Organic,India,Sharonville,Other,35-44
43676,2025-05-29T12:52:29.689Z,Paid Ads,India,North Jenniferburgh,Male,18-24
43679,2025-04-22T12:52:29.689Z,Organic,India,Lake Crystal,Other,25-34
43683,2025-07-06T12:52:29.689Z,Referral,India,Port Davidmouth,Female,18-24
43708,2025-10-15T12:52:29.689Z,Referral,India,East Matthew,Other,45+
43714,2025-12-25T12:52:29.689Z,Paid Ads,India,Lake Cynthiafort,Female,18-24
43716,2025-09-02T12:52:29.689Z,Email,India,West Dianefort,Other,35-44
43724,2025-12-29T12:52:29.689Z,Organic,India,New Julia,Female,35-44
43728,2025-07-26T12:52:29.689Z,Influencer,India,Jamesland,Other,25-34
43732,2025-09-06T12:52:29.689Z,Influencer,India,Kennedybury,Other,18-24
43733,2026-02-18T12:52:29.689Z,Referral,India,East Kenneth,Female,25-34
43741,2025-04-04T12:52:29.689Z,Organic,India,Barnettland,Male,25-34
43746,2025-03-06T12:52:29.689Z,Referral,India,Brucetown,Male,25-34
43762,2025-08-19T12:52:29.689Z,Paid Ads,India,North Erin,Other,35-44
43771,2025-06-13T12:52:29.689Z,Referral,India,Pinedaborough,Female,25-34
43772,2025-09-21T12:52:29.689Z,Organic,India,Williebury,Other,35-44
43774,2025-12-30T12:52:29.689Z,Influencer,India,Michaelberg,Female,45+
43785,2025-06-13T12:52:29.689Z,Email,India,Port Heathershire,Other,45+
43794,2025-11-01T12:52:29.689Z,Referral,India,Christopherville,Male,35-44
43805,2026-02-28T12:52:29.689Z,Referral,India,Christopherville,Male,35-44
43808,2025-03-01T12:52:29.689Z,Organic,India,Stacyfurt,Male,35-44
43813,2025-09-27T12:52:29.689Z,Referral,India,South Christopher,Female,25-34
43816,2025-03-08T12:52:29.689Z,Paid Ads,India,West Angelaburgh,Female,45+
43818,2025-11-13T12:52:29.689Z,Referral,India,West Robert,Other,18-24
43833,2025-08-30T12:52:29.689Z,Organic,India,North Darrellchester,Male,45+
43834,2025-12-29T12:52:29.689Z,Organic,India,Lake Kyle,Other,45+
43836,2025-06-06T12:52:29.689Z,Influencer,India,New Andre,Female,18-24
43837,2025-07-30T12:52:29.689Z,Email,India,Smithland,Other,25-34
43842,2026-01-04T12:52:29.689Z,Paid Ads,India,Sierraport,Other,25-34
43852,2025-04-23T12:52:29.689Z,Referral,India,Port Justinshire,Female,45+
43853,2025-04-28T12:52:29.689Z,Influencer,India,North Meagan,Male,25-34
43864,2025-10-16T12:52:29.689Z,Email,India,Julietown,Female,18-24
43865,2026-01-16T12:52:29.689Z,Referral,India,New Evelyn,Female,35-44
43866,2025-03-16T12:52:29.689Z,Influencer,India,Hofort,Other,45+
43872,2025-07-27T12:52:29.689Z,Organic,India,New Steventown,Other,18-24
43874,2025-03-28T12:52:29.689Z,Email,India,East Dana,Male,25-34
43875,2025-12-10T12:52:29.689Z,Organic,India,Port Frankton,Female,45+
43879,2025-03-25T12:52:29.689Z,Email,India,Nancytown,Female,18-24
43882,2025-04-26T12:52:29.689Z,Organic,India,Lake Jill,Other,25-34
43883,2025-04-23T12:52:29.689Z,Organic,India,Port Monicaberg,Female,25-34
43885,2025-06-13T12:52:29.689Z,Organic,India,Port Chase,Other,45+
43895,2026-02-19T12:52:29.689Z,Paid Ads,India,North Ryanville,Other,35-44
43902,2025-03-23T12:52:29.689Z,Influencer,India,Sanchezside,Other,18-24
43904,2025-03-08T12:52:29.689Z,Referral,India,Danielletown,Female,35-44
43911,2025-03-31T12:52:29.689Z,Referral,India,Port Austin,Other,25-34
43914,2025-11-30T12:52:29.689Z,Influencer,India,West Jose,Male,45+
43916,2025-08-25T12:52:29.689Z,Influencer,India,Lake Brandonbury,Male,35-44
43935,2025-08-31T12:52:29.689Z,Influencer,India,North Lauraville,Female,35-44
43936,2025-11-23T12:52:29.689Z,Email,India,Masontown,Male,18-24
43947,2025-08-08T12:52:29.689Z,Organic,India,South Jason,Other,18-24
43956,2025-12-31T12:52:29.689Z,Influencer,India,Ashleyton,Male,18-24
43959,2025-03-17T12:52:29.689Z,Email,India,Port Clairebury,Male,25-34
43963,2025-11-29T12:52:29.689Z,Paid Ads,India,Brentton,Other,45+
43972,2025-05-18T12:52:29.689Z,Paid Ads,India,West Terrytown,Female,35-44
43982,2026-01-30T12:52:29.689Z,Paid Ads,India,Lake Margaretton,Female,35-44
43990,2025-05-03T12:52:29.689Z,Referral,India,South Katherine,Male,25-34
43993,2025-10-07T12:52:29.689Z,Email,India,Joshuahaven,Other,35-44
43996,2025-04-23T12:52:29.689Z,Influencer,India,Garciatown,Other,35-44
43997,2025-06-08T12:52:29.689Z,Paid Ads,India,Lake Robert,Female,25-34
44006,2025-04-03T12:52:29.689Z,Paid Ads,India,Lake Bryan,Male,45+
44008,2025-11-15T12:52:29.689Z,Influencer,India,Port Douglas,Other,35-44
44012,2025-04-07T12:52:29.689Z,Email,India,New Davidview,Female,25-34
44019,2025-10-25T12:52:29.689Z,Organic,India,Contreraston,Male,25-34
44025,2025-11-11T12:52:29.689Z,Influencer,India,Port Barbarastad,Other,18-24
44033,2025-08-05T12:52:29.689Z,Influencer,India,Garciaside,Male,25-34
44036,2025-09-26T12:52:29.689Z,Influencer,India,Hannahstad,Male,25-34
44041,2025-04-10T12:52:29.689Z,Referral,India,Leefurt,Female,45+
44047,2025-09-10T12:52:29.689Z,Email,India,West John,Female,35-44
44048,2025-03-18T12:52:29.689Z,Organic,India,Barrbury,Female,45+
44058,2025-09-05T12:52:29.689Z,Email,India,East Donaldland,Male,25-34
44070,2025-05-07T12:52:29.689Z,Email,India,New Stacyfort,Female,25-34
44073,2025-04-10T12:52:29.689Z,Paid Ads,India,Port Amberfort,Male,45+
44085,2025-05-09T12:52:29.689Z,Email,India,Shawntown,Other,35-44
44097,2025-09-02T12:52:29.689Z,Referral,India,Sanchezton,Male,45+
44125,2025-08-09T12:52:29.689Z,Paid Ads,India,Josephstad,Other,18-24
44130,2025-09-13T12:52:29.689Z,Organic,India,Port Kelly,Male,25-34
44140,2025-03-09T12:52:29.689Z,Influencer,India,Lucaschester,Female,25-34
44146,2026-02-01T12:52:29.689Z,Email,India,West Karabury,Other,18-24
44154,2026-02-20T12:52:29.689Z,Email,India,East Robertborough,Female,18-24
44156,2025-10-04T12:52:29.689Z,Email,India,West Patriciaburgh,Male,25-34
44158,2025-05-12T12:52:29.689Z,Organic,India,Port Aaronberg,Other,45+
44159,2025-09-21T12:52:29.689Z,Influencer,India,Lake Kaitlin,Other,35-44
44162,2026-01-23T12:52:29.689Z,Influencer,India,Harrisfurt,Other,35-44
44174,2025-07-23T12:52:29.689Z,Influencer,India,Mayberg,Female,25-34
44180,2025-07-04T12:52:29.689Z,Referral,India,Michaelbury,Female,18-24
44181,2025-12-25T12:52:29.689Z,Influencer,India,North Robert,Male,45+
44182,2025-08-21T12:52:29.689Z,Paid Ads,India,Lutzport,Other,25-34
44192,2025-11-25T12:52:29.689Z,Referral,India,Elizabethburgh,Other,25-34
44195,2026-01-23T12:52:29.689Z,Organic,India,East Randyberg,Male,25-34
44197,2025-05-18T12:52:29.689Z,Paid Ads,India,Lake Sarahshire,Male,35-44
44200,2025-07-03T12:52:29.689Z,Email,India,West Timberg,Other,45+
44209,2025-07-04T12:52:29.689Z,Organic,India,West Latashaland,Male,45+
44214,2025-03-17T12:52:29.689Z,Organic,India,Laurabury,Male,18-24
44215,2025-12-28T12:52:29.689Z,Referral,India,Lake Lindaton,Other,25-34
44222,2025-03-07T12:52:29.689Z,Referral,India,Mathiston,Male,45+
44227,2025-12-31T12:52:29.689Z,Email,India,East Alexandra,Male,25-34
44228,2026-02-25T12:52:29.689Z,Referral,India,South Chadmouth,Male,25-34
44230,2025-11-05T12:52:29.689Z,Organic,India,New Ivanbury,Male,35-44
44235,2025-12-09T12:52:29.689Z,Influencer,India,Grossshire,Male,18-24
44239,2026-02-01T12:52:29.689Z,Referral,India,South Nancyfurt,Female,18-24
44247,2025-05-26T12:52:29.689Z,Email,India,Lindseyport,Female,18-24
44251,2026-01-26T12:52:29.689Z,Organic,India,Johnsonchester,Male,35-44
44257,2025-03-09T12:52:29.689Z,Referral,India,Lake Amymouth,Other,45+
44267,2025-10-03T12:52:29.689Z,Referral,India,North Scott,Male,25-34
44269,2026-01-07T12:52:29.689Z,Referral,India,West Jeremiah,Female,25-34
44288,2025-05-06T12:52:29.689Z,Referral,India,Matthewmouth,Other,45+
44295,2025-07-11T12:52:29.689Z,Email,India,Perkinsside,Male,45+
44311,2025-03-30T12:52:29.689Z,Email,India,South Angelicafort,Other,45+
44320,2025-06-19T12:52:29.689Z,Influencer,India,Blakeland,Female,35-44
44321,2025-03-14T12:52:29.689Z,Influencer,India,West Benjaminhaven,Female,25-34
44325,2025-06-23T12:52:29.689Z,Email,India,North Heather,Male,35-44
44326,2025-11-17T12:52:29.689Z,Email,India,Dustinborough,Male,25-34
44329,2025-04-18T12:52:29.689Z,Influencer,India,Thomastown,Female,45+
44332,2025-06-21T12:52:29.689Z,Email,India,East Jamie,Other,45+
44342,2025-07-17T12:52:29.689Z,Email,India,North Brettville,Female,18-24
44344,2025-04-26T12:52:29.689Z,Referral,India,South Christinebury,Female,25-34
44352,2025-05-17T12:52:29.689Z,Email,India,New Donnaview,Female,18-24
44354,2025-05-13T12:52:29.689Z,Influencer,India,Matthewfurt,Female,35-44
44358,2025-06-10T12:52:29.689Z,Paid Ads,India,South Jennifer,Male,45+
44379,2025-09-09T12:52:29.689Z,Email,India,Lake Deniseville,Female,18-24
44386,2025-09-27T12:52:29.689Z,Paid Ads,India,North Alicia,Male,45+
44387,2026-01-12T12:52:29.689Z,Organic,India,Port Stanley,Male,45+
44393,2025-11-19T12:52:29.689Z,Organic,India,West Anthonyburgh,Other,25-34
44407,2025-11-09T12:52:29.689Z,Email,India,New Matthew,Male,25-34
44420,2026-02-23T12:52:29.689Z,Organic,India,North Jeffreystad,Male,45+
44423,2025-11-06T12:52:29.689Z,Referral,India,Port Maureenmouth,Male,45+
44424,2025-10-10T12:52:29.689Z,Paid Ads,India,East Melissaview,Male,25-34
44433,2025-07-06T12:52:29.689Z,Paid Ads,India,Karenfort,Other,25-34
44438,2025-11-19T12:52:29.689Z,Organic,India,Marquezmouth,Female,18-24
44440,2025-08-16T12:52:29.689Z,Referral,India,Reyeston,Other,45+
44449,2025-07-26T12:52:29.689Z,Referral,India,West Chad,Female,25-34
44451,2025-09-04T12:52:29.689Z,Email,India,Jameston,Male,18-24
44452,2025-07-02T12:52:29.689Z,Email,India,Dorothystad,Female,25-34
44459,2025-05-01T12:52:29.689Z,Email,India,Timothyton,Other,35-44
44464,2026-02-08T12:52:29.689Z,Email,India,North Marcfort,Female,25-34
44478,2025-08-25T12:52:29.689Z,Email,India,Watsonchester,Other,35-44
44482,2025-10-16T12:52:29.689Z,Referral,India,Lake Sara,Other,18-24
44485,2025-05-13T12:52:29.689Z,Email,India,Lake Chelseamouth,Male,35-44
44488,2025-05-10T12:52:29.689Z,Referral,India,West Megan,Female,18-24
44492,2025-04-11T12:52:29.689Z,Email,India,Danielhaven,Male,18-24
44496,2026-01-06T12:52:29.689Z,Organic,India,Lake Joshua,Female,35-44
44506,2025-06-09T12:52:29.689Z,Paid Ads,India,New Kenneth,Other,25-34
44525,2025-06-01T12:52:29.689Z,Paid Ads,India,Alexisburgh,Female,18-24
44526,2025-03-08T12:52:29.689Z,Referral,India,Markshire,Female,25-34
44529,2025-05-29T12:52:29.689Z,Influencer,India,South Keith,Female,45+
44532,2025-09-30T12:52:29.689Z,Paid Ads,India,New Jane,Other,25-34
44540,2025-11-25T12:52:29.689Z,Referral,India,East Keithchester,Other,35-44
44544,2025-04-04T12:52:29.689Z,Influencer,India,Harrisonport,Other,45+
44548,2025-11-16T12:52:29.689Z,Influencer,India,New Cynthia,Other,45+
44552,2026-01-24T12:52:29.689Z,Organic,India,Lake Stevenland,Other,45+
44557,2025-12-23T12:52:29.689Z,Influencer,India,North Brittanyfurt,Male,18-24
44566,2026-01-13T12:52:29.689Z,Paid Ads,India,Clarkstad,Male,45+
44567,2025-11-26T12:52:29.689Z,Organic,India,Lake Danielville,Female,18-24
44583,2025-05-05T12:52:29.689Z,Email,India,South Robert,Female,18-24
44590,2025-03-01T12:52:29.689Z,Paid Ads,India,Troyview,Male,18-24
44598,2025-12-31T12:52:29.689Z,Influencer,India,Lake Jason,Male,25-34
44600,2025-04-30T12:52:29.689Z,Paid Ads,India,South Bruce,Female,35-44
44616,2025-08-07T12:52:29.689Z,Email,India,Maryfort,Male,45+
44633,2026-02-03T12:52:29.689Z,Influencer,India,Wrightberg,Other,18-24
44634,2025-06-21T12:52:29.689Z,Organic,India,Whiteview,Female,18-24
44635,2026-02-25T12:52:29.689Z,Paid Ads,India,Jenniferside,Other,35-44
44641,2025-03-02T12:52:29.689Z,Referral,India,North Samantha,Female,18-24
44644,2025-04-15T12:52:29.689Z,Email,India,Leahburgh,Male,45+
44647,2025-10-26T12:52:29.689Z,Referral,India,West Matthew,Female,35-44
44650,2025-05-25T12:52:29.689Z,Paid Ads,India,Stephenburgh,Male,25-34
44662,2025-05-27T12:52:29.689Z,Referral,India,New Roger,Other,25-34
44664,2025-08-15T12:52:29.689Z,Influencer,India,Port Danielleton,Other,25-34
44671,2026-02-28T12:52:29.689Z,Email,India,Aliciastad,Male,45+
44672,2025-11-06T12:52:29.689Z,Referral,India,Dustinmouth,Other,25-34
44676,2025-04-16T12:52:29.689Z,Organic,India,Ronaldchester,Female,18-24
44680,2025-09-13T12:52:29.689Z,Referral,India,Lake Abigailton,Other,25-34
44683,2025-09-27T12:52:29.689Z,Organic,India,South Paulaland,Male,18-24
44691,2025-03-14T12:52:29.689Z,Organic,India,North Jenniferburgh,Female,35-44
44697,2025-09-16T12:52:29.689Z,Email,India,Coleberg,Male,35-44
44708,2025-10-29T12:52:29.689Z,Paid Ads,India,West Erikmouth,Male,45+
44714,2025-09-29T12:52:29.689Z,Paid Ads,India,South Eric,Female,25-34
44729,2025-03-17T12:52:29.689Z,Paid Ads,India,Allenchester,Male,35-44
44736,2025-11-27T12:52:29.689Z,Influencer,India,Davidberg,Male,45+
44740,2025-05-24T12:52:29.689Z,Referral,India,Benjaminside,Male,25-34
44741,2026-01-09T12:52:29.689Z,Email,India,Joshuaton,Female,18-24
44743,2025-04-07T12:52:29.689Z,Email,India,East Edward,Female,45+
44749,2025-07-27T12:52:29.689Z,Organic,India,Tiffanystad,Other,18-24
44754,2025-09-11T12:52:29.689Z,Referral,India,Lake Johnbury,Other,35-44
44764,2025-04-11T12:52:29.689Z,Organic,India,Andersonchester,Other,35-44
44766,2025-10-10T12:52:29.689Z,Organic,India,East Ryan,Male,18-24
44776,2025-09-15T12:52:29.689Z,Paid Ads,India,Arroyotown,Other,18-24
44777,2025-03-05T12:52:29.689Z,Organic,India,East Williamfort,Male,35-44
44802,2025-04-06T12:52:29.689Z,Paid Ads,India,Lake Michelleview,Female,18-24
44814,2025-08-17T12:52:29.689Z,Email,India,New Jose,Male,45+
44815,2025-11-01T12:52:29.689Z,Paid Ads,India,West Samuelport,Female,25-34
44824,2026-02-12T12:52:29.689Z,Paid Ads,India,Angelamouth,Female,18-24
44831,2025-11-06T12:52:29.689Z,Paid Ads,India,Lake Laurenville,Female,45+
44842,2025-09-04T12:52:29.689Z,Referral,India,Melissafort,Male,18-24
44845,2025-06-03T12:52:29.689Z,Organic,India,Lake Alexisview,Other,35-44
44855,2025-03-30T12:52:29.689Z,Referral,India,West Elizabeth,Other,25-34
44865,2025-08-17T12:52:29.689Z,Email,India,Pagefort,Female,25-34
44868,2025-09-26T12:52:29.689Z,Organic,India,Annatown,Female,35-44
44870,2025-03-05T12:52:29.689Z,Influencer,India,South Steventon,Other,45+
44882,2025-07-13T12:52:29.689Z,Paid Ads,India,Lake Robert,Male,18-24
44890,2025-10-07T12:52:29.689Z,Organic,India,North Stephen,Other,25-34
44897,2025-12-09T12:52:29.689Z,Paid Ads,India,Lake Rachel,Other,25-34
44902,2026-02-18T12:52:29.689Z,Influencer,India,Port Stephanie,Male,35-44
44915,2025-07-05T12:52:29.689Z,Referral,India,West Jason,Male,25-34
44921,2025-04-23T12:52:29.689Z,Organic,India,Lewisstad,Male,45+
44926,2025-12-04T12:52:29.689Z,Influencer,India,South Barryland,Male,35-44
44932,2026-02-12T12:52:29.689Z,Organic,India,North David,Other,25-34
44941,2025-12-17T12:52:29.689Z,Influencer,India,Wilsonland,Other,25-34
44949,2025-10-05T12:52:29.689Z,Influencer,India,Krystalside,Female,25-34
44951,2025-05-01T12:52:29.689Z,Email,India,New Kathryn,Other,18-24
44972,2025-05-17T12:52:29.689Z,Organic,India,Glennville,Female,25-34
44973,2025-10-30T12:52:29.689Z,Email,India,Carrmouth,Female,18-24
44975,2025-08-20T12:52:29.689Z,Influencer,India,Port Mario,Female,45+
44980,2025-12-30T12:52:29.689Z,Paid Ads,India,Collinschester,Other,45+
44989,2025-07-16T12:52:29.689Z,Paid Ads,India,Port Jamesview,Other,18-24
44990,2025-09-26T12:52:29.689Z,Organic,India,New Gavin,Female,35-44
44997,2025-05-15T12:52:29.689Z,Organic,India,West Natasha,Female,18-24
45006,2025-07-11T12:52:29.689Z,Influencer,India,Jonesmouth,Female,25-34
45019,2025-06-19T12:52:29.689Z,Organic,India,Kirkbury,Female,45+
45023,2026-01-31T12:52:29.689Z,Influencer,India,Port Amandaberg,Other,45+
45024,2025-11-11T12:52:29.689Z,Email,India,Kevinburgh,Other,35-44
45025,2025-10-04T12:52:29.689Z,Paid Ads,India,Ericville,Other,35-44
45039,2025-11-15T12:52:29.689Z,Organic,India,East Alfred,Female,45+
45040,2025-09-27T12:52:29.689Z,Influencer,India,Allenburgh,Male,45+
45041,2025-10-16T12:52:29.689Z,Email,India,North Charles,Other,45+
45043,2025-11-20T12:52:29.689Z,Paid Ads,India,West Michaelchester,Other,35-44
45047,2025-07-29T12:52:29.689Z,Paid Ads,India,Lewisland,Female,45+
45048,2025-11-27T12:52:29.689Z,Organic,India,New Walterport,Other,18-24
45049,2025-12-09T12:52:29.689Z,Referral,India,Taylorhaven,Female,25-34
45055,2025-08-18T12:52:29.689Z,Influencer,India,Sarahside,Female,45+
45060,2025-06-08T12:52:29.689Z,Referral,India,Danielland,Male,18-24
45062,2025-05-29T12:52:29.689Z,Referral,India,South Richard,Male,45+
45075,2025-07-29T12:52:29.689Z,Influencer,India,Jordanfurt,Female,25-34
45085,2025-03-12T12:52:29.689Z,Influencer,India,New Rickymouth,Other,25-34
45087,2025-08-24T12:52:29.689Z,Organic,India,Christineport,Other,35-44
45089,2026-02-15T12:52:29.689Z,Organic,India,East Seth,Male,25-34
45093,2025-07-13T12:52:29.689Z,Email,India,North Jonathan,Other,35-44
45116,2025-09-17T12:52:29.689Z,Referral,India,Kimberlyside,Male,25-34
45132,2025-05-01T12:52:29.689Z,Paid Ads,India,Coreyhaven,Female,45+
45142,2025-08-22T12:52:29.689Z,Influencer,India,Jesseborough,Male,35-44
45148,2025-07-24T12:52:29.689Z,Email,India,Larrystad,Other,45+
45156,2025-06-12T12:52:29.689Z,Organic,India,Jensenshire,Other,25-34
45163,2026-02-26T12:52:29.689Z,Paid Ads,India,Aaronhaven,Male,35-44
45168,2025-03-18T12:52:29.689Z,Influencer,India,South Faithland,Other,18-24
45179,2025-07-18T12:52:29.689Z,Paid Ads,India,West Saraberg,Male,35-44
45180,2025-04-06T12:52:29.689Z,Organic,India,Fritzbury,Female,45+
45186,2025-06-17T12:52:29.689Z,Organic,India,Timothytown,Male,45+
45191,2025-04-13T12:52:29.689Z,Organic,India,Port Brenda,Other,18-24
45197,2025-07-06T12:52:29.689Z,Email,India,Andersonhaven,Other,45+
45212,2025-06-25T12:52:29.689Z,Paid Ads,India,East Mariachester,Male,18-24
45213,2025-03-10T12:52:29.689Z,Organic,India,Jamesmouth,Female,45+
45221,2025-04-08T12:52:29.689Z,Influencer,India,Austinshire,Female,18-24
45223,2026-01-08T12:52:29.689Z,Paid Ads,India,Kempborough,Male,25-34
45225,2026-02-01T12:52:29.689Z,Referral,India,West Latoya,Other,35-44
45231,2025-08-31T12:52:29.689Z,Influencer,India,Thomasfurt,Male,35-44
45232,2025-06-11T12:52:29.689Z,Influencer,India,Billyfort,Other,45+
45252,2025-07-13T12:52:29.689Z,Referral,India,Port Ryan,Other,35-44
45253,2025-12-26T12:52:29.689Z,Email,India,Hudsonbury,Other,18-24
45254,2025-10-05T12:52:29.689Z,Influencer,India,East Katherine,Male,35-44
45258,2025-04-25T12:52:29.689Z,Influencer,India,East Davidton,Female,18-24
45269,2026-02-21T12:52:29.689Z,Referral,India,Leeland,Other,25-34
45271,2025-05-01T12:52:29.689Z,Email,India,West Alexander,Male,18-24
45273,2025-11-17T12:52:29.689Z,Paid Ads,India,Lake Charles,Other,25-34
45276,2025-06-29T12:52:29.689Z,Influencer,India,Port Richard,Other,35-44
45281,2025-12-30T12:52:29.689Z,Paid Ads,India,East Julia,Male,35-44
45286,2025-03-16T12:52:29.689Z,Paid Ads,India,Clarkside,Male,35-44
45287,2025-11-03T12:52:29.689Z,Influencer,India,Port Brittany,Female,18-24
45293,2025-09-14T12:52:29.689Z,Referral,India,Morganville,Other,25-34
45294,2025-03-14T12:52:29.689Z,Referral,India,Michellehaven,Female,45+
45296,2025-05-30T12:52:29.689Z,Email,India,Tammyside,Other,18-24
45298,2025-05-26T12:52:29.689Z,Email,India,Chenfort,Other,25-34
45305,2026-02-18T12:52:29.689Z,Email,India,Hardyshire,Male,18-24
45321,2025-04-19T12:52:29.689Z,Organic,India,Frankside,Other,35-44
45323,2025-11-28T12:52:29.689Z,Referral,India,East Molly,Other,18-24
45324,2025-07-13T12:52:29.689Z,Influencer,India,East Lindseyland,Male,35-44
45328,2025-09-08T12:52:29.689Z,Referral,India,Maldonadoburgh,Male,18-24
45336,2025-06-20T12:52:29.689Z,Referral,India,East Keith,Male,18-24
45339,2025-05-06T12:52:29.689Z,Paid Ads,India,New Anneland,Other,25-34
45341,2026-02-21T12:52:29.689Z,Paid Ads,India,Brianaton,Male,45+
45348,2025-08-18T12:52:29.689Z,Organic,India,Lake Tammy,Other,45+
45349,2025-05-27T12:52:29.689Z,Organic,India,Michellefurt,Female,45+
45361,2025-03-04T12:52:29.689Z,Referral,India,Brooksstad,Female,18-24
45365,2025-09-28T12:52:29.689Z,Email,India,Lake Danielbury,Male,18-24
45374,2025-12-17T12:52:29.689Z,Organic,India,Lake William,Female,45+
45393,2025-09-15T12:52:29.689Z,Referral,India,Allenland,Female,35-44
45396,2025-06-01T12:52:29.689Z,Influencer,India,Katiemouth,Female,45+
45415,2026-01-25T12:52:29.689Z,Influencer,India,Nobletown,Other,35-44
45436,2025-08-24T12:52:29.689Z,Organic,India,Nancychester,Male,18-24
45437,2026-01-10T12:52:29.689Z,Influencer,India,New Markmouth,Female,35-44
45438,2025-11-17T12:52:29.689Z,Paid Ads,India,West Melissaborough,Other,35-44
45450,2025-10-14T12:52:29.689Z,Paid Ads,India,Hallmouth,Female,35-44
45454,2026-02-28T12:52:29.689Z,Influencer,India,South Lauren,Other,35-44
45460,2025-05-22T12:52:29.689Z,Paid Ads,India,Port Jessechester,Female,45+
45483,2026-01-07T12:52:29.689Z,Organic,India,Alexburgh,Male,45+
45487,2026-02-07T12:52:29.689Z,Referral,India,Danielview,Male,45+
45497,2025-05-01T12:52:29.689Z,Organic,India,South Dale,Male,35-44
45508,2025-04-05T12:52:29.689Z,Email,India,Johnsonmouth,Female,35-44
45530,2026-01-05T12:52:29.689Z,Paid Ads,India,Kristyhaven,Female,35-44
45536,2025-04-12T12:52:29.689Z,Paid Ads,India,New Joel,Male,25-34
45537,2025-11-29T12:52:29.689Z,Organic,India,Clarkport,Other,18-24
45538,2025-06-12T12:52:29.689Z,Influencer,India,Lyonsberg,Other,25-34
45546,2025-11-17T12:52:29.689Z,Email,India,North Brian,Male,18-24
45547,2025-12-08T12:52:29.689Z,Email,India,Jacquelineview,Female,25-34
45552,2025-06-18T12:52:29.689Z,Referral,India,North Elizabethville,Female,18-24
45554,2025-05-15T12:52:29.689Z,Organic,India,New Marystad,Other,18-24
45558,2025-05-08T12:52:29.689Z,Influencer,India,Diaztown,Other,35-44
45574,2025-06-23T12:52:29.689Z,Referral,India,North Saratown,Other,25-34
45575,2025-12-14T12:52:29.689Z,Referral,India,Stewarttown,Other,18-24
45576,2025-08-31T12:52:29.689Z,Email,India,Evansview,Female,18-24
45581,2025-09-02T12:52:29.689Z,Email,India,New Victoria,Male,18-24
45585,2025-03-27T12:52:29.689Z,Influencer,India,Port Alyssa,Other,18-24
45588,2025-07-06T12:52:29.689Z,Paid Ads,India,Jeffreystad,Other,18-24
45589,2025-10-01T12:52:29.689Z,Email,India,Ashleystad,Other,25-34
45598,2025-08-12T12:52:29.689Z,Referral,India,North Johntown,Other,35-44
45599,2025-06-01T12:52:29.689Z,Paid Ads,India,West Joy,Female,35-44
45601,2025-12-08T12:52:29.689Z,Paid Ads,India,Lake Amanda,Other,18-24
45604,2025-09-25T12:52:29.689Z,Influencer,India,Port James,Female,35-44
45605,2025-04-05T12:52:29.689Z,Paid Ads,India,Jonesfurt,Male,45+
45610,2025-05-10T12:52:29.689Z,Organic,India,Jenniferberg,Other,45+
45618,2025-10-14T12:52:29.689Z,Influencer,India,East Natalie,Male,35-44
45622,2025-12-23T12:52:29.689Z,Organic,India,Rosefurt,Male,45+
45629,2025-07-23T12:52:29.689Z,Email,India,South Timothytown,Other,45+
45639,2025-11-25T12:52:29.689Z,Paid Ads,India,New Robertborough,Female,45+
45642,2025-03-07T12:52:29.689Z,Organic,India,Johnburgh,Other,45+
45643,2026-01-19T12:52:29.689Z,Paid Ads,India,Collinsburgh,Male,18-24
45653,2026-02-23T12:52:29.689Z,Organic,India,West Chris,Other,35-44
45659,2025-03-06T12:52:29.689Z,Email,India,Smithstad,Female,18-24
45680,2025-07-16T12:52:29.689Z,Email,India,Millerside,Male,18-24
45690,2026-02-12T12:52:29.689Z,Organic,India,New Jamesmouth,Male,35-44
45696,2025-10-26T12:52:29.689Z,Influencer,India,Port Jessicabury,Male,45+
45705,2025-09-11T12:52:29.689Z,Influencer,India,Lake Angela,Female,35-44
45718,2025-12-07T12:52:29.689Z,Influencer,India,Scottchester,Female,25-34
45721,2025-06-02T12:52:29.689Z,Email,India,Daviston,Female,25-34
45730,2026-01-30T12:52:29.689Z,Email,India,Lake Ashleyburgh,Male,18-24
45734,2025-04-29T12:52:29.689Z,Referral,India,Natashashire,Female,35-44
45736,2025-12-19T12:52:29.689Z,Influencer,India,New Emma,Male,18-24
45737,2025-12-08T12:52:29.689Z,Email,India,Jamesmouth,Male,25-34
45741,2025-12-07T12:52:29.689Z,Paid Ads,India,West Robert,Male,25-34
45742,2025-08-26T12:52:29.689Z,Paid Ads,India,West Jeffrey,Female,18-24
45754,2026-01-16T12:52:29.689Z,Email,India,Millermouth,Male,45+
45786,2025-09-22T12:52:29.689Z,Paid Ads,India,Austinborough,Male,25-34
45796,2025-11-02T12:52:29.689Z,Influencer,India,Frankchester,Male,35-44
45812,2025-06-25T12:52:29.689Z,Influencer,India,Port Jeffery,Other,45+
45815,2025-11-12T12:52:29.689Z,Organic,India,North Randallborough,Male,35-44
45817,2025-09-25T12:52:29.689Z,Organic,India,New Richard,Male,18-24
45835,2025-03-25T12:52:29.689Z,Referral,India,Latoyachester,Female,45+
45839,2025-12-18T12:52:29.689Z,Email,India,Josephmouth,Female,18-24
45852,2025-06-18T12:52:29.689Z,Referral,India,East Ginatown,Male,25-34
45853,2025-07-25T12:52:29.689Z,Referral,India,Melissamouth,Male,18-24
45860,2025-08-06T12:52:29.689Z,Influencer,India,East Elizabeth,Other,35-44
45864,2026-01-18T12:52:29.689Z,Referral,India,Cookland,Male,18-24
45878,2025-08-08T12:52:29.689Z,Influencer,India,Cainport,Female,45+
45885,2025-10-29T12:52:29.689Z,Referral,India,Hansonport,Male,25-34
45904,2025-05-15T12:52:29.689Z,Referral,India,Rossport,Other,18-24
45911,2025-07-23T12:52:29.689Z,Influencer,India,Virginialand,Other,18-24
45915,2025-10-02T12:52:29.689Z,Referral,India,Lake Douglas,Male,18-24
45925,2026-02-20T12:52:29.689Z,Referral,India,North Amy,Male,45+
45929,2025-08-14T12:52:29.689Z,Organic,India,Lake Carolport,Male,18-24
45934,2026-01-09T12:52:29.689Z,Email,India,Claudiaview,Other,35-44
45937,2026-02-25T12:52:29.689Z,Influencer,India,Port Jessicaburgh,Other,25-34
45947,2025-07-24T12:52:29.689Z,Referral,India,Lake Ericport,Female,35-44
45948,2025-05-27T12:52:29.689Z,Email,India,Rangelborough,Female,18-24
45963,2026-01-27T12:52:29.689Z,Email,India,Bestfurt,Other,45+
45967,2025-03-25T12:52:29.689Z,Organic,India,West Andrew,Other,18-24
45970,2025-08-06T12:52:29.689Z,Paid Ads,India,Port Elizabethside,Male,35-44
45982,2025-04-05T12:52:29.689Z,Organic,India,East Carrie,Male,35-44
45984,2026-02-10T12:52:29.689Z,Email,India,Laneton,Female,45+
45987,2025-08-06T12:52:29.689Z,Organic,India,Lake Kim,Female,45+
45989,2025-04-16T12:52:29.689Z,Influencer,India,Johnsontown,Male,25-34
45993,2025-12-17T12:52:29.689Z,Paid Ads,India,North Christine,Female,18-24
46004,2025-07-10T12:52:29.689Z,Influencer,India,North Michaelhaven,Male,25-34
46005,2025-11-23T12:52:29.689Z,Paid Ads,India,New Jane,Other,35-44
46006,2025-07-03T12:52:29.689Z,Organic,India,Ashleyfurt,Female,35-44
46007,2025-03-22T12:52:29.689Z,Influencer,India,South Timothyport,Female,35-44
46014,2025-11-27T12:52:29.689Z,Paid Ads,India,Greenview,Other,25-34
46021,2025-04-26T12:52:29.689Z,Organic,India,East Paulland,Male,45+
46026,2025-12-12T12:52:29.689Z,Referral,India,Onealfurt,Male,45+
46037,2026-02-04T12:52:29.689Z,Referral,India,Kimberlyton,Other,25-34
46061,2025-05-28T12:52:29.689Z,Organic,India,Coxborough,Female,25-34
46070,2025-05-27T12:52:29.689Z,Referral,India,Reedstad,Other,35-44
46081,2026-02-14T12:52:29.689Z,Organic,India,Justinberg,Female,45+
46082,2025-03-14T12:52:29.689Z,Referral,India,Lake Dakota,Male,18-24
46084,2025-11-19T12:52:29.689Z,Organic,India,New Christine,Female,25-34
46116,2025-07-07T12:52:29.689Z,Email,India,South Kimberly,Other,45+
46128,2026-01-25T12:52:29.689Z,Influencer,India,Gomezside,Female,35-44
46130,2025-06-04T12:52:29.689Z,Influencer,India,South Adamfort,Female,25-34
46134,2025-11-19T12:52:29.689Z,Organic,India,Jenniferfurt,Other,25-34
46142,2026-02-22T12:52:29.689Z,Organic,India,Saraview,Male,35-44
46159,2025-06-10T12:52:29.689Z,Influencer,India,South Franciscofurt,Male,35-44
46165,2026-02-12T12:52:29.689Z,Email,India,Corteztown,Other,35-44
46166,2026-02-04T12:52:29.689Z,Influencer,India,Destinyside,Other,25-34
46167,2025-07-04T12:52:29.689Z,Influencer,India,South Jenniferberg,Female,18-24
46168,2025-03-03T12:52:29.689Z,Email,India,North Karenhaven,Male,45+
46171,2025-12-18T12:52:29.689Z,Referral,India,Natalietown,Female,45+
46173,2025-06-04T12:52:29.689Z,Paid Ads,India,Connieberg,Other,35-44
46178,2025-07-30T12:52:29.689Z,Organic,India,Mooreview,Female,35-44
46201,2026-02-17T12:52:29.689Z,Paid Ads,India,Michaeltown,Other,45+
46206,2025-08-27T12:52:29.689Z,Paid Ads,India,Emilyshire,Female,18-24
46207,2025-07-13T12:52:29.689Z,Email,India,East Kevinfurt,Female,45+
46213,2025-11-18T12:52:29.689Z,Referral,India,Teresachester,Other,25-34
46216,2025-03-24T12:52:29.689Z,Influencer,India,Port Marytown,Male,18-24
46225,2025-08-21T12:52:29.689Z,Influencer,India,New Amy,Male,25-34
46245,2026-02-05T12:52:29.689Z,Email,India,Crossville,Female,35-44
46258,2025-05-27T12:52:29.689Z,Organic,India,East Natashaland,Other,45+
46280,2025-08-17T12:52:29.689Z,Organic,India,Brockshire,Other,45+
46283,2026-02-20T12:52:29.689Z,Referral,India,Port Mariah,Male,18-24
46288,2025-06-03T12:52:29.689Z,Referral,India,Erictown,Female,25-34
46291,2026-02-28T12:52:29.689Z,Referral,India,Thomasborough,Other,18-24
46293,2025-03-06T12:52:29.689Z,Email,India,Silvaville,Female,18-24
46299,2025-11-26T12:52:29.689Z,Paid Ads,India,Nicholasberg,Other,35-44
46301,2025-04-30T12:52:29.689Z,Email,India,New Kristinbury,Other,25-34
46306,2026-01-11T12:52:29.689Z,Email,India,Port Leah,Male,25-34
46309,2025-07-16T12:52:29.689Z,Organic,India,Brianbury,Female,45+
46311,2025-06-03T12:52:29.689Z,Organic,India,Smithfurt,Female,25-34
46313,2025-11-11T12:52:29.689Z,Organic,India,Erinburgh,Female,25-34
46321,2025-05-19T12:52:29.689Z,Organic,India,North Kathleen,Male,45+
46324,2025-11-20T12:52:29.689Z,Email,India,East Kathleen,Female,18-24
46338,2025-04-06T12:52:29.689Z,Referral,India,West Robert,Other,25-34
46346,2025-05-06T12:52:29.689Z,Influencer,India,Port Meganbury,Other,45+
46359,2025-05-01T12:52:29.689Z,Paid Ads,India,West Theresa,Male,45+
46361,2025-12-11T12:52:29.689Z,Paid Ads,India,Lindamouth,Male,45+
46362,2025-04-11T12:52:29.689Z,Influencer,India,Alexaside,Male,18-24
46363,2026-02-21T12:52:29.689Z,Referral,India,Port Sharon,Female,25-34
46375,2025-04-24T12:52:29.689Z,Paid Ads,India,Haleystad,Other,45+
46379,2025-11-08T12:52:29.689Z,Paid Ads,India,North Vincent,Male,35-44
46388,2025-09-19T12:52:29.689Z,Paid Ads,India,South Benjamin,Male,45+
46390,2025-07-31T12:52:29.689Z,Referral,India,Hammondborough,Female,45+
46391,2025-07-12T12:52:29.689Z,Organic,India,Butlershire,Female,18-24
46393,2025-06-28T12:52:29.689Z,Organic,India,West Markbury,Male,35-44
46402,2025-04-19T12:52:29.689Z,Referral,India,Port Benjamin,Female,18-24
46405,2026-01-08T12:52:29.689Z,Organic,India,Port Christopher,Male,25-34
46407,2025-08-19T12:52:29.689Z,Influencer,India,Sharonport,Female,18-24
46408,2026-02-20T12:52:29.689Z,Referral,India,South Amy,Female,25-34
46412,2025-05-13T12:52:29.689Z,Email,India,Phillipsshire,Male,35-44
46415,2025-06-21T12:52:29.689Z,Organic,India,West Angela,Male,18-24
46420,2025-03-21T12:52:29.689Z,Paid Ads,India,Deniseside,Female,45+
46424,2026-01-18T12:52:29.689Z,Email,India,Rogersberg,Other,25-34
46431,2025-11-30T12:52:29.689Z,Organic,India,Markview,Male,45+
46432,2025-07-22T12:52:29.689Z,Influencer,India,Wendyhaven,Male,45+
46433,2026-01-08T12:52:29.689Z,Referral,India,Zacharymouth,Other,35-44
46445,2025-07-20T12:52:29.689Z,Organic,India,Thomasview,Male,35-44
46448,2025-03-04T12:52:29.689Z,Influencer,India,Codychester,Male,45+
46451,2025-03-27T12:52:29.689Z,Influencer,India,Hallview,Other,35-44
46471,2025-03-20T12:52:29.689Z,Email,India,Charlesborough,Other,25-34
46481,2025-12-02T12:52:29.689Z,Organic,India,Port Coreyside,Male,25-34
46486,2025-10-04T12:52:29.689Z,Organic,India,North Donnaville,Female,18-24
46489,2025-07-09T12:52:29.689Z,Organic,India,Johnsonmouth,Other,45+
46491,2025-10-24T12:52:29.689Z,Referral,India,South Michael,Male,35-44
46497,2025-07-02T12:52:29.689Z,Referral,India,Nicoletown,Female,25-34
46498,2026-01-16T12:52:29.689Z,Referral,India,Angelaborough,Female,35-44
46504,2025-05-15T12:52:29.689Z,Organic,India,New Jenniferton,Other,45+
46513,2025-09-11T12:52:29.689Z,Paid Ads,India,North Kathrynville,Female,25-34
46514,2026-01-19T12:52:29.689Z,Organic,India,Lake Justinland,Other,45+
46521,2025-11-29T12:52:29.689Z,Organic,India,Garciastad,Female,25-34
46543,2025-03-26T12:52:29.689Z,Email,India,Jeffreyborough,Female,35-44
46544,2025-03-12T12:52:29.689Z,Organic,India,New Kellyport,Male,35-44
46545,2025-11-08T12:52:29.689Z,Paid Ads,India,Port Scott,Male,25-34
46567,2025-03-14T12:52:29.689Z,Influencer,India,Port Amanda,Other,25-34
46568,2026-02-09T12:52:29.689Z,Email,India,Kyleside,Female,45+
46576,2025-10-18T12:52:29.689Z,Organic,India,Port Jamesstad,Female,35-44
46586,2026-02-02T12:52:29.689Z,Influencer,India,New Melaniestad,Male,35-44
46590,2025-04-13T12:52:29.689Z,Referral,India,New Vanessachester,Male,25-34
46598,2025-03-08T12:52:29.689Z,Paid Ads,India,South Emilyton,Other,25-34
46602,2025-07-18T12:52:29.689Z,Email,India,Port Christopher,Other,18-24
46651,2025-08-30T12:52:29.689Z,Influencer,India,Heatherbury,Other,18-24
46652,2025-08-18T12:52:29.689Z,Paid Ads,India,Bobberg,Female,18-24
46662,2025-06-24T12:52:29.689Z,Influencer,India,West Brianstad,Female,35-44
46682,2025-11-14T12:52:29.689Z,Influencer,India,Lisamouth,Other,25-34
46683,2025-11-08T12:52:29.689Z,Email,India,East Laurafurt,Other,35-44
46684,2025-09-22T12:52:29.689Z,Referral,India,North Kimberly,Other,45+
46685,2025-03-05T12:52:29.689Z,Paid Ads,India,Lake Kevin,Female,45+
46692,2025-03-03T12:52:29.689Z,Organic,India,Michellefort,Other,45+
46704,2026-01-01T12:52:29.689Z,Paid Ads,India,Port Jessicafurt,Other,25-34
46710,2025-12-24T12:52:29.689Z,Email,India,North Ruth,Female,45+
46718,2025-11-08T12:52:29.689Z,Paid Ads,India,Jenningsbury,Female,35-44
46721,2025-03-25T12:52:29.689Z,Referral,India,Gordonside,Female,18-24
46731,2025-03-20T12:52:29.689Z,Organic,India,Lindaport,Male,45+
46746,2025-03-15T12:52:29.689Z,Influencer,India,Port Nicholasmouth,Female,45+
46747,2025-12-08T12:52:29.689Z,Email,India,New Annamouth,Female,25-34
46750,2025-11-11T12:52:29.689Z,Influencer,India,Richardmouth,Female,35-44
46751,2025-12-24T12:52:29.689Z,Email,India,Judithville,Other,18-24
46761,2025-12-29T12:52:29.689Z,Paid Ads,India,Kellieborough,Female,35-44
46762,2026-01-12T12:52:29.689Z,Organic,India,Jeremymouth,Female,35-44
46766,2025-07-13T12:52:29.689Z,Email,India,Wilkinsonbury,Other,25-34
46769,2025-12-24T12:52:29.689Z,Influencer,India,Christopherburgh,Female,18-24
46776,2025-12-22T12:52:29.689Z,Influencer,India,Lake Tammy,Other,18-24
46778,2025-06-10T12:52:29.689Z,Referral,India,East Amberchester,Female,45+
46781,2025-08-08T12:52:29.689Z,Email,India,Port Ashleyshire,Male,35-44
46786,2025-07-27T12:52:29.689Z,Organic,India,West Davidbury,Male,45+
46808,2026-01-22T12:52:29.689Z,Referral,India,Daniellestad,Male,18-24
46811,2025-11-14T12:52:29.689Z,Organic,India,Danielburgh,Male,18-24
46825,2025-05-04T12:52:29.689Z,Organic,India,Anthonymouth,Male,45+
46830,2025-08-01T12:52:29.689Z,Paid Ads,India,Watsonchester,Other,25-34
46831,2025-04-22T12:52:29.689Z,Email,India,North Cynthia,Other,25-34
46844,2025-09-01T12:52:29.689Z,Email,India,Phillipsside,Other,25-34
46848,2025-03-23T12:52:29.689Z,Referral,India,North Ryan,Other,35-44
46854,2025-11-22T12:52:29.689Z,Influencer,India,Port Anthony,Female,25-34
46866,2025-05-23T12:52:29.689Z,Email,India,Benjaminport,Other,18-24
46870,2025-04-21T12:52:29.689Z,Referral,India,Johnnyshire,Other,18-24
46881,2025-05-28T12:52:29.689Z,Referral,India,East Erinville,Female,45+
46884,2025-07-23T12:52:29.689Z,Influencer,India,Russoton,Other,18-24
46889,2025-03-22T12:52:29.689Z,Referral,India,Gardnerhaven,Female,18-24
46902,2025-03-14T12:52:29.689Z,Organic,India,Campbellfort,Male,18-24
46903,2025-12-04T12:52:29.689Z,Influencer,India,New Ambertown,Female,18-24
46905,2025-06-27T12:52:29.689Z,Referral,India,Lake Ryanton,Male,45+
46907,2026-01-03T12:52:29.689Z,Paid Ads,India,North Robertfort,Male,18-24
46929,2025-08-21T12:52:29.689Z,Referral,India,West Mikefurt,Male,18-24
46940,2025-08-03T12:52:29.689Z,Referral,India,North Robert,Male,45+
46942,2025-07-07T12:52:29.689Z,Email,India,New Tinamouth,Male,18-24
46959,2026-02-25T12:52:29.689Z,Organic,India,Nicholashaven,Other,18-24
46961,2026-01-27T12:52:29.689Z,Email,India,South Jefferyland,Female,35-44
46962,2025-08-04T12:52:29.689Z,Paid Ads,India,New Luisshire,Other,18-24
46964,2025-07-09T12:52:29.689Z,Email,India,Kerrport,Male,45+
46966,2025-06-01T12:52:29.689Z,Referral,India,Port Patriciaton,Male,18-24
46968,2025-06-08T12:52:29.689Z,Email,India,Hollowayborough,Other,35-44
46987,2025-04-27T12:52:29.689Z,Organic,India,East Katherine,Male,18-24
46998,2025-05-17T12:52:29.689Z,Influencer,India,Watersview,Other,25-34
47009,2025-08-06T12:52:29.689Z,Influencer,India,Barbarabury,Female,25-34
47025,2025-10-10T12:52:29.689Z,Organic,India,Wilkersonmouth,Other,25-34
47032,2025-07-16T12:52:29.689Z,Paid Ads,India,North Tristan,Male,45+
47035,2025-08-10T12:52:29.689Z,Organic,India,Port Stephen,Male,35-44
47037,2025-12-31T12:52:29.689Z,Email,India,North Ann,Female,35-44
47040,2025-11-13T12:52:29.689Z,Paid Ads,India,North Scott,Male,35-44
47049,2025-09-28T12:52:29.689Z,Influencer,India,Vanessatown,Other,45+
47051,2025-03-27T12:52:29.689Z,Organic,India,Dawnfort,Female,18-24
47052,2025-06-30T12:52:29.689Z,Influencer,India,East John,Male,25-34
47056,2025-07-10T12:52:29.689Z,Organic,India,Port Thomashaven,Other,35-44
47058,2025-05-21T12:52:29.689Z,Influencer,India,East Jasmine,Male,25-34
47059,2025-11-24T12:52:29.689Z,Paid Ads,India,Mossville,Female,25-34
47063,2025-05-08T12:52:29.689Z,Influencer,India,Jennifershire,Male,35-44
47082,2025-07-25T12:52:29.689Z,Paid Ads,India,Port Tinaside,Other,35-44
47089,2025-04-26T12:52:29.689Z,Email,India,South Brendaview,Other,18-24
47090,2025-10-24T12:52:29.689Z,Organic,India,Mcdonaldside,Male,45+
47101,2025-03-21T12:52:29.689Z,Organic,India,West Philipton,Other,45+
47105,2025-08-20T12:52:29.689Z,Organic,India,Jacksonborough,Other,18-24
47110,2025-12-19T12:52:29.689Z,Paid Ads,India,Port Michelle,Male,25-34
47111,2025-07-07T12:52:29.689Z,Referral,India,Hendersonport,Male,45+
47113,2025-11-29T12:52:29.689Z,Email,India,South Michael,Female,35-44
47121,2025-06-29T12:52:29.689Z,Influencer,India,East Austinbury,Male,25-34
47123,2025-12-05T12:52:29.689Z,Email,India,West Andrea,Male,45+
47124,2025-07-10T12:52:29.689Z,Email,India,Port Janiceland,Other,35-44
47133,2026-02-09T12:52:29.689Z,Referral,India,Olsonbury,Other,25-34
47134,2025-10-08T12:52:29.689Z,Email,India,Lake Lawrenceside,Male,35-44
47135,2025-07-16T12:52:29.689Z,Referral,India,Stevenland,Other,45+
47138,2025-11-17T12:52:29.689Z,Influencer,India,Ramirezhaven,Male,35-44
47147,2025-12-09T12:52:29.689Z,Referral,India,Lake Emilybury,Male,45+
47148,2025-09-11T12:52:29.689Z,Paid Ads,India,Veronicachester,Male,35-44
47157,2025-03-30T12:52:29.689Z,Referral,India,Courtneyton,Female,25-34
47167,2025-07-27T12:52:29.689Z,Organic,India,Kleinview,Male,45+
47173,2025-06-15T12:52:29.689Z,Organic,India,East Jonathanport,Female,25-34
47177,2025-03-31T12:52:29.689Z,Organic,India,Torresfort,Male,18-24
47182,2026-02-25T12:52:29.689Z,Organic,India,Sandrafort,Female,35-44
47185,2025-03-24T12:52:29.689Z,Paid Ads,India,North Codyshire,Female,35-44
47199,2025-08-21T12:52:29.689Z,Email,India,Lake Jeffreyville,Other,45+
47215,2025-04-24T12:52:29.689Z,Paid Ads,India,Robertsmouth,Female,45+
47217,2025-10-19T12:52:29.689Z,Organic,India,New Jeanside,Other,35-44
47227,2025-08-03T12:52:29.689Z,Referral,India,Hernandezborough,Male,25-34
47238,2025-06-14T12:52:29.689Z,Paid Ads,India,New Tina,Female,25-34
47243,2026-01-11T12:52:29.689Z,Influencer,India,Mooremouth,Male,25-34
47250,2025-06-18T12:52:29.689Z,Influencer,India,East Ernest,Male,25-34
47251,2025-06-08T12:52:29.689Z,Organic,India,Roseview,Male,35-44
47252,2026-01-08T12:52:29.689Z,Organic,India,Mcconnellbury,Female,35-44
47257,2025-05-17T12:52:29.689Z,Influencer,India,Lake Tonimouth,Other,35-44
47265,2025-11-01T12:52:29.689Z,Paid Ads,India,Lake Ericview,Other,35-44
47266,2026-01-08T12:52:29.689Z,Email,India,Lake William,Other,18-24
47270,2025-10-05T12:52:29.689Z,Referral,India,Wagnerside,Male,35-44
47282,2026-01-08T12:52:29.689Z,Organic,India,East Amanda,Other,35-44
47285,2025-10-30T12:52:29.689Z,Referral,India,North Linda,Female,35-44
47287,2026-01-04T12:52:29.689Z,Paid Ads,India,Jonesland,Male,25-34
47292,2025-05-31T12:52:29.689Z,Influencer,India,Sandersshire,Other,18-24
47299,2025-03-30T12:52:29.689Z,Email,India,Shawnfort,Other,25-34
47316,2025-07-13T12:52:29.689Z,Organic,India,Gabrielleburgh,Male,18-24
47331,2025-11-10T12:52:29.689Z,Email,India,South Brian,Female,45+
47337,2025-07-31T12:52:29.689Z,Referral,India,Michellechester,Male,45+
47347,2025-07-03T12:52:29.689Z,Organic,India,Lake Ariel,Male,45+
47352,2025-04-17T12:52:29.689Z,Influencer,India,Boothport,Male,35-44
47354,2025-03-30T12:52:29.689Z,Influencer,India,North Bobbyside,Female,45+
47363,2025-11-22T12:52:29.689Z,Paid Ads,India,Brownberg,Male,35-44
47364,2025-07-08T12:52:29.689Z,Referral,India,Jordanburgh,Other,35-44
47371,2025-09-16T12:52:29.689Z,Paid Ads,India,West Edward,Male,45+
47373,2025-05-26T12:52:29.689Z,Referral,India,Jeremyhaven,Male,25-34
47378,2025-09-13T12:52:29.689Z,Email,India,South Devinville,Female,18-24
47396,2025-07-13T12:52:29.689Z,Referral,India,North Tiffany,Other,18-24
47399,2025-12-08T12:52:29.689Z,Organic,India,Johnfort,Other,18-24
47419,2025-10-01T12:52:29.689Z,Organic,India,Jacobbury,Other,45+
47432,2025-08-25T12:52:29.689Z,Email,India,West Kevin,Male,35-44
47437,2025-04-07T12:52:29.689Z,Paid Ads,India,East Dustinfort,Male,35-44
47440,2026-01-17T12:52:29.689Z,Referral,India,East Laurenburgh,Male,18-24
47475,2025-11-04T12:52:29.689Z,Referral,India,East Jasonberg,Male,25-34
47484,2026-02-11T12:52:29.689Z,Referral,India,Cooperton,Other,45+
47493,2025-08-25T12:52:29.689Z,Organic,India,South Grantberg,Other,25-34
47494,2025-04-26T12:52:29.689Z,Email,India,Jenniferchester,Female,35-44
47496,2026-01-09T12:52:29.689Z,Referral,India,Mclaughlinborough,Female,35-44
47498,2025-07-28T12:52:29.689Z,Organic,India,Johnsonport,Other,35-44
47500,2025-07-05T12:52:29.689Z,Email,India,South Timothytown,Other,18-24
47506,2025-08-10T12:52:29.689Z,Organic,India,Riosburgh,Female,35-44
47518,2025-09-14T12:52:29.689Z,Organic,India,Lake Heatherside,Female,18-24
47521,2025-05-13T12:52:29.689Z,Paid Ads,India,New Patrick,Other,25-34
47522,2026-02-14T12:52:29.689Z,Referral,India,Annaside,Male,25-34
47532,2025-12-25T12:52:29.689Z,Organic,India,New Wesleymouth,Male,35-44
47549,2025-07-24T12:52:29.689Z,Paid Ads,India,Morenoport,Other,45+
47551,2025-07-01T12:52:29.689Z,Email,India,New Elizabethberg,Female,35-44
47564,2025-09-19T12:52:29.689Z,Influencer,India,West Bianca,Male,18-24
47566,2025-04-29T12:52:29.689Z,Email,India,Port Georgeshire,Male,25-34
47583,2025-06-22T12:52:29.689Z,Referral,India,Kylebury,Other,25-34
47594,2025-05-07T12:52:29.689Z,Email,India,Ashleytown,Male,45+
47595,2025-08-23T12:52:29.689Z,Referral,India,Lake Nicholas,Other,45+
47605,2025-11-13T12:52:29.689Z,Paid Ads,India,Brittanymouth,Female,18-24
47608,2025-09-13T12:52:29.689Z,Influencer,India,Riverafort,Other,25-34
47614,2025-07-10T12:52:29.689Z,Email,India,Perezville,Female,35-44
47615,2025-11-18T12:52:29.689Z,Referral,India,Lake Jenniferfort,Female,25-34
47617,2025-11-17T12:52:29.689Z,Referral,India,Ryanport,Male,45+
47619,2025-06-08T12:52:29.689Z,Influencer,India,Galvanmouth,Other,18-24
47629,2025-04-03T12:52:29.689Z,Influencer,India,Anthonyton,Male,25-34
47636,2025-12-14T12:52:29.689Z,Referral,India,Lake Warrenshire,Other,25-34
47642,2025-05-06T12:52:29.689Z,Referral,India,Joneschester,Other,25-34
47652,2025-05-01T12:52:29.689Z,Email,India,Michaelberg,Other,35-44
47670,2025-07-01T12:52:29.689Z,Paid Ads,India,East Noah,Other,18-24
47674,2025-09-19T12:52:29.689Z,Paid Ads,India,Laramouth,Other,18-24
47675,2025-09-16T12:52:29.689Z,Referral,India,South Sara,Male,25-34
47682,2025-07-19T12:52:29.689Z,Email,India,Kimberlychester,Female,18-24
47685,2025-07-04T12:52:29.689Z,Influencer,India,Vangton,Female,45+
47692,2026-02-04T12:52:29.689Z,Email,India,Port Andrew,Male,18-24
47693,2025-08-25T12:52:29.689Z,Paid Ads,India,Ryanview,Other,18-24
47705,2025-08-18T12:52:29.689Z,Organic,India,Lauratown,Male,35-44
47712,2025-06-22T12:52:29.689Z,Email,India,Lake John,Male,35-44
47720,2025-05-06T12:52:29.689Z,Influencer,India,Marshtown,Male,35-44
47724,2025-12-18T12:52:29.689Z,Paid Ads,India,East Jamie,Male,45+
47729,2025-09-12T12:52:29.689Z,Influencer,India,Stephaniefort,Female,35-44
47737,2025-10-27T12:52:29.689Z,Referral,India,North Michael,Male,45+
47738,2025-10-12T12:52:29.689Z,Organic,India,West Matthewland,Other,35-44
47739,2025-05-03T12:52:29.689Z,Influencer,India,Flemingbury,Female,25-34
47742,2025-11-19T12:52:29.689Z,Referral,India,Carlchester,Other,45+
47747,2026-02-04T12:52:29.689Z,Email,India,Dawnfurt,Other,45+
47755,2025-12-12T12:52:29.689Z,Email,India,Christopherchester,Female,25-34
47759,2025-05-01T12:52:29.689Z,Paid Ads,India,East Russell,Male,25-34
47763,2025-08-28T12:52:29.689Z,Influencer,India,West Josephfort,Other,25-34
47787,2025-08-25T12:52:29.689Z,Influencer,India,Ruthview,Male,18-24
47789,2025-10-20T12:52:29.689Z,Organic,India,South Danielmouth,Male,45+
47802,2025-04-04T12:52:29.689Z,Organic,India,Stacymouth,Other,45+
47812,2025-04-18T12:52:29.689Z,Paid Ads,India,Lake Laurenmouth,Other,25-34
47824,2026-01-09T12:52:29.689Z,Referral,India,Higginschester,Other,35-44
47833,2025-03-10T12:52:29.689Z,Paid Ads,India,Port Daniel,Male,18-24
47835,2025-06-29T12:52:29.689Z,Email,India,Port Melaniestad,Female,35-44
47836,2025-03-08T12:52:29.689Z,Email,India,West Maria,Female,18-24
47839,2025-12-16T12:52:29.689Z,Organic,India,Douglasburgh,Male,25-34
47845,2025-08-28T12:52:29.689Z,Paid Ads,India,West Shawn,Female,35-44
47846,2026-01-18T12:52:29.689Z,Email,India,Jodiport,Female,18-24
47852,2025-12-04T12:52:29.689Z,Email,India,Ramirezland,Other,45+
47854,2025-04-30T12:52:29.689Z,Organic,India,Lewisville,Male,45+
47860,2026-02-07T12:52:29.689Z,Referral,India,New Sara,Female,35-44
47862,2026-01-15T12:52:29.689Z,Organic,India,Kristinaland,Male,45+
47865,2026-01-21T12:52:29.689Z,Referral,India,Lake Brittneyland,Other,45+
47878,2025-05-26T12:52:29.689Z,Email,India,South Sara,Female,35-44
47879,2025-04-24T12:52:29.689Z,Email,India,Gillside,Male,18-24
47886,2025-04-23T12:52:29.689Z,Organic,India,Leonardtown,Other,18-24
47899,2025-10-04T12:52:29.689Z,Organic,India,West Gary,Male,45+
47904,2025-04-29T12:52:29.689Z,Referral,India,East Larry,Other,45+
47912,2026-01-08T12:52:29.689Z,Referral,India,Brandihaven,Female,45+
47934,2026-02-15T12:52:29.689Z,Referral,India,South Eric,Female,35-44
47938,2025-08-16T12:52:29.689Z,Paid Ads,India,North Shawn,Male,35-44
47959,2025-07-20T12:52:29.689Z,Organic,India,Monicaville,Other,25-34
47967,2026-01-30T12:52:29.689Z,Email,India,Thompsonhaven,Male,18-24
47977,2025-04-07T12:52:29.689Z,Referral,India,East Jared,Male,25-34
47981,2025-05-03T12:52:29.689Z,Paid Ads,India,Bakerberg,Male,45+
47983,2025-12-16T12:52:29.689Z,Influencer,India,Lake Daniellehaven,Female,18-24
47984,2025-05-30T12:52:29.689Z,Organic,India,Lake Karen,Other,35-44
47991,2025-09-09T12:52:29.689Z,Referral,India,West Alicia,Female,45+
47997,2026-01-23T12:52:29.689Z,Influencer,India,Tylerfort,Male,45+
48011,2025-06-29T12:52:29.689Z,Influencer,India,Lake John,Other,18-24
48025,2026-02-26T12:52:29.689Z,Email,India,Smithside,Male,25-34
48037,2025-09-08T12:52:29.689Z,Referral,India,South Robert,Other,18-24
48043,2025-06-15T12:52:29.689Z,Email,India,Lisahaven,Other,25-34
48050,2025-12-29T12:52:29.689Z,Referral,India,Baldwinberg,Male,25-34
48054,2025-03-16T12:52:29.689Z,Email,India,Christineport,Female,35-44
48058,2025-12-02T12:52:29.689Z,Referral,India,East Dennisshire,Male,25-34
48064,2025-07-14T12:52:29.689Z,Paid Ads,India,North Jerryshire,Other,45+
48089,2025-12-02T12:52:29.689Z,Paid Ads,India,North Victoria,Male,18-24
48110,2025-04-29T12:52:29.689Z,Paid Ads,India,Lake Alexisstad,Female,25-34
48118,2025-10-31T12:52:29.689Z,Organic,India,East Jennifer,Female,25-34
48119,2025-05-07T12:52:29.689Z,Email,India,Lake Amanda,Other,25-34
48125,2025-06-09T12:52:29.689Z,Email,India,Lake Jenniferfurt,Male,25-34
48128,2025-12-18T12:52:29.689Z,Paid Ads,India,Garrettburgh,Female,45+
48143,2025-10-04T12:52:29.689Z,Paid Ads,India,Petersonborough,Female,45+
48144,2025-10-17T12:52:29.689Z,Organic,India,South Wandaburgh,Female,18-24
48149,2025-08-29T12:52:29.689Z,Email,India,West Kenneth,Male,45+
48161,2025-04-20T12:52:29.689Z,Referral,India,Danielleberg,Other,25-34
48167,2026-01-26T12:52:29.689Z,Referral,India,Lake Jillland,Other,45+
48170,2025-10-25T12:52:29.689Z,Referral,India,Lynnville,Male,25-34
48175,2025-03-13T12:52:29.689Z,Organic,India,Amyport,Male,25-34
48178,2025-07-20T12:52:29.689Z,Organic,India,Vazquezview,Female,45+
48180,2025-10-20T12:52:29.689Z,Paid Ads,India,Arianatown,Female,25-34
48186,2025-11-03T12:52:29.689Z,Email,India,South Brianport,Female,35-44
48188,2026-02-03T12:52:29.689Z,Referral,India,Lake Lisa,Male,25-34
48202,2026-01-10T12:52:29.689Z,Email,India,East Sarahstad,Female,35-44
48220,2026-02-25T12:52:29.689Z,Paid Ads,India,Lake Tylerton,Female,25-34
48223,2025-07-27T12:52:29.689Z,Email,India,Saraside,Male,35-44
48225,2025-12-19T12:52:29.689Z,Referral,India,West Ariana,Female,45+
48243,2025-03-28T12:52:29.689Z,Referral,India,North Peggy,Other,45+
48269,2025-07-31T12:52:29.689Z,Paid Ads,India,Williamsmouth,Female,25-34
48273,2025-08-16T12:52:29.689Z,Email,India,Marymouth,Male,45+
48282,2025-09-24T12:52:29.689Z,Influencer,India,Amyview,Male,18-24
48291,2026-01-16T12:52:29.689Z,Referral,India,Port Frankside,Other,18-24
48294,2025-09-01T12:52:29.689Z,Influencer,India,East Anthony,Male,35-44
48307,2025-06-08T12:52:29.689Z,Organic,India,Lake Nancyburgh,Male,45+
48308,2025-03-02T12:52:29.689Z,Email,India,New Elizabeth,Male,18-24
48313,2025-06-22T12:52:29.689Z,Organic,India,Joybury,Female,18-24
48321,2025-03-18T12:52:29.689Z,Email,India,Harrisborough,Male,18-24
48326,2025-12-27T12:52:29.689Z,Paid Ads,India,Port Erica,Other,25-34
48328,2025-12-28T12:52:29.689Z,Paid Ads,India,Nixonland,Male,18-24
48340,2025-04-06T12:52:29.689Z,Paid Ads,India,East Sethfurt,Female,45+
48343,2025-04-22T12:52:29.689Z,Email,India,Karenport,Male,25-34
48346,2025-07-26T12:52:29.689Z,Paid Ads,India,Michaelfort,Female,45+
48355,2025-07-18T12:52:29.689Z,Influencer,India,Huertatown,Female,25-34
48356,2025-11-03T12:52:29.689Z,Email,India,Jonesborough,Other,18-24
48359,2026-01-16T12:52:29.689Z,Referral,India,North Virginia,Female,18-24
48363,2025-11-11T12:52:29.689Z,Referral,India,West Sarahton,Male,18-24
48364,2025-07-19T12:52:29.689Z,Email,India,Yuborough,Female,25-34
48366,2025-07-18T12:52:29.689Z,Organic,India,Angelashire,Female,18-24
48368,2025-03-07T12:52:29.689Z,Paid Ads,India,Amyborough,Female,45+
48369,2026-01-14T12:52:29.689Z,Paid Ads,India,Davisfort,Male,25-34
48377,2025-11-24T12:52:29.689Z,Email,India,Bobbytown,Male,35-44
48383,2025-04-02T12:52:29.689Z,Organic,India,Bryantland,Other,25-34
48384,2025-09-05T12:52:29.689Z,Email,India,Codyberg,Other,35-44
48385,2026-01-20T12:52:29.689Z,Referral,India,Garciaport,Other,35-44
48386,2025-05-27T12:52:29.689Z,Organic,India,South Loganhaven,Female,45+
48389,2025-06-10T12:52:29.689Z,Organic,India,Michelleland,Male,25-34
48396,2025-04-24T12:52:29.689Z,Referral,India,Michaelside,Male,18-24
48401,2025-03-23T12:52:29.689Z,Influencer,India,Port Susan,Other,25-34
48403,2025-10-06T12:52:29.689Z,Influencer,India,Petersshire,Male,45+
48408,2025-12-21T12:52:29.689Z,Organic,India,East Cheyennehaven,Other,45+
48412,2025-03-27T12:52:29.689Z,Paid Ads,India,Ryanside,Female,45+
48418,2025-08-20T12:52:29.689Z,Organic,India,East Rachel,Male,25-34
48428,2025-12-07T12:52:29.689Z,Referral,India,South Julie,Male,18-24
48431,2025-12-27T12:52:29.689Z,Paid Ads,India,Lake Thomasfort,Female,25-34
48436,2025-11-16T12:52:29.689Z,Email,India,Dudleyport,Male,35-44
48445,2025-11-27T12:52:29.689Z,Email,India,Yateston,Female,18-24
48449,2025-07-27T12:52:29.689Z,Organic,India,Hannahmouth,Female,35-44
48452,2025-03-01T12:52:29.689Z,Email,India,Kristyville,Female,25-34
48460,2026-02-09T12:52:29.689Z,Referral,India,South William,Other,45+
48461,2025-10-10T12:52:29.689Z,Paid Ads,India,Katrinafurt,Male,45+
48462,2025-10-12T12:52:29.689Z,Paid Ads,India,Markfort,Other,45+
48464,2025-11-20T12:52:29.689Z,Organic,India,East Donald,Other,35-44
48468,2025-06-10T12:52:29.689Z,Email,India,Dawnville,Male,45+
48469,2025-05-06T12:52:29.689Z,Referral,India,West Nathanton,Female,25-34
48472,2025-08-21T12:52:29.689Z,Paid Ads,India,Jamesshire,Male,35-44
48480,2026-01-12T12:52:29.689Z,Influencer,India,Port Loganland,Male,25-34
48484,2025-04-23T12:52:29.689Z,Email,India,New Anita,Other,45+
48497,2025-12-21T12:52:29.689Z,Referral,India,Timothyfurt,Other,25-34
48503,2025-12-20T12:52:29.689Z,Paid Ads,India,East Jonathan,Male,35-44
48504,2025-10-02T12:52:29.689Z,Organic,India,Brendaland,Female,45+
48511,2025-10-09T12:52:29.689Z,Referral,India,Thomasbury,Female,18-24
48516,2025-07-04T12:52:29.689Z,Email,India,Sarahfort,Other,25-34
48527,2025-04-18T12:52:29.689Z,Referral,India,Scotthaven,Female,18-24
48531,2025-09-13T12:52:29.689Z,Organic,India,Port Ashley,Male,25-34
48535,2025-08-10T12:52:29.689Z,Email,India,East Bruceburgh,Other,45+
48541,2025-04-06T12:52:29.689Z,Organic,India,West Kevinland,Other,18-24
48548,2025-10-12T12:52:29.689Z,Organic,India,East Mark,Male,18-24
48549,2026-02-14T12:52:29.689Z,Email,India,Evansside,Other,35-44
48558,2025-10-20T12:52:29.689Z,Email,India,Port Lindaburgh,Other,18-24
48567,2025-05-03T12:52:29.689Z,Email,India,South Susanborough,Female,45+
48568,2025-10-05T12:52:29.689Z,Email,India,South Nicole,Other,45+
48576,2025-12-16T12:52:29.689Z,Email,India,Port Ericmouth,Male,35-44
48580,2025-09-23T12:52:29.689Z,Email,India,North Adam,Female,18-24
48607,2025-10-22T12:52:29.689Z,Referral,India,North Timothymouth,Male,45+
48612,2025-03-29T12:52:29.689Z,Referral,India,Williamsside,Male,25-34
48618,2026-01-10T12:52:29.689Z,Referral,India,East Christopherchester,Male,18-24
48620,2025-09-02T12:52:29.689Z,Paid Ads,India,Charlesville,Other,18-24
48626,2025-10-26T12:52:29.689Z,Email,India,Judithchester,Female,35-44
48629,2025-12-25T12:52:29.689Z,Paid Ads,India,Ashleyport,Male,18-24
48642,2025-03-10T12:52:29.689Z,Organic,India,Patrickfort,Female,35-44
48647,2025-06-15T12:52:29.689Z,Organic,India,South Tyler,Other,35-44
48650,2025-09-22T12:52:29.689Z,Organic,India,Stephanieville,Other,18-24
48656,2025-07-27T12:52:29.689Z,Email,India,North Christopher,Male,45+
48661,2025-11-27T12:52:29.689Z,Paid Ads,India,Abbottstad,Male,35-44
48667,2025-04-19T12:52:29.689Z,Email,India,East Michael,Male,18-24
48669,2025-03-06T12:52:29.689Z,Paid Ads,India,Cindychester,Female,45+
48672,2026-01-07T12:52:29.689Z,Referral,India,Cartershire,Male,18-24
48682,2025-09-06T12:52:29.689Z,Organic,India,East Mia,Other,35-44
48683,2026-01-19T12:52:29.689Z,Referral,India,East Stephanieport,Female,18-24
48684,2025-12-07T12:52:29.689Z,Organic,India,Frenchport,Other,18-24
48697,2025-12-26T12:52:29.689Z,Referral,India,Lake Melissa,Female,45+
48706,2025-04-21T12:52:29.689Z,Email,India,Jacksonfort,Other,25-34
48718,2025-04-27T12:52:29.689Z,Organic,India,New Roychester,Other,18-24
48723,2025-11-10T12:52:29.689Z,Referral,India,Alexandertown,Female,45+
48730,2025-05-07T12:52:29.689Z,Organic,India,East Hunterfort,Other,45+
48731,2025-07-30T12:52:29.689Z,Referral,India,East Baileyport,Other,45+
48736,2025-05-12T12:52:29.689Z,Email,India,North Michelle,Other,25-34
48745,2025-05-28T12:52:29.689Z,Email,India,Johnnyland,Other,18-24
48751,2025-12-06T12:52:29.689Z,Referral,India,Jonesmouth,Other,45+
48753,2025-09-13T12:52:29.689Z,Referral,India,Port Michaelburgh,Female,45+
48754,2025-04-03T12:52:29.689Z,Paid Ads,India,Paynemouth,Female,45+
48759,2025-12-18T12:52:29.689Z,Influencer,India,Jenniferfurt,Female,35-44
48760,2025-11-20T12:52:29.689Z,Influencer,India,Jacksonland,Other,25-34
48761,2025-12-07T12:52:29.689Z,Email,India,South Barbaraton,Other,45+
48764,2025-10-21T12:52:29.689Z,Email,India,North Jill,Male,18-24
48765,2025-03-05T12:52:29.689Z,Email,India,Webbside,Female,18-24
48775,2026-02-07T12:52:29.689Z,Email,India,Lake Adam,Male,18-24
48778,2025-08-09T12:52:29.689Z,Paid Ads,India,East Monica,Female,35-44
48791,2025-07-23T12:52:29.689Z,Influencer,India,East Nicole,Male,35-44
48792,2025-09-22T12:52:29.689Z,Email,India,Port Kristenland,Other,45+
48795,2026-02-05T12:52:29.689Z,Influencer,India,East Matthew,Other,25-34
48797,2025-12-06T12:52:29.689Z,Influencer,India,Brownfort,Male,25-34
48799,2025-08-25T12:52:29.689Z,Email,India,West George,Male,35-44
48816,2025-06-15T12:52:29.689Z,Email,India,West Steve,Other,45+
48822,2025-05-08T12:52:29.689Z,Referral,India,Hamiltonton,Female,35-44
48828,2026-01-07T12:52:29.689Z,Influencer,India,East Johnmouth,Female,35-44
48835,2025-05-13T12:52:29.689Z,Referral,India,East Jaredstad,Male,45+
48841,2025-04-10T12:52:29.689Z,Paid Ads,India,Mooreberg,Other,18-24
48853,2025-12-16T12:52:29.689Z,Influencer,India,New Elizabeth,Female,18-24
48858,2026-02-16T12:52:29.689Z,Email,India,Martinezchester,Male,18-24
48859,2025-04-29T12:52:29.689Z,Referral,India,Meganborough,Other,45+
48862,2025-05-16T12:52:29.689Z,Referral,India,North Amber,Female,18-24
48878,2025-07-14T12:52:29.689Z,Influencer,India,South Juliemouth,Other,18-24
48887,2025-12-23T12:52:29.689Z,Influencer,India,East Melissa,Male,35-44
48907,2025-09-02T12:52:29.689Z,Referral,India,Judyborough,Other,35-44
48949,2025-05-04T12:52:29.689Z,Email,India,Lake Rachel,Female,18-24
48950,2025-07-15T12:52:29.689Z,Email,India,Rebeccamouth,Female,35-44
48956,2025-03-25T12:52:29.689Z,Referral,India,South Thomaschester,Male,45+
48969,2025-07-14T12:52:29.689Z,Referral,India,Lake Shawnbury,Male,25-34
48974,2025-03-23T12:52:29.689Z,Referral,India,West Mistyberg,Male,35-44
48981,2025-04-04T12:52:29.689Z,Paid Ads,India,Lake Johnny,Other,25-34
48985,2026-02-01T12:52:29.689Z,Referral,India,Wareburgh,Male,35-44
48986,2026-02-18T12:52:29.689Z,Email,India,Phillipfort,Other,25-34
48989,2025-09-03T12:52:29.689Z,Paid Ads,India,Nancymouth,Female,45+
48995,2025-10-29T12:52:29.689Z,Paid Ads,India,North Stephen,Male,45+
49008,2025-11-03T12:52:29.689Z,Paid Ads,India,South Donna,Other,25-34
49014,2026-01-27T12:52:29.689Z,Organic,India,East Elizabeth,Other,25-34
49017,2025-12-01T12:52:29.689Z,Referral,India,Brandonfurt,Female,45+
49028,2025-12-08T12:52:29.689Z,Referral,India,Josephhaven,Male,25-34
49030,2025-09-22T12:52:29.689Z,Referral,India,Snyderton,Other,25-34
49037,2025-07-30T12:52:29.689Z,Referral,India,North Michele,Male,35-44
49038,2025-10-10T12:52:29.689Z,Email,India,West Travisside,Other,35-44
49041,2025-09-30T12:52:29.689Z,Email,India,West Brianfurt,Female,18-24
49050,2025-11-14T12:52:29.689Z,Email,India,Reyesfort,Female,45+
49067,2025-11-01T12:52:29.689Z,Paid Ads,India,South Caitlinborough,Other,25-34
49072,2025-10-22T12:52:29.689Z,Influencer,India,Barbaraview,Female,35-44
49090,2026-02-06T12:52:29.689Z,Influencer,India,Smithside,Female,35-44
49093,2026-01-16T12:52:29.689Z,Organic,India,Reyeston,Female,45+
49096,2025-11-21T12:52:29.689Z,Email,India,South Jasonton,Male,18-24
49106,2025-10-21T12:52:29.689Z,Paid Ads,India,North Jillmouth,Female,45+
49126,2025-06-20T12:52:29.689Z,Paid Ads,India,North Morgan,Male,45+
49127,2025-07-04T12:52:29.689Z,Paid Ads,India,South Kristen,Male,25-34
49147,2026-01-04T12:52:29.689Z,Organic,India,Alyssashire,Female,25-34
49165,2025-11-17T12:52:29.689Z,Influencer,India,Hoffmanburgh,Male,18-24
49177,2025-10-02T12:52:29.689Z,Influencer,India,North Natalie,Female,35-44
49191,2026-02-25T12:52:29.689Z,Referral,India,Changmouth,Male,18-24
49193,2025-09-11T12:52:29.689Z,Influencer,India,New Austin,Other,18-24
49200,2025-11-30T12:52:29.689Z,Email,India,New Andres,Male,18-24
49201,2025-05-05T12:52:29.689Z,Email,India,Ashleyburgh,Other,25-34
49229,2025-09-12T12:52:29.689Z,Email,India,Matthewport,Female,35-44
49253,2025-04-29T12:52:29.689Z,Paid Ads,India,West Christopher,Other,35-44
49256,2025-10-21T12:52:29.689Z,Email,India,East Yolanda,Other,45+
49259,2025-07-11T12:52:29.689Z,Paid Ads,India,Arthurmouth,Male,35-44
49267,2026-02-11T12:52:29.689Z,Referral,India,Barretthaven,Male,18-24
49279,2025-05-30T12:52:29.689Z,Referral,India,Alvareztown,Female,35-44
49289,2025-04-16T12:52:29.689Z,Referral,India,West Victoria,Other,25-34
49292,2025-12-19T12:52:29.689Z,Email,India,Port Zacharyside,Male,25-34
49302,2026-01-06T12:52:29.689Z,Organic,India,Christophershire,Female,25-34
49307,2026-02-23T12:52:29.689Z,Referral,India,North Jim,Male,25-34
49308,2026-02-01T12:52:29.689Z,Influencer,India,Mayshire,Female,25-34
49314,2025-12-04T12:52:29.689Z,Email,India,Smithfurt,Other,45+
49322,2025-04-20T12:52:29.689Z,Email,India,West Alexandra,Female,25-34
49328,2025-07-06T12:52:29.689Z,Paid Ads,India,West Kyle,Other,35-44
49332,2026-01-19T12:52:29.689Z,Email,India,South Allenside,Female,18-24
49338,2025-08-31T12:52:29.689Z,Referral,India,East Kimberlymouth,Other,35-44
49356,2025-05-12T12:52:29.689Z,Referral,India,North Cynthialand,Male,45+
49359,2025-04-05T12:52:29.689Z,Organic,India,Oliviaburgh,Other,25-34
49362,2025-10-06T12:52:29.689Z,Email,India,East Rachel,Male,35-44
49372,2026-01-29T12:52:29.689Z,Organic,India,Mcclurechester,Female,25-34
49373,2025-09-11T12:52:29.689Z,Email,India,Smithfurt,Male,35-44
49377,2025-03-19T12:52:29.689Z,Paid Ads,India,Murrayberg,Male,45+
49383,2026-01-27T12:52:29.689Z,Influencer,India,Chelseashire,Other,18-24
49392,2025-11-25T12:52:29.689Z,Influencer,India,Burkechester,Male,35-44
49403,2025-09-25T12:52:29.689Z,Organic,India,Lake Jennifer,Male,45+
49412,2025-03-25T12:52:29.689Z,Influencer,India,West Donna,Female,35-44
49417,2025-07-06T12:52:29.689Z,Paid Ads,India,Coxville,Other,18-24
49422,2026-02-15T12:52:29.689Z,Paid Ads,India,Espinozatown,Other,25-34
49429,2025-05-15T12:52:29.689Z,Influencer,India,Castilloville,Male,35-44
49439,2026-01-20T12:52:29.689Z,Email,India,Eugenestad,Other,18-24
49445,2025-05-18T12:52:29.689Z,Paid Ads,India,Rodriguezborough,Male,25-34
49449,2025-04-02T12:52:29.689Z,Email,India,North Arthur,Other,18-24
49457,2026-02-25T12:52:29.689Z,Paid Ads,India,Marcusville,Male,45+
49458,2025-08-18T12:52:29.689Z,Email,India,Coopershire,Female,35-44
49462,2025-07-31T12:52:29.689Z,Organic,India,Shelbybury,Female,45+
49467,2025-10-29T12:52:29.689Z,Referral,India,Martinbury,Female,18-24
49468,2025-08-12T12:52:29.689Z,Email,India,Johnsonstad,Male,18-24
49482,2025-08-29T12:52:29.689Z,Influencer,India,Williamland,Female,45+
49483,2026-02-11T12:52:29.689Z,Paid Ads,India,Jennifertown,Other,35-44
49485,2025-06-05T12:52:29.689Z,Paid Ads,India,Lake Christine,Other,25-34
49491,2025-03-23T12:52:29.689Z,Influencer,India,Perryfort,Male,25-34
49499,2025-09-23T12:52:29.689Z,Paid Ads,India,South John,Male,35-44
49500,2025-12-11T12:52:29.689Z,Email,India,Townsendfort,Male,45+
49504,2025-07-23T12:52:29.689Z,Email,India,Kristintown,Male,45+
49505,2025-11-15T12:52:29.689Z,Email,India,North Jennifertown,Male,35-44
49511,2025-12-17T12:52:29.689Z,Influencer,India,Lake Darrell,Female,25-34
49516,2025-08-31T12:52:29.689Z,Referral,India,Catherinefort,Other,35-44
49519,2025-04-19T12:52:29.689Z,Influencer,India,Rodriguezberg,Female,18-24
49523,2025-09-06T12:52:29.689Z,Referral,India,West Alyssa,Other,18-24
49526,2025-09-18T12:52:29.689Z,Influencer,India,Lake Lauren,Other,35-44
49548,2025-08-04T12:52:29.689Z,Email,India,North Brian,Other,18-24
49556,2025-04-11T12:52:29.689Z,Paid Ads,India,New Donald,Male,45+
49568,2025-08-30T12:52:29.689Z,Referral,India,Lake Kelly,Male,45+
49579,2025-05-08T12:52:29.689Z,Influencer,India,Lake Michaelport,Other,45+
49591,2025-07-14T12:52:29.689Z,Email,India,Jamesborough,Other,35-44
49604,2025-08-04T12:52:29.689Z,Email,India,New John,Male,18-24
49605,2025-05-17T12:52:29.689Z,Organic,India,North Jacobshire,Male,18-24
49607,2025-12-08T12:52:29.689Z,Organic,India,East Margaretton,Other,45+
49617,2025-08-08T12:52:29.689Z,Influencer,India,Jackside,Female,45+
49625,2025-11-05T12:52:29.689Z,Organic,India,Longfurt,Female,45+
49627,2025-03-21T12:52:29.689Z,Organic,India,Josephhaven,Male,18-24
49630,2025-07-10T12:52:29.689Z,Referral,India,New Stacy,Other,35-44
49631,2025-04-01T12:52:29.689Z,Organic,India,Jenniferside,Female,18-24
49633,2025-08-26T12:52:29.689Z,Influencer,India,Justinshire,Other,45+
49634,2025-06-06T12:52:29.689Z,Paid Ads,India,Dennischester,Female,35-44
49637,2025-08-28T12:52:29.689Z,Referral,India,West Christophertown,Other,18-24
49640,2025-08-07T12:52:29.689Z,Organic,India,West Kimberly,Female,25-34
49641,2025-04-28T12:52:29.689Z,Referral,India,Smithberg,Other,25-34
49650,2025-12-20T12:52:29.689Z,Paid Ads,India,East Samuelshire,Female,45+
49652,2026-02-27T12:52:29.689Z,Referral,India,Goodwinchester,Female,18-24
49661,2025-08-10T12:52:29.689Z,Referral,India,Lake Scotttown,Other,25-34
49667,2025-05-14T12:52:29.689Z,Paid Ads,India,Woodardland,Female,35-44
49690,2025-05-12T12:52:29.689Z,Referral,India,Leachshire,Female,25-34
49698,2025-11-17T12:52:29.689Z,Paid Ads,India,Meadowsmouth,Female,45+
49704,2025-06-27T12:52:29.689Z,Influencer,India,South Coltonchester,Female,35-44
49706,2025-05-12T12:52:29.689Z,Email,India,South Randyview,Male,35-44
49712,2025-06-29T12:52:29.689Z,Referral,India,New Gina,Female,18-24
49722,2025-04-12T12:52:29.689Z,Referral,India,East Gregory,Male,35-44
49723,2025-10-27T12:52:29.689Z,Email,India,Aaronchester,Female,25-34
49730,2026-01-19T12:52:29.689Z,Referral,India,Jeffreytown,Female,18-24
49735,2025-06-11T12:52:29.689Z,Organic,India,Port Kathrynberg,Other,18-24
49738,2025-07-28T12:52:29.689Z,Paid Ads,India,Port Johnchester,Female,45+
49740,2025-04-10T12:52:29.689Z,Paid Ads,India,Lanceshire,Female,18-24
49743,2026-01-06T12:52:29.689Z,Email,India,Haydenshire,Male,35-44
49752,2025-06-04T12:52:29.689Z,Paid Ads,India,Hicksshire,Female,35-44
49763,2026-02-03T12:52:29.689Z,Referral,India,Haneyshire,Other,25-34
49764,2025-08-02T12:52:29.689Z,Organic,India,North Kayla,Female,45+
49769,2026-02-14T12:52:29.689Z,Paid Ads,India,Theresahaven,Female,45+
49776,2026-01-19T12:52:29.689Z,Influencer,India,Michaelland,Other,35-44
49777,2025-09-19T12:52:29.689Z,Paid Ads,India,Lake Thomas,Male,18-24
49779,2025-09-18T12:52:29.689Z,Referral,India,Morrisonview,Male,18-24
49790,2025-10-21T12:52:29.689Z,Referral,India,Pooleburgh,Female,25-34
49793,2025-10-02T12:52:29.689Z,Influencer,India,Jonesside,Female,35-44
49805,2025-08-12T12:52:29.689Z,Email,India,Williamsport,Female,25-34
49814,2025-10-22T12:52:29.689Z,Email,India,New Sarah,Other,35-44
49819,2025-08-26T12:52:29.689Z,Referral,India,New Emily,Other,18-24
49843,2025-07-30T12:52:29.689Z,Paid Ads,India,Port Brendan,Other,35-44
49845,2025-12-31T12:52:29.689Z,Referral,India,Port Sethside,Female,45+
49864,2026-01-17T12:52:29.689Z,Influencer,India,Jacksonhaven,Female,45+
49866,2025-11-01T12:52:29.689Z,Referral,India,New Patriciafort,Other,25-34
49881,2025-09-24T12:52:29.689Z,Email,India,Jordanfurt,Male,45+
49890,2025-05-01T12:52:29.689Z,Organic,India,Jonathanmouth,Female,35-44
49891,2025-05-24T12:52:29.689Z,Influencer,India,New Spencer,Other,25-34
49892,2025-10-24T12:52:29.689Z,Influencer,India,Macdonaldland,Other,35-44
49902,2025-11-16T12:52:29.689Z,Paid Ads,India,Karabury,Other,45+
49905,2025-11-10T12:52:29.689Z,Paid Ads,India,North Brianburgh,Other,18-24
49909,2025-07-30T12:52:29.689Z,Email,India,Bonniechester,Other,18-24
49910,2026-01-26T12:52:29.689Z,Email,India,Michaelmouth,Other,18-24
49916,2025-10-05T12:52:29.689Z,Paid Ads,India,Johnsonville,Female,25-34
49918,2025-12-15T12:52:29.689Z,Email,India,East Bryantown,Female,35-44
49931,2026-01-27T12:52:29.689Z,Email,India,South Dawn,Other,45+
49937,2025-12-17T12:52:29.689Z,Organic,India,New Alicia,Male,45+
49951,2025-04-25T12:52:29.689Z,Email,India,New Michele,Male,45+
49956,2025-07-11T12:52:29.689Z,Email,India,Aliceport,Other,45+
49959,2025-03-28T12:52:29.689Z,Influencer,India,Tiffanyton,Other,25-34
49962,2026-02-14T12:52:29.689Z,Email,India,West Kellyton,Female,45+
49968,2025-11-14T12:52:29.689Z,Organic,India,Alexisborough,Male,45+
49976,2025-12-29T12:52:29.689Z,Paid Ads,India,Kimberlyview,Other,35-44
49982,2025-04-05T12:52:29.689Z,Email,India,Audreychester,Other,45+
49983,2025-05-14T12:52:29.689Z,Paid Ads,India,South Luisfurt,Male,18-24
49985,2025-04-27T12:52:29.689Z,Email,India,Schaeferview,Male,35-44
49995,2025-03-25T12:52:29.689Z,Paid Ads,India,Phillipsstad,Other,35-44
49997,2025-05-31T12:52:29.689Z,Paid Ads,India,Melissaland,Male,18-24
